NAME:,walk_4_1.csv,,
EXPERIMENT TIME:,25-05-22 18:12,,
ACTIVITY TYPE:,Walking,,
COUNT OF ACTUAL STEPS:,90,,
,,,
Time [sec],ACC X,ACC Y,ACC Z
0.001,-1.41,-1.49,10.2
0.036,-1.77,-1.41,10.24
0.057,-1.8,-1.77,10.2
0.081,-1.73,-1.8,10.16
0.114,-1.92,-1.77,10.08
0.146,-1.92,-1.57,10
0.179,-2.08,-1.45,10
0.211,-1.77,-1.65,10.43
0.243,-1.73,-1.18,10.12
0.276,-1.61,-0.78,10.12
0.311,-1.18,-1.06,10.36
0.378,-0.9,-1.02,10.43
0.391,-1.22,-0.55,9.89
0.517,-1.61,-0.31,9.81
0.527,-1.73,-1.1,10.32
0.546,-2.08,-1.37,10.08
0.549,-2.08,-1.02,10.04
0.575,-2.31,-0.78,10.12
0.608,-2.16,0.16,10.43
0.641,-1.65,-0.04,10.08
0.676,-1.37,0.12,10.24
0.709,-1.22,-0.31,10.32
0.74,-0.78,0.27,9.65
0.774,-1.57,0.47,10.36
0.807,-1.1,-0.12,8.9
0.84,-2.2,0.47,9.49
0.865,-1.49,0.63,9.34
0.882,-1.73,0.04,9.53
0.914,-1.96,0.16,9.81
0.946,-2.86,1.18,10.36
0.979,-1.8,-0.51,10.24
1.012,-1.88,1.06,11.85
1.048,-3.22,3.49,12.47
1.08,-3.61,3.49,13.81
1.114,-4.08,2.31,12.75
1.145,-5.61,-1.1,12.4
1.178,-4.47,-2.86,9.34
1.21,-3.26,-2.98,11.02
1.247,-2.24,-1.73,11.06
1.279,-3.57,-2.04,9.38
1.311,-2.51,-1.65,7.96
1.344,-2.79,-2.43,8.04
1.377,-2.67,-2.39,8.9
1.41,-2.59,-2.67,8.55
1.445,-1.41,-2.9,9.1
1.477,-1.22,-3.06,9.69
1.511,-0.78,-2.28,9.22
1.542,-0.12,-1.8,8.87
1.575,0.55,-1.8,8.24
1.608,0.71,-1.26,8.36
1.628,1.65,-1.88,8.59
1.657,1.84,-2.43,9.81
1.691,1.69,-1.14,10.55
1.724,-0.63,-2.9,10.87
1.763,3.8,-3.3,13.14
1.798,4.71,-1.18,11.1
1.83,0.43,-2.79,11.89
1.864,-5.77,-7.3,16.48
1.895,-5.1,-3.96,15.81
1.928,-3.57,2.55,6.98
1.961,-2.79,0.67,6.75
1.976,-2.82,-5.33,14.87
2.001,-0.55,-3.8,9.1
2.034,-1.14,0.2,7.92
2.066,-1.88,0.9,7.49
2.101,-2.35,-0.71,7.06
2.131,-3.22,-0.9,8.55
2.167,-2.67,-2.28,7.26
2.241,-2.2,-0.39,7.18
2.261,-3.06,0.55,9.22
2.308,-3.73,0.71,9.49
2.325,-1.84,-0.2,9.69
2.375,-1.14,-0.12,11.1
2.391,-2.35,0.67,11.1
2.428,-2.86,2.35,11.06
2.444,-1.61,-0.04,13.53
2.46,-7.34,-1.14,12.51
2.494,-7.18,3.06,9.69
2.526,-9.73,-1.29,14.4
2.561,-3.8,-8.83,13.53
2.594,-3.69,-4.98,13.3
2.626,-2.59,-0.55,13.1
2.659,-5.06,0.9,10.55
2.693,-2.51,-0.94,7.77
2.708,-1.73,-2.16,7.65
2.762,-0.59,-2.31,5.69
2.793,-0.63,-1.65,6.59
2.805,0.67,-2.12,6
2.857,0.47,-1.37,5.41
2.873,0.24,-0.98,7.61
2.901,2.16,-1.92,10.08
2.937,4.24,-2.51,11.45
2.969,0.04,-0.78,13.14
3.014,5.22,-2.55,12.43
3.045,6.59,-0.16,13.22
3.059,3.65,-1.45,7.3
3.104,-3.57,-5.02,9.69
3.121,-10.47,-9.61,17.34
3.154,-0.67,-2.04,20.01
3.186,-1.22,2.43,2.94
3.219,-0.39,-2.28,11.57
3.252,-4.16,-5.26,14.67
3.287,-3.1,-2.63,7.37
3.321,-1.92,1.26,4.43
3.353,-3.37,0.71,7.69
3.385,-1.8,-0.08,7.02
3.865,-1.37,-1.69,9.22
3.887,-2.47,0.59,8.2
4.371,-1.61,0.47,8.16
4.384,-2.59,-0.08,8.36
4.389,-1.73,-1.49,10.9
4.401,0.51,-3.77,12.71
4.415,-5.61,4.63,11.14
4.448,-2.47,0.59,8.28
4.481,-2.51,-4.47,11.57
4.514,-2.39,-5.14,11.77
4.547,-1.14,-3.06,9.14
4.582,-2.71,1.26,6.63
4.615,-2.28,0.98,6.24
4.647,-2.71,-0.04,8.28
4.679,-1.73,-0.86,9.41
4.712,-0.67,-0.31,7.45
4.745,-1.61,0.98,8
4.779,-3.53,0.55,8.67
4.812,-1.41,-0.78,11.89
4.844,-2.04,-0.67,11.06
4.888,-3.37,1.33,10.43
4.92,-3.06,-0.35,12.4
4.922,-4.12,-3.61,15.02
4.959,-7.22,2.9,11.81
4.992,-4.82,-0.75,9.18
5.022,-4.28,-7.37,10.32
5.055,-1.45,-2.47,15.46
5.088,-5.3,0.35,14.32
5.119,-2.67,-0.24,9.06
5.156,-2.82,-1.53,6.98
5.188,-0.55,-3.53,6.24
5.22,-1.37,-2.51,6.86
5.253,0.27,-2.55,7.22
5.285,0.86,-2,6.79
5.318,0.31,-1.29,6.04
5.354,0.82,-1.14,7.14
5.387,2.86,-1.29,9.34
5.42,3.26,-2.31,11.3
5.451,-2.08,-2.47,13.45
5.484,6.43,-3.77,13.65
5.517,6,-0.35,12.24
5.532,-4.12,-5.88,13.96
5.565,-2.16,-9.96,15.81
5.597,-0.86,1.26,10
5.63,-2.59,2.16,10.51
5.662,-2.24,-2.51,10.63
5.695,-2.43,-4.67,12.63
5.718,2,-3.14,10.83
5.751,0.47,-2.43,5.96
5.784,-0.63,0.12,8.51
5.816,-1.33,0.04,8.08
5.849,-1.18,-0.55,7.77
5.881,0.43,-1.18,7.49
5.959,-2.08,0.16,7.06
5.979,-3.53,0.51,7.3
6.031,-3.26,-0.2,9.81
6.094,-2.08,-1.02,12.36
6.116,-3.88,0.47,11.02
6.13,-2.43,3.41,11.85
6.142,-3.77,-2.43,14.98
6.143,-5.3,1.84,12.08
6.169,-11.22,3.45,11.89
6.199,-3.96,-7.49,11.89
6.234,-4.24,-5.49,14
6.268,-2.94,-0.16,12.47
6.3,-3.84,0.31,9.57
6.333,-3.8,-1.73,7.22
6.364,-1.45,-2.31,6.67
6.397,-0.16,-3.65,6.32
6.432,-1.06,-2.24,6.94
6.465,0.55,-1.88,6.83
6.498,0.51,-1.77,7.73
6.531,0.16,-1.22,7.49
6.564,2.75,-1.65,8.83
6.597,3.57,-2.28,10.47
6.633,2.82,-1.1,12.12
6.665,-2.98,-1.84,11.38
6.698,7.02,-3.84,13.22
6.73,4.35,0.63,11.34
6.762,-5.65,-7.85,15.53
6.795,-5.88,-9.06,16.32
6.812,-2.2,3.45,10.55
6.837,-2.31,3.06,7.34
6.886,-2.75,-4,9.49
6.913,-2.35,-6.83,13.38
6.933,-1.96,-3.53,7.77
6.967,-5.92,-0.27,4.59
7.003,-3.06,0.16,8.43
7.035,-3.1,0.31,8.2
7.064,-0.94,-1.45,8.12
7.108,-1.14,-0.67,8.83
7.139,-1.57,0.63,8.04
7.173,-2.55,0.35,8.04
7.209,-2.67,-0.75,9.18
7.241,-2.16,-1.49,11.18
7.274,-3.53,-0.75,10
7.306,-2.98,3.69,10.75
7.339,-0.08,-2.28,12.55
7.371,-8.04,0.27,13.77
7.396,-9.1,5.61,9.61
7.413,-7.22,-3.92,13.42
7.446,-2.28,-8.83,12.71
7.478,-1.49,-2.63,14.95
7.512,-2.43,-1.02,9.77
7.545,-3.73,-1.1,9.26
7.586,-2.24,-1.84,7.49
7.618,-2.16,-2.31,8.32
7.65,-1.18,-2.39,5.65
7.683,0.67,-2.47,6.28
7.714,0.98,-2.71,6.79
7.749,0.98,-0.51,4.94
7.821,0.75,-0.12,8.36
7.842,2.9,-1.65,9.73
7.892,2.75,-1.49,11.26
7.956,-0.82,-0.9,13.89
7.996,5.02,-2.94,13.3
8.03,5.88,-0.63,15.14
8.045,-0.67,-1.22,12.36
8.066,-4,2.79,8.16
8.1,-3.02,-1.1,8.9
8.133,-3.06,-6.83,11.69
8.165,-2.28,-5.22,9.14
8.193,-2.24,-2.35,7.57
8.224,-2.04,0.08,6.83
8.26,-2.82,0.71,7.45
8.292,-1.96,0.9,8.75
8.325,-1.02,0.16,9.85
8.357,-2.04,0.24,8.75
8.373,-4.71,-0.82,8.63
8.413,-3.41,-1.33,10.04
8.46,-1.8,-0.43,11.45
8.494,-1.92,-0.16,10.2
8.526,-3.8,-0.24,10.36
8.541,-2.51,2.51,11.49
8.589,-0.12,-3.18,12.4
8.622,-4.86,0.27,12.4
8.639,-6.71,2.35,11.96
8.662,-10.32,-1.65,12.55
8.695,-2.31,-5.65,9.96
8.727,-2.82,-1.96,12.24
8.76,-1.26,-0.67,14.16
8.793,-4.51,0.16,9.89
8.829,-2.39,-1.37,6.94
8.861,-2.86,-2.9,7.61
8.894,-0.51,-2.51,5.69
8.926,-0.35,-3.02,7.57
8.958,1.65,-2.51,7.34
8.993,0.9,-2.04,6.71
9.029,1.06,-0.63,6.43
9.06,1.92,-0.27,8.39
9.094,3.3,-0.98,10.47
9.125,1.73,-1.02,12.63
9.157,-2.39,-2.39,13.77
9.19,7.34,-2.63,13.49
9.225,-0.47,-0.24,13.65
9.257,-6.75,-9.18,18.71
9.291,-2.59,-6.16,9.85
9.322,-3.61,2.04,9.96
9.355,-2.75,-0.16,12.43
9.389,-2.75,-4.86,9.69
9.85,-1.26,-5.06,9.02
9.869,-1.88,-1.65,7.49
10.348,-2.35,-0.9,8.16
10.374,-2.59,0.86,7.26
10.41,-2,1.02,7.57
10.423,4.67,-2,12.79
10.442,-1.65,-1.73,12.67
10.475,-5.06,-8.04,19.73
10.506,-4.16,-6.59,10.83
10.54,-5.57,1.8,11.81
10.576,-4,1.69,11.1
10.609,-2.16,-4.35,11.38
10.641,-2.08,-4.71,9.85
10.674,-2.04,-2.28,8.32
10.706,-1.77,-1.29,7.53
10.74,-2.24,-0.04,7.3
10.776,-1.88,0.16,7.96
10.815,-0.86,-0.08,8.12
10.826,-2.04,0.47,7.45
10.859,-3.45,-0.39,8.47
10.903,-3.18,-0.39,10.63
10.931,-1.96,-0.27,11.45
10.971,-1.69,-0.86,11.41
11.001,-2.79,-0.63,10.71
11.034,-3.06,2.35,10.2
11.064,-3.88,-2.55,14.36
11.091,-7.88,0.16,14
11.125,-7.92,0.82,10.12
11.16,-1.77,-8.16,10.32
11.19,-2.67,-3.37,14.24
11.223,-1.96,0.12,14.51
11.256,-3.53,1.02,9.22
11.285,-2.28,-1.18,7.41
11.315,-2.86,-2.9,7.37
11.33,0.24,-3.37,5.88
11.363,0.08,-2.55,7.49
11.395,0.86,-2.67,7.73
11.427,1.65,-2.2,6
11.461,1.41,-1.22,6.71
11.539,1.41,-0.63,8.98
11.567,2.24,-0.9,12.36
11.611,0.24,-1.1,12.24
11.673,5.37,-3.33,12.08
11.715,4.35,0.67,11.85
11.751,-1.33,-2.51,10.2
11.762,-2.71,3.3,6.55
11.789,-2.39,-1.96,11.41
11.824,-2.2,-7.41,12.59
11.856,-2.31,-3.18,9.02
11.889,-1.57,-0.12,7.53
11.922,-1.57,0.27,7.65
11.955,-2.16,-0.24,7.37
11.992,-2.79,0.75,8.43
12.024,-0.71,-0.67,7.26
12.057,-1.96,-0.27,8.12
12.089,-2.71,0.08,9.45
12.121,-3.02,-0.16,10.12
12.156,-1.88,-0.16,11.06
12.177,-1.26,-0.67,11.53
12.205,-2.79,-0.67,11.02
12.241,-2.79,2.59,10.12
12.274,-2.12,-1.02,11.92
12.306,-7.92,-0.67,12.47
12.339,-7.88,-0.71,12.98
12.361,-2.51,-7.96,12.32
12.402,-4.08,-3.53,14.36
12.434,-3.57,1.29,13.89
12.466,-3.73,1.02,9.77
12.5,-3.26,-1.26,7.69
12.532,-2.47,-2.47,8.12
12.565,-1.26,-3.26,6.32
12.597,0.67,-2.79,6.98
12.63,0.12,-1.69,7.41
12.663,1.37,-1.53,5.96
12.695,1.26,-1.02,6.63
12.729,2.16,-0.98,8.94
12.743,2.43,-0.51,10.59
12.769,-0.47,-1.8,12.43
12.803,6.98,-3.37,12.75
12.835,4.04,0.31,13.18
12.869,-1.73,-2.08,10.98
12.902,-5.41,-8.12,20.01
12.937,-0.43,-2.9,12.75
12.969,-3.37,3.73,9.26
13.002,-1.57,-0.16,9.65
13.034,-2.71,-6.71,12.28
13.067,-2.35,-3.8,9.53
13.099,-0.82,-0.78,6.9
13.135,-2,0.75,5.81
13.167,-2.12,0.04,7.02
13.2,-1.69,-1.02,8.9
13.232,-1.69,-0.71,8.67
13.265,-0.94,0.2,8.08
13.301,-2.67,1.53,8.36
13.378,-3.96,0.31,10.47
13.454,-1.77,-1.37,10.9
13.52,-4.31,2.31,10.2
13.584,-2.12,-0.9,12
13.609,-3.8,-1.88,13.53
13.611,-6.39,-5.88,11.85
13.613,-3.14,-2.9,14.95
13.641,-4.63,1.1,13.65
13.69,-3.96,1.14,8.12
13.726,-1.8,-2.63,8.2
13.747,-2.51,-2.47,8.83
13.78,-0.08,-2.79,5.84
13.807,0.39,-2.59,7.06
13.845,0.51,-2.12,7.14
13.878,2.24,-1.92,5.92
13.913,2.55,-1.37,6.86
13.945,2.2,-0.16,9.89
13.977,0.98,0.43,12.24
14.008,-0.67,-0.67,12.04
14.021,7.34,-4.59,11.38
14.051,2.71,0.39,13.38
14.087,-4.82,-3.53,13.93
14.119,-3.26,-9.85,16.87
14.152,-2.55,0.08,12.79
14.185,-0.9,2.2,8.75
14.218,-2.94,-1.92,9.53
14.253,-2.55,-5.22,12.67
14.286,-2.9,-2.86,8.63
14.318,-1.92,-0.71,7.1
14.351,-1.84,-0.31,5.57
14.386,-2.16,-0.39,7.3
14.42,-2.94,-1.14,9.3
14.452,-2.59,-0.27,10.04
14.485,-1.96,0.86,9.85
14.517,-1.96,1.06,8.87
14.55,-1.77,-0.04,9.45
14.586,-1.49,-1.06,10.16
14.604,-2.28,-0.67,11.02
14.65,-3.06,-1.45,11.69
14.672,-3.22,1.96,11.02
14.714,-2.12,-1.1,11.77
14.738,-7.02,0.24,11.57
14.76,-9.92,2.39,12.08
14.794,-1.77,-8.16,11.57
14.829,-5.69,-2.28,12.75
14.862,-2.35,0.04,14.04
14.886,-3.96,0.71,10.71
14.912,-1.92,-2.16,7.69
14.948,-2.55,-2.71,7.92
14.981,-1.41,-2.43,6.86
15.02,0.04,-2,7.06
15.068,0.2,-2.08,7.22
15.095,0.59,-1.96,6.83
15.126,1.45,-1.18,7.81
15.151,1.84,-0.12,9.1
15.233,2,-0.59,11.53
15.253,0.78,-2.28,12
15.361,0.04,-3.61,11.45
15.387,4.82,-0.78,11.34
15.389,-2.16,-1.41,12.36
15.403,-5.92,-8.08,20.01
15.833,-1.29,-2.39,12.75
16.345,-3.06,2.75,8.24
16.834,-2.16,1.88,10.32
16.871,-0.71,0.82,11.77
17.353,-5.49,0.35,12.94
17.831,-0.86,-0.39,8.28
17.875,-1.49,-0.39,6.83
18.343,-2.39,0.39,6.98
18.84,-2.24,-0.31,16.87
18.842,-2.08,-1.22,8.83
18.845,-1.84,0.24,7.22
18.85,-2,1.69,6.83
18.877,0.39,0.49,12.47
18.893,1.14,-3.57,8.59
18.91,-10.79,-6.98,20.01
18.982,-1.53,-2.35,16.75
19.055,-0.27,0,8.55
19.116,-1.69,-7.3,14.98
19.166,-1.06,-2.47,11.57
19.193,-0.59,0.98,6.39
19.205,-1.65,-1.26,9.65
19.237,-1.06,-0.67,8.63
19.269,-1.53,1.49,7.37
19.302,-2.31,0.55,9.3
19.336,-2.98,-0.59,10.75
19.37,-1.77,-1.45,11.14
19.401,-2.98,0.59,11.49
19.435,-2.35,1.69,12.63
19.468,-1.57,0.63,11.18
19.5,-6.67,0.12,9.92
19.524,-10.2,-1.61,14.4
19.54,-1.45,-7.22,13.73
19.573,-7.92,-3.14,17.38
19.608,-0.24,-1.77,13.1
19.637,-5.92,3.73,7.57
19.673,3.02,-4.12,6.35
19.706,-2.86,-3.45,8.71
19.738,-0.98,-2.67,6.98
19.772,0.04,-2.47,6.98
19.805,0.98,-2.43,7.18
19.837,1.96,-2.47,6.59
19.871,2.2,-1.57,7.22
19.904,2.43,0.16,8.9
19.938,2.47,1.02,10.28
19.968,2.04,-1.69,10.08
20.005,2.16,-4.35,9.85
20.034,3.92,-1.53,12.08
20.052,-1.22,-1.37,12.51
20.088,-8.43,-7.53,20.01
20.121,-1.45,-5.65,10.83
20.155,-5.22,5.22,10
20.186,-2.28,2.55,13.14
20.218,-2.59,-5.77,11.02
20.256,-2.24,-4.43,10.08
20.287,-2.31,-1.65,7.49
20.319,-1.45,-0.47,6.35
20.34,-1.29,0.24,7.34
20.373,-1.29,0.04,8.71
20.404,-0.43,-0.2,8.83
20.438,-2.35,0.78,8.2
20.477,-0.31,0.86,7.06
20.506,-2.35,1.53,10.16
20.538,-1.88,-0.71,10.2
20.571,-0.2,-1.73,9.38
20.603,-4.12,1.37,11.81
20.638,-1.26,1.18,11.22
20.671,-2.79,-0.12,10.98
20.704,-6.59,-0.16,12.12
20.737,-5.37,-6.94,14.44
20.769,-4.94,-5.26,13.93
20.84,-2.28,-0.51,12.4
20.869,-4.75,3.61,13.02
20.911,-0.24,-2.28,10.47
20.977,-3.18,-2.55,11.41
21.013,-2.16,-2.67,8.16
21.037,0.67,-1.57,5.77
21.056,1.92,-2.04,4.98
21.084,2.59,-0.75,7.06
21.12,1.1,1.18,10.9
21.153,-1.8,-0.43,12.98
21.184,4.51,-3.61,12.94
21.218,4.28,-1.61,13.69
21.251,-3.8,-5.41,14
21.283,-2.98,-10,17.42
21.317,-5.02,4.35,14.16
21.349,-1.14,2.75,7.02
21.366,-2.63,-4.59,10.28
21.398,-0.59,-6.71,13.57
21.434,-1.53,-2.9,10.08
21.463,-2.31,1.57,6.75
21.498,-1.53,0.51,7.37
21.534,-1.8,-0.86,6.98
21.575,-1.22,-1.33,7.77
21.608,-1.49,-0.16,7.81
21.641,-1.41,0.55,7.88
21.673,-2.08,0.35,8.94
21.7,-2.28,-0.27,10.28
21.74,-0.78,-1.18,10.55
21.766,-2.75,-1.26,11.14
21.805,-2.59,1.69,11.14
21.832,-3.37,-0.2,12.12
21.867,-7.26,0.86,12.55
21.898,-9.57,-1.14,13.69
21.915,-2.55,-6.39,10.63
21.941,-3.92,-3.65,13.1
21.974,-3.57,1.1,12.16
22.007,-3.69,-0.59,11.34
22.039,-2.71,-2.47,9.14
22.075,-2.16,-2.71,7.69
22.107,-0.47,-2.55,6.63
22.139,-0.55,-1.37,7.26
22.173,0.51,-1.37,6.98
22.206,1.61,-1.41,5.41
22.237,2.16,-1.14,6.83
22.272,1.26,-0.24,9.22
22.304,2.04,-0.27,10.71
22.337,-0.71,-1.1,11.65
22.37,3.92,-3.33,11.3
22.402,5.37,-1.73,11.85
22.435,-0.71,-3.14,11.06
22.47,-1.96,-6.98,20.01
22.501,0.16,1.49,9.89
22.534,-1.73,2.28,10
22.568,-2.9,-3.18,12.91
22.599,-2.35,-6.32,12.67
22.672,-0.67,-3.88,11.22
22.695,-2.2,-0.63,7.77
22.743,-1.1,0,7.53
22.807,-1.65,-0.78,8.16
22.874,-2.08,0.12,7.88
22.894,0.16,0.08,7.53
22.908,-1.77,0.59,7.18
22.909,-2.51,0.2,7.14
22.911,-2.75,-1.29,9.85
22.912,-2.12,-1.45,11.26
22.938,-2.98,-0.47,11.45
22.971,-3.61,1.88,11.77
23.003,-1.22,0.04,11.77
23.036,-7.41,-0.63,13.96
23.068,-9.77,2.55,12.16
23.103,-2.51,-7.02,10.55
23.135,-4.55,-4.75,13.1
23.169,-2.59,0,13.65
23.201,-3.88,1.65,10.9
23.233,-1.41,-1.57,7.57
23.265,-3.41,-2.12,8.2
23.301,-1.37,-2.35,6.9
23.333,0.2,-2.9,6.51
23.366,0.35,-2,6.94
23.399,1.8,-2.55,7.14
23.432,2.35,-2.08,6.94
23.465,2.08,-0.75,7.61
23.498,2.08,0.04,11.06
23.532,-2.28,-0.63,13.26
23.564,6.83,-2.9,12.04
23.596,4.82,0.47,9.81
23.629,0.39,-3.14,8.79
23.661,-8.24,-8.36,20.01
23.691,1.77,-2.16,17.06
23.728,-2.39,3.14,7.53
23.758,-2.47,0.2,8.63
23.79,-1.69,-6.47,12.32
23.825,-2.24,-4.04,11.26
23.857,-2.16,0.98,7.14
24.313,-1.92,0.35,7.41
24.342,-2.43,-0.59,7.41
24.813,-1.88,-0.67,9.06
24.842,-0.75,-0.63,8.63
24.844,-1.45,0.78,8.71
24.846,-0.82,1.02,7.92
24.848,-2.94,0.31,9.1
24.853,-1.8,-2.12,10.87
24.859,0.31,-4.47,13.49
24.877,-7.22,-9.45,20.01
24.901,2,1.1,6.75
24.937,-3.41,4.24,8.24
24.967,-2.12,-2.24,12.43
25,-2.39,-6.94,14.28
25.034,-1.73,-4.51,9.73
25.067,-2.2,-1.65,7.85
25.099,-1.26,0,6.98
25.132,-3.14,0.35,8.16
25.165,-1.57,-0.55,8.47
25.197,-0.55,-0.86,8.51
25.231,-0.35,-0.08,8.39
25.252,-1.06,1.33,8.59
25.288,-2.51,1.73,7.88
25.357,-3.96,-0.04,8.75
25.388,-2.28,-3.96,11.22
25.429,-3.84,2.43,10.63
25.502,-0.78,1.53,11.57
25.561,-2.39,-0.86,12.59
25.588,-5.33,2.55,11.89
25.589,-6.59,-6.24,10.79
25.605,-5.22,-7.34,13.06
25.607,-1.37,-3.37,14.28
25.632,-4.24,0.12,12.16
25.67,-2.79,-1.06,8.63
25.698,-3.1,-1.88,8.79
25.731,-2.2,-2.82,7.3
25.764,-0.67,-3.33,6.39
25.796,-1.65,-2.59,7.61
25.829,0.98,-2.24,6.98
25.861,1.96,-2.47,7.02
25.896,2.43,-1.26,7.73
25.929,1.88,0.16,9.14
25.961,1.45,1.06,11.69
25.994,0.2,-0.55,11.77
26.026,4,-4.08,11.41
26.059,4.39,-1.1,13.65
26.095,0.16,-2.67,10.47
26.128,-1.06,-8.08,17.5
26.159,0.55,-1.92,9.02
26.193,-3.69,4.2,10.12
26.225,-3.45,-0.59,11.85
26.258,-2.43,-4.39,12.36
26.302,-1.69,-4.59,9.96
26.332,-1.18,-1.18,8.16
26.399,-1.37,-0.2,7.18
26.428,-1.8,0.59,7.06
26.465,-1.88,0.31,8.98
26.533,-0.31,-0.16,8.36
26.563,-0.98,0.39,9.69
26.597,-1.06,0.82,8.75
26.63,-1.65,-1.69,10.83
26.648,-3.41,1.92,10.9
26.678,-0.98,0.47,11.85
26.711,-3.1,-0.67,12.83
26.729,-6.16,1.18,13.14
26.752,-8.51,0.59,12.47
26.785,-4.79,-5.18,8.9
26.817,-3.3,-4.9,10.16
26.85,-2.04,0.04,16.16
26.895,-2.63,0.55,12.87
26.929,-1.88,-1.22,8.28
26.946,-2.82,-1.41,7.81
26.976,0,-3.1,5.73
27.009,-0.04,-2.67,7.1
27.042,0.59,-2.08,6.71
27.077,1.69,-2,6.63
27.109,1.73,-1.84,6.86
27.141,1.69,-1.14,8.04
27.174,1.53,-1.22,10.63
27.206,-1.14,-1.26,12.94
27.239,2.79,-2.16,11.81
27.274,5.26,-1.77,13.34
27.307,2.55,-0.67,9.92
27.339,-7.85,-5.3,20.01
27.372,-0.12,-7.34,10.4
27.404,-6.24,2.39,9.1
27.437,-1.84,-1.41,12.4
27.472,-1.37,-5.14,10.79
27.505,-2.51,-3.49,12.4
27.537,-2.08,-1.57,8.51
27.57,-2.98,0.59,8.47
27.603,-2.08,-0.55,7.77
27.635,-2.51,-0.51,8.55
27.67,-1.06,-0.2,7.96
27.703,-0.47,-0.04,7.61
27.728,-1.1,0.35,7.92
27.766,-1.29,0.75,8.51
27.799,-2.98,0.12,9.14
27.83,-2,-2.98,11.73
27.849,-3.96,1.41,11.73
27.892,-0.63,1.02,11.53
27.929,-2.51,0.2,13.14
27.957,-5.3,1.37,11.96
27.996,-10.08,2.47,11.73
28.022,-5.02,-4.82,10.63
28.042,-4.71,-6.94,11.77
28.081,-0.2,-3.1,13.89
28.111,-3.88,0.47,12.51
28.144,-2.2,-0.31,8.98
28.182,-2.35,-1.06,8.71
28.21,-0.71,-2.28,6.94
28.268,-0.94,-2.71,6.86
28.294,0.12,-3.06,7.26
28.341,1.29,-2.04,6.79
28.402,1.61,-1.8,7.61
28.441,2.24,-1.96,8
28.479,1.49,-1.18,8.9
28.497,4.98,-4.28,11.92
28.517,3.8,-1.69,12.67
28.548,2.31,-2.31,7.37
28.579,-4.35,-5.77,13.18
28.612,-5.96,-8.12,19.38
28.645,-1.61,2.59,12.43
28.679,-1.29,2.94,5.96
28.713,-0.59,-2.55,10.94
28.745,-1.65,-6.04,15.18
28.779,-2.79,-2.94,11.1
28.812,-1.73,1.14,6.47
28.843,-2.59,1.1,8.47
28.877,-2.04,0.2,8.28
28.912,-1.8,-0.63,9.57
28.945,-1.18,-0.35,8.75
28.978,-0.24,0.31,8.59
29.01,-1.02,0.43,8
29.041,-2.47,0.24,8.08
29.079,-2.47,-1.14,9.77
29.108,-1.65,-1.84,10.16
29.143,-3.41,0.43,11.38
29.176,-1.29,0.75,11.1
29.209,-2.28,1.61,11.06
29.24,-7.14,1.22,11.3
29.26,-10.47,-0.43,14.28
29.286,-2.24,-8.16,11.57
29.324,-3.73,-4.63,13.1
29.35,-2.86,2.08,13.26
29.383,-3.65,0.63,11.41
29.416,-2.9,-1.84,9.73
29.448,-3.02,-0.67,8.71
29.485,-1.06,-3.33,7.26
29.505,-0.08,-3.18,7.96
29.536,-0.27,-2.59,7.81
29.573,0.86,-2.08,6.71
29.601,1.41,-1.41,7.26
29.634,2.67,-1.45,7.88
29.671,2,-0.75,9.65
29.708,0.31,0.75,11.22
29.735,0.82,-0.12,10.59
29.773,5.33,-2.82,12.83
29.8,1.26,-3.73,9.65
29.833,-7.69,-8.43,17.81
30.297,-0.04,-7.06,16.28
30.798,-1.26,1.61,4.94
30.847,-3.53,2.55,9.57
30.868,-2.94,-1.45,12.2
30.875,-3.06,-0.55,8.55
30.876,1.61,-1.65,7.88
30.899,2.51,-2.04,10.04
30.934,1.22,-1.45,12.04
30.953,0.82,0.04,10.94
30.985,4.67,-2.31,11.85
31.021,2.75,-1.14,8.87
31.053,-4.04,-5.81,12.43
31.085,-4.24,-10.28,20.01
31.119,-0.59,2.35,10.2
31.152,-2.55,3.18,8.32
31.185,-3.8,-3.41,12.2
31.219,-2.51,-5.57,14.36
31.252,-3.06,-1.53,8.87
31.285,-2.2,-0.35,7.18
31.318,-1.96,-0.82,9.73
31.35,-2.75,-0.63,8.83
31.385,-1.18,0.04,7.69
31.418,-0.47,-0.16,8.39
31.451,-0.9,0.27,7.06
31.484,-1.14,-0.78,7.81
31.516,-3.61,-0.43,9.96
31.547,-1.84,-1.37,10.43
31.586,-3.22,-0.2,11.53
31.606,-2.31,2.59,11.57
31.626,-5.22,-1.1,14.24
31.655,-4.98,2.2,12.43
31.688,-7.77,0.43,11.26
31.72,-4.63,-6.83,9.65
31.769,-3.37,-3.33,11.96
31.802,-2.39,-1.73,12.28
31.822,-4.75,0,11.65
31.866,-2.63,-1.45,9.61
31.901,-3.26,-1.45,8.2
31.933,-1.37,-2.86,6.63
32.002,-1.22,-2.75,6.71
32.069,0.27,-1.61,6.98
32.136,1.06,-1.37,7.65
32.168,1.61,-1.02,8.36
32.187,1.77,0.2,9.96
32.189,-0.04,-0.63,11.26
32.215,1.73,-2.43,11.41
32.235,0.94,-2.71,10.55
32.264,-10.04,-6.04,20.01
32.297,-2.28,-5.49,11.45
32.331,-3.69,2.08,7.3
32.364,-2.79,-0.63,13.65
32.394,-2.82,-5.18,12.55
32.431,-2,-4.59,10.24
32.464,-3.1,-1.29,8.98
32.496,-1.96,-0.16,8.9
32.531,-1.14,0.12,8.16
32.559,-1.92,0.2,7.85
32.598,-0.59,0,8
32.631,-1.02,-0.12,8.43
32.664,-2.31,0.78,7.73
32.697,-2.04,0.27,7.85
32.733,-2.75,-0.71,11.18
32.758,-0.94,-1.84,11.06
32.796,-3.1,0.59,11.41
32.825,-1.37,2,12.47
32.863,-5.96,-0.59,13.22
32.89,-6.43,1.29,11.3
32.923,-6.75,-2.43,11.45
32.962,-4.71,-5.96,10
32.988,-2.51,-3.14,13.69
33.012,-4.04,0.78,14.2
33.046,-3.37,0.43,9.45
33.081,-3.18,-1.06,7.92
33.114,-1.37,-2.9,6.2
33.147,-0.94,-3.06,6.55
33.172,-1.1,-2.12,7.65
33.204,0.82,-2.59,6.9
33.237,0.59,-1.29,6.98
33.27,1.8,-1.77,8.24
33.302,2,-1.69,9.57
33.335,1.57,-0.47,12
33.369,0,-0.04,10.98
33.401,4.47,-3.22,10.79
33.435,4.31,-1.92,10.08
33.467,-1.1,-4.71,10.43
33.494,-10.16,-7.02,20.01
33.525,-3.02,-3.37,9.02
33.559,-4.35,3.37,9.65
33.58,-2.86,-3.1,13.02
33.61,-2.63,-6.63,11.18
33.643,-2.04,-4.43,9.26
33.676,-4.71,0.55,6.63
33.704,-3.22,1.26,6.9
33.745,-2.67,-0.04,8.2
33.775,-2,-0.31,7.81
33.846,-0.55,-0.27,7.65
33.877,-1.49,-0.12,8.12
33.918,-3.33,0.12,8.83
33.981,-3.14,-0.24,9.49
34.022,-2.51,-1.14,11.41
34.062,-2.12,-0.59,10.94
34.085,-3.88,0.04,11.41
34.107,-7.85,1.77,11.18
34.142,-8.55,-2,13.42
34.163,-3.8,-7.3,12.4
34.192,-4,-5.33,13.81
34.227,-2.47,-0.12,12.2
34.26,-3.14,1.02,8.94
34.294,-2.82,-1.22,8.04
34.326,-1.41,-2.31,6.98
34.359,-0.63,-2.59,7.37
34.391,-0.78,-2.71,8.04
34.424,0.2,-2.31,7.22
34.448,1.41,-2.08,7.18
34.48,1.69,-1.8,7.88
34.513,1.26,-0.43,9.73
34.546,1.92,0.16,10.9
34.579,0.2,-1.92,11.02
34.613,4.08,-3.65,12.47
34.646,4.08,-0.75,12.16
34.678,1.49,-2.75,8.16
34.711,-6.2,-6,15.93
34.744,-5.77,-7.06,15.14
34.775,-3.26,2.39,9.34
34.811,-1.88,0.24,10.51
34.84,-4.04,-4.12,13.45
34.868,-2.08,-5.49,11.26
34.907,-1.92,-1.88,9.34
34.927,-2.2,0.63,7.57
34.953,-2.28,0.08,7.53
34.991,-2.63,0.31,8.71
35.022,-1.29,-0.55,8.71
35.051,-0.35,0.08,7.92
35.088,-1.26,0.43,7.65
35.116,-2.9,0.51,8.79
35.155,-3.88,0,9.89
35.188,-2.2,-0.71,12.12
35.221,-2.35,1.65,11.38
35.25,-1.65,2.55,11.41
35.291,-4.79,-1.33,13.57
35.317,-7.02,0.9,11.96
35.354,-7.18,-0.55,9.34
35.381,-3.26,-6.86,9.14
35.414,-2.35,-4.82,12.79
35.446,-2.28,-1.41,14.87
35.479,-4.08,0.43,10.98
35.511,-2.59,-0.9,7.88
35.546,-1.14,-3.18,7.53
35.571,-1.18,-3.14,7.53
35.606,-0.35,-2.35,6.9
35.638,1.02,-2.24,6.75
35.711,1.41,-1.49,7.45
35.739,2.28,-1.45,8.16
35.788,2,-1.33,9.45
35.822,2,-0.67,10.94
35.844,-0.16,-1.22,10.36
35.846,3.8,-2.16,11.34
36.294,4.47,-1.84,10.9
36.782,-5.41,-4.94,12.79
36.82,-7.06,-6.59,20.01
36.824,-2.35,3.18,11.81
36.83,0.16,9,8.32
36.856,0.9,-1.69,7.65
36.885,0.78,-1.45,7.69
36.906,1.29,-1.33,8.24
36.929,1.53,-1.65,8.55
36.966,1.77,-0.59,10.16
36.989,-0.08,-0.94,11.26
37.019,0.27,-1.26,10.24
37.052,3.53,-2.67,13.1
37.098,0.86,-3.02,9.41
37.134,-7.85,-8.2,14.44
37.164,-6.28,-8.59,17.77
37.197,-1.57,2.9,7.96
37.224,-0.31,2.51,9.65
37.261,-3.3,-2.39,10.16
37.301,-2.79,-4,13.14
37.322,-1.41,-1.53,8.87
37.357,-2,1.45,7.49
37.381,-2.75,0.31,8.28
37.406,-1.06,-0.2,7.41
37.433,-1.22,0.24,8.24
37.475,-1.18,0.98,8.75
37.514,-1.1,0.82,8.08
37.584,-2.63,-0.75,7.77
37.654,-2.16,-0.82,11.92
37.716,-3.69,0.2,11.77
37.749,-4.24,1.53,12.43
37.772,-4.04,-1.73,14.04
37.774,-7.14,0.67,12.98
37.775,-9.85,2.12,12.08
37.798,-3.53,-5.1,8
37.824,-2.24,-2,13.61
37.864,-3.22,-1.26,15.14
37.887,-4.2,-0.24,8.16
37.914,-3.06,-1.96,7.06
37.951,-1.29,-3.45,6.71
37.981,-1.33,-2.9,6.79
38.014,0.27,-2.47,7.02
38.048,0.94,-2.12,7.65
38.08,2.08,-1.96,8.55
38.114,1.8,-1.22,9.26
38.168,1.65,-0.31,9.92
38.197,1.65,-0.27,10.24
38.221,1.8,-2.55,10.36
38.244,3.53,-3.18,11.06
38.275,4.16,-1.92,10.47
38.309,1.06,-3.41,8.16
38.339,-12.71,-6.98,19.93
38.38,-6,-6.2,19.5
38.402,-2.71,4.59,6.98
38.432,-2.67,2.47,7.26
38.467,-2.98,-4.31,12.32
38.5,1.73,-7.34,14.08
38.533,-1.45,-2.04,6.75
38.565,-1.61,1.49,6.47
38.597,-3.61,-0.24,10
38.631,-2.08,-0.71,9.1
38.666,-0.82,-0.39,7.73
38.699,-1.88,0.75,7.96
38.733,-1.33,-0.59,7.85
38.761,-2.24,-0.94,8.87
38.794,-2.79,0.24,9.65
38.827,-2.2,-1.57,11.14
38.86,-3.1,-0.2,11.1
38.884,-2.2,1.18,11.65
38.91,-2.47,-1.06,13.14
38.943,-7.06,0.98,12.24
38.969,-9.65,-0.08,11.57
39.008,-3.92,-4.75,10
39.034,-3.57,-2.82,15.1
39.066,-3.37,0.78,14.51
39.098,-2.59,0.35,8.36
39.131,-3.06,-1.06,7.45
39.164,-2.59,-2.08,6.79
39.196,-1.69,-2.47,6.35
39.232,-1.41,-2.24,7.06
39.264,-0.63,-2.16,7.41
39.3,1.18,-2.28,8.32
39.332,1.22,-1.92,8.63
39.365,0.86,-1.14,9.1
39.44,-0.16,-0.16,10.47
39.51,5.06,-2.2,13.93
39.573,3.69,1.26,10.83
39.611,-2.9,-6.47,12.63
39.638,-4.82,-7.22,20.01
39.64,-1.37,0.47,8.63
39.641,-1.57,-2.39,8.98
39.674,-0.75,-3.45,12.98
39.716,0.82,-4.08,7.65
39.751,-1.92,-1.84,8.63
39.794,-0.9,-0.27,8.04
39.82,-2.31,0.43,7.92
39.858,-1.57,0.31,8.04
39.882,-1.26,-0.31,8.83
39.915,-1.22,0.39,9.06
39.944,-1.37,1.06,8.43
39.98,-2.43,-0.04,8
40.01,-2.79,-1.14,10.9
40.054,-1.77,-1.8,10.94
40.098,-1.73,0.82,11.49
40.132,-4.75,-0.71,14
40.177,-8.67,2.59,13.85
40.2,-6.2,-4,9.77
40.239,-3.06,-6.47,9.3
40.265,-2.43,-1.53,15.81
40.308,-5.1,0.67,13.38
40.333,-2.12,-2.12,8
40.372,-4.35,-0.67,8.59
40.398,-0.98,-3.22,5.61
40.439,-2.08,-3.3,6.71
40.465,0.43,-3.33,6.32
40.507,0.86,-1.77,7.06
40.535,0.43,-1.14,7.49
40.559,-0.04,-0.35,8.98
40.592,2.2,-0.51,11.18
40.628,1.65,-2.35,12.16
40.655,2.59,-2.75,13.34
40.681,5.37,-0.63,12.4
40.722,1.8,-1.53,7.88
40.75,-9.85,-7.69,20.01
40.776,-0.43,-4.71,8.98
40.8,-4.08,2.86,7.61
40.837,-0.59,0.9,13.57
40.872,-2.51,-4.39,13.34
40.905,-1.96,-5.41,11.02
40.939,-2.12,-1.92,7.22
40.973,-4.9,1.33,6.59
41.003,-2.94,0.43,8.47
41.031,-2.59,0.08,8.36
41.071,-1.14,-0.27,7.88
41.099,-0.2,-0.08,7.57
41.135,-0.71,0.63,8.12
41.164,-1.73,0.75,9.06
41.204,-3.33,-0.43,9.53
41.231,-0.43,-2.71,9.85
41.299,-3.69,1.37,11.38
41.369,-5.22,-0.86,15.02
41.437,-8.51,0.31,14.47
41.474,-4.71,-3.65,8.59
41.475,-3.65,-4.98,10.28
41.503,-3.14,-1.02,8.67
41.539,-3.45,-1.49,7.53
41.572,-0.98,-3.18,6.51
41.604,-1.33,-2.43,7.14
41.638,-0.27,-2.71,7.41
41.67,1.14,-1.33,7.34
41.702,0.86,-1.06,7.85
41.738,0.71,-1.06,8.12
41.77,1.57,-0.43,10.4
41.802,0.59,-2.04,11.53
42.268,4,-3.1,12.87
42.303,5.41,-1.26,12.63
42.768,0.78,-2.28,9.81
42.801,-6.08,-7.37,20.01
42.802,-1.41,-7.06,12.28
42.808,-4.51,3.73,8.9
42.815,-0.9,-0.63,8.59
42.845,-0.04,-2.75,7.81
42.87,0.63,-1.41,7.3
42.902,1.18,-0.82,7.85
42.935,1.84,-1.14,8.32
42.963,1.8,-1.53,9.53
42.999,1.96,-0.35,9.41
43.029,1.14,-0.75,10.12
43.066,3.53,-2.59,11.06
43.091,3.14,-2.35,10.04
43.154,-1.84,-5.77,13.06
43.181,-6.94,-8.16,20.01
43.227,0.12,-2.04,7.37
43.289,-4.04,4.98,9.02
43.342,-2.24,-0.04,14.47
43.383,-3.3,-5.57,12.08
43.385,-1.57,-3.73,9.57
43.387,-2.86,0.55,7.41
43.416,-2.31,0.16,8.55
43.441,-1.77,0,8.36
43.482,-1.49,-0.27,7.96
43.508,-1.29,0,8.55
43.545,-1.18,1.06,8.83
43.57,-2.86,0.08,8.9
43.617,-2.55,-1.22,9.45
43.646,-1.26,-1.92,9.85
43.679,-3.92,0.9,11.38
43.705,-0.98,0.94,11.06
43.731,-3.57,-0.67,12.71
43.761,-6.63,0.35,12.67
43.796,-9.38,-0.78,10.28
43.822,-3.88,-6.86,9.06
43.86,-3.53,-4.51,14.28
43.889,-3.37,-0.43,15.46
43.932,-3.77,0.75,10.47
43.962,-3.18,-1.37,8.12
43.996,-2.79,-1.96,6.98
44.024,-1.49,-2.67,5.96
44.065,-0.08,-2.67,7.1
44.092,-0.39,-2.55,7.69
44.13,0.78,-1.37,8.24
44.158,1.88,-1.49,9.02
44.195,1.1,-0.94,9.61
44.221,1.88,-0.63,9.85
44.259,1.37,-1.29,9.96
44.284,3.22,-1.96,11.14
44.328,4.08,-1.02,10.2
44.356,0.78,-2.86,9.77
44.358,-10,-7.45,20.01
44.394,-1.22,-6.83,11.81
44.42,-2.51,3.73,7.02
44.463,-2.12,2.47,10.59
44.492,-2.63,-3.06,11.65
44.528,-0.55,-6,10.47
44.566,2.59,-2,10.67
44.61,1.1,-1.65,7.1
44.639,-3.45,2.12,6.39
44.666,-3.61,-0.59,8.87
44.695,-2.67,0.55,7.85
44.724,-1.06,0.55,8.08
44.765,-1.53,0.43,8.08
44.797,-2.82,0.16,7.88
44.823,-2.39,-1.37,8.94
44.863,-1.37,-1.49,10.71
44.888,-2.79,0.04,10.47
44.925,-2.28,1.41,10.87
44.951,-1.41,-0.98,11.69
45.001,-5.45,-0.39,13.85
45.037,-9.41,-0.86,11.92
45.076,-4.28,-6.39,7.37
45.138,-3.65,-4.9,12.47
45.176,-4.82,-1.65,15.65
45.209,-4.75,1.53,11.49
45.211,-4.12,-1.61,7.18
45.241,-1.14,-4.12,6.28
45.275,-0.43,-3.33,7.41
45.301,0,-1.69,8.16
45.344,0.35,-0.71,8.28
45.375,1.37,-0.82,9.38
45.407,2,-1.8,10.08
45.439,1.1,-0.78,9.49
45.471,1.22,0.98,10
45.501,2.71,-2.43,10.2
45.534,3.49,-2.12,10.87
45.56,2.79,-2.12,8.94
45.592,-1.8,-5.22,11.69
45.617,-8.24,-8.2,20.01
45.664,-0.24,-2.43,10.9
45.696,-2.16,3.49,8.08
45.728,-2.51,1.49,11.41
45.756,-1.06,-5.45,10.32
45.788,-1.77,-4.08,11.06
45.823,-2.82,-1.65,6.2
45.857,-2.04,0.71,8.32
45.884,-1.33,-0.59,8.94
45.909,-2.55,0.51,7.85
45.939,-1.22,-0.59,8.16
45.973,-0.51,-0.43,8.24
46.003,-2.2,0.63,8.43
46.041,-2.28,0.43,8.51
46.072,-3.37,-0.27,10.83
46.106,-1.84,-1.53,11.02
46.14,-3.92,0.78,11.49
46.184,-1.65,1.57,10.79
46.211,-4.59,-1.26,13.34
46.24,-11.26,1.29,11.92
46.269,-5.57,-4.71,10.12
46.299,-2.9,-5.65,10.08
46.328,-1.92,-2.75,15.61
46.356,-5.92,2.43,13.42
46.385,-3.8,-0.67,8.39
46.417,-4.59,-0.9,6.51
46.444,-0.78,-3.26,6.24
46.493,-0.94,-3.69,7.69
46.519,0.12,-2.82,8.08
46.551,0.67,-1.18,8.59
46.586,1.41,-1.26,9.1
46.613,1.14,-1.26,9.18
46.652,1.57,-0.75,8.83
46.676,2.79,-1.45,9.14
46.7,0.67,-1.45,9.81
46.737,2.08,-1.49,10.75
46.771,3.92,-1.92,10.51
46.804,0.98,-3.65,9.92
46.873,-8.39,-6.67,19.85
46.901,-3.14,-5.84,15.34
46.946,-3.06,3.8,7.92
47.011,-2.35,2.39,11.92
47.057,-5.92,-4.71,13.18
47.058,-2.31,-4.39,10.32
47.06,-2.12,-1.1,6.98
47.089,-3.65,0.16,7.73
47.125,-2.63,0.43,8.51
47.169,-1.57,-0.47,8.08
47.197,-0.24,-0.04,8.51
47.226,-1.18,0.43,9.3
47.254,-2.71,0.43,9.61
47.281,-4,0.08,10.71
47.322,-2.24,-1.61,11.41
47.35,-3.53,0.39,10.83
47.387,-2.67,1.26,11.73
47.419,-2.86,-1.29,12.75
47.455,-6.51,1.61,12.87
47.484,-8.47,-3.14,10.71
47.516,-1.84,-7.37,10.32
47.552,-4.24,-3.41,16.99
47.581,-4.98,1.49,12.67
47.61,-3.1,0.71,7.45
47.637,-2.71,-1.73,6.71
47.668,-2.28,-3.1,6.35
47.702,-1.37,-2.98,7.53
47.734,-0.12,-3.14,8
47.772,0.2,-1.77,8
47.799,0.98,-1.41,8.51
48.253,1.02,-1.02,8.59
48.284,1.26,-0.16,9.41
48.752,2.12,-0.24,10.83
48.799,0.35,-0.9,11.02
48.801,0.98,-2.43,7.49
48.806,-6.32,-7.81,15.42
48.812,-4.53,2.31,9.53
48.846,-3.41,-0.12,7.41
48.882,-3.69,-1.26,7.77
48.91,-0.9,-2.63,6.39
48.95,0.12,-3.53,6.83
48.978,-0.27,-2.39,8.67
49.013,1.61,-1.37,8.43
49.045,2.39,-1.73,9.34
49.074,1.45,-1.45,8.75
49.106,1.61,0.31,9.18
49.134,2,0,9.49
49.165,1.29,-2.12,10.08
49.193,3.33,-2.79,11.3
49.23,2.39,-1.49,10.47
49.257,-4.31,-5.88,13.93
49.3,-3.1,-8.47,19.97
49.304,-0.9,0.94,10.87
49.343,-0.24,3.8,6.79
49.376,-1.73,-1.18,9.89
49.415,-1.29,-6.43,13.65
49.446,-1.65,-2.9,7.73
49.479,-1.77,-0.12,6.43
49.515,-3.26,0.98,7.37
49.543,-2.55,0.9,8.71
49.574,-2.28,0.71,8.79
49.614,-0.35,-0.47,8.9
49.646,-0.67,0.2,9.06
49.674,-1.41,0.55,8.98
49.712,-2.04,-0.51,9.14
49.747,-2.9,-0.24,10.63
49.776,-2.16,-1.8,10.4
49.812,-3.53,1.8,12.08
49.841,-2.28,-0.51,12.63
49.88,-5.1,0.86,12.63
49.912,-8.36,2.43,11.77
49.937,-5.57,-3.8,10.63
49.964,-5.22,-4.31,11.81
49.993,-1.69,-2.2,16.99
50.028,-4.39,0.51,12.79
50.054,-4.31,-0.31,7.73
50.088,-2.28,-2.08,6.94
50.114,-1.29,-3.1,6.16
50.161,0.04,-3.37,6.04
50.19,0.16,-1.41,7.49
50.215,1.37,-1.57,7.85
50.254,1.65,-1.26,9.02
50.279,1.49,-0.82,10.04
50.307,1.73,-0.39,10.94
50.36,0.82,-1.88,10.43
50.388,2.35,-2.31,11.26
50.419,4.35,-0.9,11.57
50.442,0.75,-2.51,8.79
50.472,-7.14,-6.63,18.16
50.512,-5.69,-7.26,16.48
50.538,-3.69,3.57,10.32
50.601,-2.24,2.67,7.69
50.635,-2.04,-2.63,9.53
50.67,-0.71,-5.61,13.77
50.701,-2.82,-2.67,8
50.742,-2.63,-0.47,7.26
50.771,-3.18,1.02,8.79
50.807,-2.35,-0.2,9.18
50.833,-0.86,-0.31,8.87
50.861,1.1,0.27,7.77
50.893,-2.67,0.98,8.16
50.918,-2.79,0.27,9.61
50.954,-2.24,-1.1,11.1
50.981,-3.41,-0.78,11.65
51.021,-2.16,2.39,11.81
51.047,-1.02,-0.04,12.08
51.084,-6.2,-0.04,12.24
51.115,-8.28,-0.08,11.1
51.157,-7.53,-3.26,10.98
51.184,-5.14,-4.59,13.73
51.211,-3.33,-1.1,16.75
51.236,-3.73,0.98,10.87
51.26,-2.35,-0.63,7.88
51.299,-2.55,-1.69,7.85
51.321,-0.55,-3.06,6.39
51.352,-0.16,-2.94,7.3
51.393,0.27,-2.04,7.45
51.434,1.18,-1.02,7.77
51.461,2,-1.18,8.79
51.504,2,-0.31,10.55
51.548,0.63,-0.51,9.81
51.554,-0.12,-1.33,10.08
51.598,3.26,-1.49,11.73
51.639,4.12,-0.71,10.55
51.667,-4.79,-6.04,15.65
51.695,-1.29,-8.39,20.01
51.722,0.71,1.92,7.69
51.75,-4.24,4.55,7.34
51.786,-1.77,-1.22,12.67
51.814,-3.02,-5.1,11.73
51.852,-1.57,-4.08,9.1
51.881,-2.2,-0.9,7.34
51.92,-2.98,0.55,8.39
51.949,-2.08,0.67,8.36
51.986,-2.2,-0.04,8.55
52.014,-2.04,-0.24,9.38
52.042,-0.9,0.08,9.89
52.07,-0.39,1.02,9.53
52.102,-1.92,0.71,7.73
52.135,-4.08,-2.71,9.65
52.169,-1.37,-4.16,12.08
52.194,-3.8,2.82,11.53
52.231,-0.94,1.14,11.92
52.261,-3.61,1.8,13.73
52.302,-6.51,2.24,12.24
52.331,-8.2,1.61,10.55
52.367,-6.39,-4.79,8.24
52.395,-1.88,-4.16,11.61
52.448,-4.2,-0.98,16.67
52.484,-3.1,1.18,11.06
52.516,-0.67,-0.94,7.53
52.55,-2.71,-0.86,7.77
52.583,-1.49,-2,6.59
52.616,0.63,-3.41,7.22
52.644,0.12,-2.39,7.61
52.672,1.22,-2.12,7.22
52.699,1.45,-1.26,9.18
52.701,1.49,0.24,10.94
52.729,1.33,0.24,11.81
52.764,-0.08,-0.98,10
52.798,2.31,-2.24,9.96
52.834,4.71,-1.22,11.06
52.867,2.08,-2.28,7.92
52.9,-2.67,-5.18,14.95
52.932,-4.08,-6.71,19.93
52.966,2.16,-0.27,7.45
52.998,-2.9,1.57,6.75
53.034,0.31,-1.8,9.89
53.065,-0.39,-4.28,14.75
53.097,-1.41,-3.53,9.89
53.126,-0.82,-1.49,8.36
53.165,-1.26,-0.94,7.53
53.194,-2.31,0.39,8.47
53.227,-1.57,0.47,8
53.261,-1.14,0.31,8.12
53.29,-2.04,0.47,8.87
53.318,-1.49,0.31,8.2
53.346,-1.8,-0.55,7.92
53.381,-2.63,0,9.45
53.409,-3.69,-1.65,12.55
53.448,-3.45,0.71,11.49
53.479,-1.06,-0.47,11.53
53.516,-4.2,-0.12,13.3
53.547,-7.14,2.04,12.51
53.582,-9.02,0.31,10.36
53.613,-3.37,-5.69,8.43
53.652,-1.92,-3.53,14.51
53.684,-4.82,1.06,17.61
53.719,-1.88,0.94,9.53
53.747,-2.2,-0.9,7.85
53.777,-3.14,-1.18,7.61
54.237,-0.9,-2.94,5.45
54.278,-0.94,-2.24,8.24
54.736,0.86,-2.24,7.65
54.775,0.75,-1.29,7.85
54.776,1.84,-1.14,8.63
54.784,1.65,0.08,10.75
54.81,-8.12,-2.39,9.49
54.844,-4.67,-6.24,10.24
54.877,-2.28,-3.06,14.28
54.91,-4.2,1.8,14.63
54.944,-2.24,-0.43,8.67
54.945,-3.84,0.2,8.47
55.001,-0.86,-2.59,7.3
55.043,-0.24,-3.26,6.35
55.044,-0.08,-2.71,7.14
55.097,1.06,-2.08,6.86
55.144,1.06,-1.33,7.96
55.172,1.41,-1.02,9.45
55.2,2.35,-0.43,10.59
55.227,1.29,-0.59,11.34
55.254,-0.04,-0.71,10.36
55.29,2.98,-0.94,11.49
55.317,3.77,-0.55,11.85
55.357,1.96,-1.92,8.67
55.383,-6.71,-6.75,19.65
55.427,-5.57,-7.96,14.51
55.429,-6.75,3.1,9.65
55.459,-3.53,1.02,8.55
55.492,-2,-3.1,10
55.527,-1.29,-5.02,12.24
55.559,-5.18,-0.43,9.26
55.594,-3.06,-0.47,7.3
55.624,-2.94,0.12,8.2
55.657,-1.45,0.39,7.02
55.691,-0.35,-0.47,8.24
55.726,-1.88,-0.27,9.92
55.757,-2.31,0.63,9.53
55.789,-2.94,0.71,9.18
55.822,-2.59,0.16,9.3
55.857,-2.47,-0.98,10.63
55.889,-3.22,-2.12,11.53
55.923,-3.14,1.14,10.24
55.958,-1.77,0.24,10.98
55.99,-4.55,-1.06,12.47
56.02,-6.75,3.26,9.1
56.057,-7.3,-4.75,12.47
56.088,-1.06,-7.57,10.51
56.159,-1.8,-1.06,15.42
56.186,-5.22,2.08,12.51
56.23,-2.28,-0.35,7.45
56.299,-3.37,-1.22,9.65
56.353,-1.26,-2.08,7.53
56.388,0.04,-2,6.59
56.39,-0.71,-2.24,8.2
56.392,0.43,-2.28,6.75
56.421,0.39,-0.04,9.53
56.451,1.41,0.16,12.24
56.488,2.16,-0.39,11.96
56.517,2,-0.27,10.08
56.554,0.35,-0.12,8.59
56.584,1.73,-2.28,7.65
56.62,0.24,-2.55,9.96
56.654,-5.61,-3.96,15.46
56.685,-2.82,-8,17.53
56.717,-1.45,2.43,16.51
56.752,-3.45,4.63,7.49
56.787,-4.98,0.9,8.79
56.819,-3.73,-4.67,12.91
56.852,-4.59,-3.02,11.57
56.884,-1.53,-0.82,8.94
56.913,-1.53,-0.08,9.02
56.944,-2.24,-0.08,9.65
56.974,-1.14,0.04,9.65
57.004,-1.26,-0.78,10.36
57.036,-1.53,-0.78,10.63
57.074,-2.71,0.31,9.85
57.11,-2.12,0.12,9.3
57.14,-2.28,-0.47,11.02
57.142,-2.12,-1.45,11.06
57.173,-1.53,-1.84,10.16
57.227,-2.67,-0.08,10.32
57.257,-2.67,-0.59,9.85
57.29,-2.51,-1.26,9.61
57.322,-2.71,-2.31,9.57
57.353,-3.41,-2.51,9.45
57.382,-3.1,-2.63,10.36
57.417,-2.31,-1.37,10.83
57.444,-1.8,-1.1,10.4
57.487,-2.04,-1.02,9.45
57.516,-2.16,-1.26,9.96
57.548,-2.04,-1.22,10.24
57.576,-2.12,-1.14,10.28
57.619,-2.2,-1.77,10.12
57.621,-2.16,-2,10.08
57.657,-2.39,-1.69,10
57.699,-2.28,-1.26,10.12
57.73,-2.31,-1.22,10.28
57.732,-2.28,-1.33,10.24
57.772,-2.51,-0.98,10.16
57.814,-2.16,-1.77,9.96
57.873,-2.67,-1.61,10
57.875,-2.63,-1.57,10.08
