"NAME:","walk_1_3.csv"
"EXPERIMENT TIME:","2022-05-25 22:15"
"ACTIVITY TYPE:","Walking"
"COUNT OF ACTUAL STEPS:","112"
""
"Time [sec]","ACC X","ACC Y","ACC Z"
"833.561","-1.18","-4.35","0.27"
"833.591","-0.51","-4.31","2.20833621"
"833.891","0.47","-9.81","-1.69"
"833.923","-2.20","-9.96","1.06"
"833.954","-2.75","-8.00","6.35"
"833.985","-0.94","-7.22","1.53834015"
"834.897","-4.86","-14.40","14.28"
"834.93","-3.69","-7.73","6.55"
"834.961","0.00","-8.71","-4.35834991"
"0.001","-9.30","4.24835321","2.04"
"835.878","4.51","-10.51","1.84"
"835.91","4.47","-15.42","9.96835941"
"836.861","-1.33","-4.79","0.63"
"836.893","-1.84","-5.02","2.43"
"836.925","0.98","-5.69","3.26"
"836.957","3.61","-8.90","2.16"
"836.989","4.16","-12.16","1.41"
"837.021","6.90","-14.00","10.90"
"837.053","6.28","-9.85","0.39"
"837.085","2.98","-16.20","-2.16"
"837.117","-6.51","-9.77","16.40"
"837.149","-0.47","-9.34","-2.39"
"837.181","1.45","-8.55","-1.73"
"837.213","0.27","-11.53","-1.29"
"837.245","-3.49","-8.51","4.20837277"
"837.308","-0.98","-7.73","0.63837339"
"837.399","2.08","-7.85","4.39"
"837.432","1.65","-7.37","2.04"
"837.464","2.12","-6.51","1.06"
"837.496","3.37","-8.71","3.22"
"837.528","1.33","-10.16","2.04"
"837.56","-0.67","-11.85","1.37"
"837.592","0.04","-10.90","4.51"
"837.624","2.86","-12.32","3.69"
"837.656","1.80","-10.16","2.79"
"837.688","0.94","-8.00","-0.12"
"837.72","-0.71","-10.90","3.80"
"837.752","-4.20","-14.75","6.75"
"837.784","-3.18","-10.98","1.26"
"837.816","1.06","-9.02","2.55"
"837.848","2.47","-8.55","3.69"
"837.88","1.80","-7.92","3.45"
"837.912","1.61","-5.69","0.55"
"837.944","0.31","-4.63","0.16"
"837.976","-2.00","-4.79","0.75"
"838.008","-1.22","-4.75","2.20"
"838.04","2.43","-6.94","4.12"
"838.072","3.37","-9.92","0.04"
"838.104","5.10","-14.44","7.37"
"838.136","6.32","-10.67","5.37"
"838.168","4.90","-13.61","-4.55"
"838.2","-0.63","-17.85","7.73"
"838.232","-2.28","-8.43","3.02"
"838.264","1.61","-8.20","-3.41"
"838.296","1.29","-10.87","-2.24"
"838.328","-2.16","-10.24","2.75"
"838.36","-4.28","-8.55","5.41"
"838.392","-1.18","-7.65","0.86"
"838.424","-0.16","-6.67","-0.75"
"838.456","1.06","-6.20","-0.51"
"838.488","2.16","-7.37","3.61"
"838.52","1.29","-7.37","3.41"
"838.552","0.63","-7.88","1.10"
"838.584","2.75","-9.69","3.33"
"838.616","1.92","-9.96","2.79"
"838.648","0.71","-11.73","1.77"
"838.68","-1.14","-11.18","2.75"
"838.712","1.77","-12.00","4.59"
"838.744","1.84","-10.98","3.26"
"838.776","1.26","-7.73","-0.67"
"838.808","0.16","-10.16","1.33"
"838.84","-5.53","-14.63","6.86"
"838.872","-4.04","-10.24","2.98"
"838.904","2.16","-8.71","3.02"
"838.936","3.33","-7.85","3.92"
"838.968","2.90","-7.57","2.63"
"839.0","1.84","-6.04","1.33"
"839.032","0.04","-4.63","-0.51"
"839.064","-1.92","-4.51","0.35"
"839.096","-2.04","-4.55","2.31"
"839.126","1.45","-6.47","4.20839156"
"839.28","1.06","-15.97","0.20"
"839.312","-7.10","-11.30","12.94"
"839.344","-1.33","-9.38","-0.47"
"839.376","0.55","-6.39","-1.84"
"839.408","0.04","-10.98","-1.96"
"839.441","-3.61","-8.43","4.04"
"839.473","-0.43","-7.69","5.30"
"839.505","-0.35","-7.34","-0.27"
"839.537","0.71","-7.06","-0.78"
"839.569","1.69","-8.24","1.73"
"839.601","1.65","-7.57","4.59"
"839.633","1.37","-7.26","1.14"
"839.665","2.20","-8.36","2.43"
"839.697","1.29","-9.30","2.39"
"839.729","0.24","-11.65","1.57"
"839.761","1.57","-11.53","3.41"
"839.793","0.39","-10.47","2.55"
"839.825","2.86","-13.30","3.96"
"839.857","0.78","-8.12","1.06"
"839.889","-0.08","-9.49","0.86"
"839.921","-4.00","-13.93","7.02"
"839.953","-4.90","-13.45","4.31"
"839.985","0.75","-8.63","2.59"
"840.017","2.63","-8.79","4.16"
"840.049","2.28","-8.12","3.49"
"840.081","1.73","-6.35","1.88"
"840.113","1.14","-5.10","0.20"
"840.145","-0.39","-4.35","-0.59"
"840.177","-2.04","-4.47","0.90"
"840.209","-0.24","-5.14","3.96"
"840.241","2.90","-8.12","2.47"
"840.273","4.55","-12.51","1.33"
"840.305","6.63","-12.91","9.96"
"840.337","6.04","-10.40","-2.04"
"840.369","0.86","-17.46","2.71"
"840.401","-6.51","-9.69","10.75"
"840.433","-1.41","-9.53","-0.67"
"840.465","1.22","-7.96","-2.04"
"840.497","0.12","-10.63","-1.33"
"840.529","-3.30","-9.89","2.90"
"840.561","-3.02","-7.96","2.90"
"840.593","-0.51","-7.49","0.63"
"840.625","0.35","-6.71","-0.43"
"840.657","1.69","-7.57","1.41"
"840.689","2.59","-7.37","4.51"
"840.721","1.53","-7.41","1.18"
"840.753","1.88","-7.57","1.57"
"840.785","2.28","-9.02","3.88"
"840.817","0.55","-10.12","1.06"
"840.849","0.04","-12.40","2.00"
"840.881","-0.63","-11.14","3.49"
"840.913","3.18","-13.14","3.77"
"840.945","2.94","-9.10","2.04"
"840.977","1.02","-8.28","0.31841007"
"841.101","2.08","-8.79","3.10"
"841.133","2.63","-8.39","3.30"
"841.165","2.31","-7.96","2.31"
"841.197","1.73","-6.16","1.77"
"841.229","0.71","-4.86","0.20"
"841.261","-0.98","-4.67","-0.27"
"841.293","-1.29","-4.39","2.67"
"841.325","2.12","-6.51","3.73"
"841.357","4.00","-10.67","0.94"
"841.389","5.10","-14.91","5.84"
"841.422","5.92","-10.32","6.79"
"841.454","4.08","-14.59","-4.24"
"841.486","-1.84","-15.42","7.37"
"841.518","-4.55","-6.79","7.73"
"841.55","0.35","-7.92","-4.08"
"841.582","2.43","-12.67","-2.43"
"841.614","-1.41","-9.14","2.79"
"841.646","-3.06","-7.37","5.30"
"841.678","-1.69","-8.04","0.90"
"841.71","-1.26","-7.02","-0.16"
"841.742","0.59","-7.14","0.31"
"841.774","1.80","-7.65","3.53"
"841.806","1.65","-7.06","2.20"
"841.838","1.61","-7.10","0.63"
"841.87","2.20","-9.26","3.92"
"841.902","0.24","-10.36","2.31"
"841.934","0.39","-12.00","1.02841965"
"842.744","-3.73","-7.06","4.43"
"842.776","-1.41","-7.61","3.06"
"842.807","-0.43","-6.90","-0.78"
"842.839","1.02","-7.30","-0.04"
"842.871","2.47","-8.16","4.20842902"
"842.962","2.31","-8.16","2.79"
"842.994","1.10","-9.34","3.26"
"843.026","-1.06","-11.89","1.45"
"843.058","0.82","-10.79","2.75"
"843.09","2.47","-10.00","2.63"
"843.122","3.65","-13.34","3.73"
"843.154","2.00","-8.79","0.31"
"843.186","0.24","-9.77","0.98"
"843.218","-3.65","-14.32","8.08"
"843.25","-5.26","-12.79","3.10"
"843.282","0.90","-8.71","2.47"
"843.314","2.90","-8.39","3.37"
"843.346","2.63","-7.65","2.86"
"843.378","2.43","-6.32","1.33"
"843.41","1.22","-4.86","0.55"
"843.442","-0.90","-4.39","-0.08"
"843.474","-2.12","-4.39","1.45"
"843.506","1.02","-5.65","4.43"
"843.538","3.96","-9.92","2.59"
"843.57","4.39","-14.24","7.85"
"843.602","5.57","-9.57","6.28"
"843.634","4.86","-13.89","-4.39"
"843.667","-0.43","-15.02","5.33"
"843.699","-4.20","-9.89","10.08"
"843.731","0.94","-9.96","-3.88"
"843.763","1.65","-8.16","-2.00"
"843.795","0.00","-10.67","-2.04"
"843.827","-3.26","-8.55","3.10"
"843.859","-1.14","-8.00","3.06"
"843.891","-0.43","-7.49","-0.24"
"843.923","0.63","-6.59","-0.47"
"843.955","2.39","-7.85","2.51"
"843.987","2.79","-7.26","3.57"
"844.019","1.41","-7.06","0.90"
"844.051","1.88","-8.00","1.73"
"844.083","1.33","-9.57","3.41"
"844.115","-0.27","-11.41","1.49"
"844.147","1.02","-11.38","3.22"
"844.179","0.12","-10.87","2.59"
"844.211","3.41","-12.36","3.77"
"844.243","1.22","-7.06","1.88"
"844.275","0.00","-9.34","0.63"
"844.307","-3.73","-14.91","6.59"
"844.339","-4.82","-12.63","4.35"
"844.371","0.04","-9.22","2.39"
"844.403","2.98","-8.79","2.86"
"844.435","2.43","-8.51","3.45"
"844.467","1.57","-6.28","2.31"
"844.499","0.63","-4.98","-0.08"
"844.531","-0.67","-4.47","-0.67"
"844.563","-2.47","-4.86","1.49"
"844.595","-0.08","-5.02","3.45"
"844.627","3.14","-8.71","2.86"
"844.659","3.77","-10.94","0.24"
"844.689","6.86","-15.53","12.20844719"
"844.751","2.59","-17.53","-1.49"
"844.783","-6.35","-8.08","14.63844813"
"844.844","2.20","-8.43","-1.77"
"844.876","2.79","-12.55","-2.08"
"844.908","-1.10","-7.85","2.08"
"844.94","-3.69","-6.94","5.81"
"844.972","-1.80","-8.16","0.27"
"845.004","-0.63","-6.90","-0.27"
"845.036","1.02","-7.49","0.78"
"845.068","2.79","-7.92","3.45"
"845.1","2.47","-7.41","1.92"
"845.132","2.00","-7.81","1.69"
"845.164","1.45","-9.61","3.61"
"845.196","0.04","-9.41","1.49"
"845.228","0.35","-12.04","1.96"
"845.26","-0.04","-10.63","3.18"
"845.292","2.63","-12.63","3.88"
"845.324","2.75","-8.79","2.24"
"845.356","1.57","-7.34","-0.20"
"845.388","-1.22","-12.87","3.41"
"845.42","-6.08","-16.51","6.55"
"845.452","-6.08","-11.22","4.08"
"845.484","0.94","-8.47","3.18"
"845.516","2.35","-8.32","2.08"
"845.549","2.82","-7.26","2.16"
"845.581","2.08","-5.69","1.73"
"845.613","0.35","-4.24","0.00"
"845.645","-1.77","-3.96","-0.63"
"845.677","-1.02","-4.12","2.71"
"845.709","2.35","-7.10","3.49"
"845.741","3.69","-11.18","0.78"
"845.773","5.18","-15.77","8.98"
"845.805","5.77","-8.55","4.59"
"845.837","3.88","-15.97","-3.88"
"845.869","-4.94","-12.32","16.91"
"845.901","-2.28","-9.89","3.22"
"845.933","1.69","-8.16","-2.94"
"845.965","0.43","-8.32","-1.88"
"845.997","-1.02","-10.90","0.31"
"846.029","-3.80","-7.73","3.18"
"846.061","-3.06","-7.53","3.37"
"846.093","-0.82","-7.57","0.63"
"846.125","0.82","-6.86","-0.43"
"846.157","2.75","-7.57","3.73"
"846.189","3.61","-7.85","2.86"
"846.221","2.39","-7.81","1.73"
"846.253","1.69","-7.96","2.63"
"846.285","-0.39","-9.22","2.39"
"846.317","-0.43","-12.00","0.63"
"846.349","1.65","-11.30","2.47"
"846.381","-0.16","-10.71","3.18"
"846.413","3.10","-12.79","3.18"
"846.445","1.53","-8.79","1.69"
"846.477","-1.45","-10.83","2.20"
"846.509","-5.18","-14.83","7.34"
"846.541","-5.65","-11.49","2.90846571"
"846.601","2.51","-8.79","3.22846633"
"846.665","2.20","-6.43","1.96"
"846.695","1.33","-4.82","0.43"
"846.727","-0.39","-4.31","-0.67"
"846.759","-2.28","-4.75","0.94"
"846.791","-0.12","-4.98","3.41"
"846.823","2.86","-8.00","2.90"
"846.855","3.57","-11.02","1.73"
"846.887","6.75","-14.20","9.53"
"846.919","6.39","-9.06","-1.33"
"846.951","4.00","-19.46","-1.06"
"846.983","-6.94","-10.12","15.46"
"847.015","-2.35","-9.06","-0.31"
"847.047","0.82","-8.98","-1.84"
"847.079","0.20","-10.36","-1.61"
"847.111","-2.82","-9.89","3.02"
"847.143","-2.98","-8.04","3.14"
"847.175","-1.61","-7.61","1.41"
"847.207","-1.18","-6.98","0.08"
"847.239","0.82","-7.26","0.51"
"847.271","2.43","-7.49","3.18"
"847.303","2.59","-7.22","2.47"
"847.335","2.28","-7.41","2.00"
"847.367","2.98","-9.06","3.14"
"847.399","1.49","-9.92","1.96"
"847.431","-0.16","-12.36","1.29"
"847.463","-1.69","-11.73","4.59"
"847.495","2.63","-12.04","4.82"
"847.527","2.31","-9.81","1.41"
"847.559","1.10","-9.53","0.78"
"847.591","-2.82","-12.16","6.71"
"847.623","-4.71","-13.26","4.00"
"847.655","-3.41","-9.69","1.84"
"847.687","1.77","-8.75","2.79"
"847.719","2.16","-8.12","3.41"
"847.751","1.18","-7.10","2.31"
"847.783","0.98","-5.57","1.26"
"847.817","0.20","-4.28","-0.24847847"
"848.624","2.39","-8.43","1.77"
"848.656","1.33","-8.63","0.82"
"848.688","-2.82","-12.55","4.98"
"848.72","-6.12","-14.79","4.90"
"848.752","-4.00","-10.08","2.31"
"848.784","2.12","-8.47","2.90"
"848.816","2.39","-8.12","2.82"
"848.848","2.20","-6.90","2.28"
"848.88","1.88","-5.02","0.71"
"848.912","0.00","-4.12","-0.47"
"848.944","-2.20","-4.39","0.78"
"848.976","0.20","-4.86","3.30"
"849.008","3.14","-8.28","2.20"
"849.04","2.86","-11.30","2.31"
"849.072","4.59","-10.40","7.92"
"849.104","4.47","-8.28","-4.51"
"849.136","6.71","-19.93","-2.47"
"849.168","-8.16","-11.61","17.97"
"849.2","-1.45","-8.94","-1.10"
"849.232","1.22","-6.59","-3.26"
"849.264","1.06","-10.59","-2.35"
"849.296","-1.26","-10.24","0.43"
"849.328","-5.41","-7.30","7.26"
"849.36","-2.43","-7.41","1.41"
"849.392","0.16","-7.02","-1.22"
"849.424","1.84","-7.41","0.47"
"849.456","3.33","-7.53","5.96"
"849.488","1.84","-7.02","1.53"
"849.52","1.65","-7.49","0.94"
"849.552","2.63","-9.30","3.88"
"849.584","0.31","-10.36","1.57"
"849.616","-0.43","-11.85","1.14"
"849.648","-1.41","-10.32","3.69"
"849.68","1.88","-13.49","3.30"
"849.712","0.55","-9.22","1.41"
"849.744","0.71","-10.32","1.29"
"849.776","-2.63","-11.53","7.77"
"849.808","-3.53","-11.96","3.92"
"849.84","-0.78","-9.77","0.39"
"849.872","2.24","-9.22","3.30"
"849.904","1.53","-8.87","4.12"
"849.936","0.31","-7.45","2.59"
"849.968","0.67","-5.22","0.51"
"850.0","-0.08","-4.71","0.24"
"850.032","-1.88","-5.26","1.45"
"850.064","0.24","-5.10","2.86"
"850.096","2.79","-7.10","2.20"
"850.128","3.45","-10.55","0.94"
"850.16","5.92","-14.08","8.32"
"850.192","5.06","-8.67","2.55"
"850.224","4.28","-14.71","-4.24"
"850.256","-2.86","-17.93","18.55"
"850.288","-2.08","-8.79","0.47850319"
"850.443","-1.14","-7.53","1.14"
"850.475","-0.24","-6.59","-0.39"
"850.507","1.14","-6.51","-0.35"
"850.539","2.20","-7.85","4.47"
"850.571","1.77","-7.85","3.10"
"850.603","1.61","-7.34","0.90"
"850.635","2.47","-7.77","2.79"
"850.667","1.45","-8.87","3.30"
"850.699","-0.67","-11.69","0.78"
"850.731","0.20","-10.83","3.14"
"850.763","0.51","-10.79","4.12"
"850.795","2.82","-12.51","2.79"
"850.827","2.00","-7.81","0.63"
"850.859","1.10","-9.49","1.33"
"850.891","-2.94","-13.93","7.57"
"850.923","-5.30","-13.85","3.69"
"850.955","-2.20","-10.08","2.39"
"850.987","1.84","-8.75","2.90"
"851.019","2.20","-7.61","2.51"
"851.051","2.28","-6.55","1.73"
"851.083","1.57","-5.22","0.78"
"851.115","-0.31","-4.31","-0.04"
"851.147","-1.45","-4.47","0.94"
"851.179","1.22","-5.61","4.00"
"851.211","3.84","-8.51","0.94"
"851.243","3.45","-12.04","3.41"
"851.275","6.12","-13.65","10.79"
"851.307","5.81","-7.14","-1.33"
"851.339","1.69","-19.65","4.90"
"851.371","-6.00","-9.10","11.41"
"851.403","-0.55","-9.10","-1.92"
"851.435","1.18","-7.85","-1.61"
"851.467","0.39","-10.98","-0.55"
"851.499","-2.47","-8.28","3.53"
"851.531","-3.53","-7.88","4.00"
"851.563","-1.65","-7.85","0.78"
"851.595","-0.04","-7.06","0.04"
"851.627","2.28","-7.61","1.73"
"851.659","2.94","-7.61","3.84"
"851.691","1.53","-7.41","1.33"
"851.724","1.18","-7.65","2.08"
"851.756","1.33","-8.43","3.45"
"851.788","0.20","-9.92","1.49"
"851.82","0.47","-12.63","1.61"
"851.852","0.55","-10.32","3.73"
"851.884","2.35","-11.57","3.77"
"851.916","2.12","-8.83","1.73"
"851.949","1.29","-9.22","0.75"
"851.981","-2.39","-12.83","5.57"
"852.013","-5.26","-14.16","3.49"
"852.045","-5.06","-10.63","3.41"
"852.077","1.92","-9.34","4.71"
"852.109","2.39","-8.04","2.63"
"852.141","2.75","-6.98","1.41852173"
"852.264","-1.18","-3.96","2.00"
"852.296","1.96","-6.47","4.31"
"852.328","3.45","-11.45","0.71"
"852.36","5.81","-15.69","12.43"
"852.392","5.18","-8.43","4.86"
"852.424","4.20","-13.49","-4.79"
"852.456","1.10","-17.81","10.51"
"852.488","-4.28","-9.53","7.81"
"852.52","-0.20","-8.16","-3.49"
"852.552","-0.16","-6.51","-1.18"
"852.584","0.35","-12.98","-1.84"
"852.616","-4.24","-7.26","5.77"
"852.648","-1.33","-7.37","3.18"
"852.68","-0.51","-7.30","-0.39"
"852.712","0.71","-6.83","-1.61"
"852.744","2.28","-7.57","2.75"
"852.776","2.35","-7.85","4.55"
"852.808","0.98","-7.57","0.78"
"852.84","1.41","-8.28","2.08"
"852.872","1.37","-9.06","4.00"
"852.904","0.67","-11.41","0.35"
"852.936","2.39","-11.73","2.00"
"852.968","0.20","-9.73","3.57"
"853.0","2.75","-13.14","3.30"
"853.032","1.41","-8.47","0.86"
"853.064","-0.39","-10.24","1.61"
"853.096","-4.20","-14.04","6.67"
"853.128","-5.53","-13.22","1.88"
"853.16","-1.22","-9.34","2.28"
"853.192","2.00","-9.10","3.96"
"853.224","2.35","-7.81","2.20"
"853.257","2.00","-6.24","0.67"
"853.289","1.18","-4.82","0.12"
"853.321","-0.55","-4.47","-0.08"
"853.353","-0.94","-4.24","1.69"
"853.385","1.61","-5.02","3.41"
"853.417","3.96","-8.16","1.57"
"853.449","4.35","-12.40","5.22"
"853.481","5.26","-9.96","4.20"
"853.513","4.35","-14.20","-4.75"
"853.545","-2.82","-16.55","14.51"
"853.577","-2.24","-8.55","5.30"
"853.609","1.45","-8.75","-3.26"
"853.641","1.92","-11.06","-1.88"
"853.674","-1.45","-9.57","2.75853706"
"853.74","-2.98","-8.08","1.37853773"
"854.526","3.14","-10.71","1.29"
"854.558","4.71","-15.10","10.04"
"854.59","5.26","-9.18","4.94"
"854.622","4.24","-13.38","-2.75"
"854.654","0.67","-14.24","7.26"
"854.686","-1.96","-10.43","3.26"
"854.718","1.26","-8.28","-2.51"
"854.75","0.24","-8.24","-1.84"
"854.782","-0.98","-11.89","1.29"
"854.814","-3.02","-8.28","2.90"
"854.846","-1.92","-7.41","2.08"
"854.878","-0.86","-7.06","0.47"
"854.91","0.63","-7.34","-0.12"
"854.942","1.49","-7.57","2.31"
"854.974","2.39","-7.41","3.18"
"855.006","2.39","-7.61","1.65"
"855.038","2.75","-8.36","3.37"
"855.07","0.35","-9.38","2.16"
"855.102","-0.12","-12.00","0.47"
"855.134","-0.08","-10.98","4.90"
"855.166","0.63","-10.00","1.84"
"855.198","2.90","-12.51","3.10"
"855.23","1.41","-8.00","0.67"
"855.262","0.63","-10.24","0.86"
"855.294","-4.86","-15.26","6.83"
"855.326","-4.75","-11.92","2.04"
"855.358","0.00","-8.39","2.24"
"855.39","2.24","-9.06","3.80"
"855.422","2.47","-7.69","2.67"
"855.454","1.41","-6.20","1.57"
"855.486","0.94","-4.98","0.27"
"855.518","-1.02","-4.16","-0.35"
"855.55","-2.67","-4.67","1.26"
"855.582","0.31","-5.22","3.37"
"855.614","3.88","-10.55","2.31"
"855.646","4.86","-13.57","5.26"
"855.678","5.33","-10.98","6.98"
"855.71","5.65","-11.10","-1.69"
"855.742","2.24","-19.42","2.82"
"855.774","-7.73","-9.10","11.26"
"855.806","-1.73","-7.96","-1.41"
"855.837","1.14","-6.94","-1.92"
"855.868","1.77","-12.55","-2.08855900"
"855.993","-0.27","-6.94","-1.53"
"856.025","1.14","-6.86","0.20"
"856.057","1.33","-7.69","5.06"
"856.089","0.71","-7.22","0.78"
"856.122","1.84","-7.81","1.96"
"856.154","3.30","-8.94","4.47"
"856.186","1.22","-9.89","1.18"
"856.218","-0.55","-12.28","1.29"
"856.25","-0.35","-11.14","4.04"
"856.282","3.22","-11.92","4.31"
"856.314","2.35","-8.98","1.37"
"856.346","0.51","-9.92","1.14"
"856.378","-3.18","-12.51","5.69"
"856.41","-6.79","-14.12","4.39"
"856.442","-3.88","-9.69","2.04"
"856.474","2.20","-9.22","3.41"
"856.506","2.67","-8.47","3.10"
"856.538","2.31","-7.37","1.92"
"856.57","1.29","-5.53","1.49"
"856.602","0.08","-4.71","-0.24"
"856.634","-1.96","-4.55","0.59"
"856.666","-0.31","-4.39","3.06"
"856.698","2.43","-7.77","3.41"
"856.73","3.41","-11.61","2.12"
"856.762","6.08","-14.44","10.36"
"856.794","4.71","-7.49","3.37"
"856.826","4.86","-14.83","-3.14"
"856.858","-2.39","-16.95","12.71"
"856.891","-3.88","-8.43","7.06"
"856.923","1.37","-7.57","-3.18"
"856.955","0.63","-10.08","-2.20"
"856.987","-0.90","-11.26","-0.63"
"857.019","-4.51","-7.26","6.35"
"857.051","-1.65","-7.45","3.10"
"857.083","-0.31","-7.26","-0.43"
"857.115","0.67","-7.10","-0.98"
"857.147","1.96","-7.49","2.67"
"857.179","2.59","-7.65","4.43"
"857.211","1.37","-7.57","0.78"
"857.243","1.77","-8.63","3.14"
"857.275","0.82","-10.40","2.31"
"857.307","0.94","-11.77","1.49"
"857.339","1.06","-10.59","4.28"
"857.371","0.90","-10.79","2.43"
"857.403","2.86","-11.81","3.61"
"857.435","1.10","-7.14","0.31"
"857.467","-1.02","-11.18","1.02"
"857.499","-6.04","-15.89","5.88"
"857.531","-4.39","-10.16","3.10"
"857.563","2.00","-9.41","3.61"
"857.595","2.35","-7.96","2.90"
"857.627","2.39","-7.02","1.57"
"857.659","1.92","-5.84","1.61"
"857.691","0.59","-4.47","0.00"
"857.721","-1.49","-4.28","0.43"
"857.754","-1.73","-4.20","1.41"
"857.787","1.22","-5.84","3.37857819"
"857.881","5.57","-9.81","5.65"
"857.914","3.73","-14.83","-5.10"
"857.946","-2.79","-14.71","9.45"
"857.979","-4.51","-8.08","7.22"
"858.011","0.16","-8.39","-4.31"
"858.043","1.65","-9.61","-1.77"
"858.075","1.29","-12.16","-2.08"
"858.107","-3.37","-5.81","6.28"
"858.139","-1.33","-7.81","1.41"
"858.171","-0.35","-6.67","-0.75"
"858.203","1.02","-6.86","-0.71"
"858.235","2.59","-7.92","4.08"
"858.267","2.24","-7.69","2.90"
"858.299","1.61","-7.92","0.67"
"858.331","2.04","-8.43","3.06"
"858.363","1.61","-8.79","2.75"
"858.395","0.43","-11.69","0.04"
"858.427","0.67","-10.98","4.63"
"858.459","1.37","-12.00","3.77"
"858.491","2.43","-10.94","1.88"
"858.523","1.06","-8.94","0.43"
"858.555","-2.71","-11.61","2.75"
"858.587","-7.30","-14.95","6.67"
"858.619","-6.47","-10.63","2.67"
"858.651","1.02","-8.67","2.20"
"858.683","3.02","-8.55","2.90"
"858.715","3.14","-8.00","3.26"
"858.747","1.92","-6.24","1.57"
"858.779","-0.04","-5.22","0.16"
"858.811","-1.41","-4.47","0.27"
"858.843","-1.10","-4.28","1.65"
"858.875","1.88","-5.81","3.69"
"858.907","3.96","-9.22","2.35"
"858.939","4.79","-13.73","3.37"
"858.971","5.53","-12.12","9.22"
"859.003","6.08","-11.85","-1.26"
"859.035","-1.77","-14.75","10.51"
"859.067","-3.84","-7.81","6.79"
"859.099","0.39","-8.79","-2.75"
"859.131","2.35","-10.71","-0.94"
"859.163","-0.90","-9.41","1.61"
"859.195","-2.86","-7.14","3.61"
"859.227","-2.24","-8.28","1.73"
"859.259","-2.08","-7.69","0.51"
"859.291","-0.82","-6.75","0.43"
"859.323","0.90","-7.61","1.77"
"859.355","2.47","-7.77","2.39"
"859.387","2.39","-7.45","1.77"
"859.419","2.08","-8.59","2.67"
"859.451","1.57","-8.98","3.69"
"859.483","0.67","-10.90","0.94"
"859.515","0.78","-12.36","2.35"
"859.546","0.31","-10.79","3.22859579"
"859.945","-1.26","-4.51","1.84859975"
"860.395","0.94","-7.26","-0.31"
"860.427","2.28","-7.77","3.88"
"860.459","2.20","-7.53","2.04"
"860.491","1.92","-7.73","1.41"
"860.523","2.55","-8.51","3.18"
"860.555","1.02","-9.14","2.75"
"860.587","0.27","-10.87","0.55"
"860.619","-0.24","-12.40","3.53"
"860.651","0.59","-9.89","2.08"
"860.683","3.06","-13.38","3.14"
"860.715","0.86","-8.71","0.59"
"860.747","-1.06","-10.43","1.41"
"860.779","-4.59","-13.81","6.94"
"860.811","-5.69","-11.81","1.88"
"860.843","-0.35","-9.26","2.98"
"860.875","2.08","-8.79","3.84"
"860.907","2.16","-8.04","2.39"
"860.939","1.84","-6.55","1.96"
"860.971","1.57","-5.06","0.47"
"861.003","-0.63","-4.43","0.08"
"861.035","-1.45","-4.51","1.88"
"861.067","1.45","-5.61","3.69"
"861.099","3.92","-9.57","2.28"
"861.131","3.84","-12.71","2.90"
"861.163","6.20","-12.91","10.63"
"861.195","6.39","-10.40","-0.55"
"861.227","2.67","-19.10","-0.51"
"861.259","-7.14","-9.34","13.02"
"861.291","-2.12","-7.77","0.31"
"861.323","1.22","-7.96","-1.53"
"861.355","1.02","-12.20","-1.61"
"861.387","-3.41","-7.10","4.20"
"861.418","-3.49","-8.08","4.67861449"
"861.573","2.51","-7.34","1.69"
"861.605","2.43","-7.92","1.57"
"861.637","2.04","-9.18","4.04"
"861.669","0.39","-9.81","1.14"
"861.701","0.55","-11.92","1.10"
"861.733","-0.51","-10.43","4.55"
"861.765","1.53","-12.20","2.86"
"861.797","2.04","-10.36","3.41"
"861.829","0.86","-9.38","0.82"
"861.861","-2.94","-13.02","6.20"
"861.893","-5.37","-14.08","4.08"
"861.925","-3.53","-9.69","2.08"
"861.957","2.24","-8.90","3.45"
"861.989","2.12","-8.79","3.22"
"862.021","1.57","-7.22","1.53"
"862.053","1.06","-5.65","1.49"
"862.085","-0.04","-4.75","0.35"
"862.117","-2.00","-4.67","0.94"
"862.149","0.16","-4.79","2.98"
"862.181","3.02","-7.45","3.49"
"862.213","3.88","-10.55","1.02"
"862.245","5.73","-14.91","8.98"
"862.277","5.33","-8.90","5.06"
"862.309","4.47","-14.83","-3.30"
"862.341","-0.98","-15.73","8.67"
"862.373","-4.39","-8.59","8.08"
"862.405","-0.08","-9.18","-3.92"
"862.437","0.59","-10.43","-1.92"
"862.469","-1.37","-9.96","1.02"
"862.501","-2.86","-7.92","5.73"
"862.533","-0.63","-7.69","1.80"
"862.565","0.00","-6.63","0.00"
"862.597","1.18","-6.86","-0.47"
"862.629","1.73","-7.37","3.10"
"862.661","0.86","-7.41","3.92"
"862.693","0.20","-7.85","0.75"
"862.725","1.22","-8.43","2.47"
"862.757","2.08","-9.69","2.31"
"862.789","1.33","-12.67","0.86"
"862.821","0.12","-10.28","4.12"
"862.853","0.63","-13.02","2.94"
"862.885","2.08","-10.63","2.28"
"862.917","0.75","-9.34","1.49"
"862.949","-3.02","-12.08","3.84"
"862.981","-6.00","-14.71","5.45"
"863.013","-5.37","-10.40","2.59"
"863.045","2.20","-9.34","3.61"
"863.077","2.98","-8.79","3.33"
"863.109","2.47","-7.14","1.73"
"863.141","1.96","-5.53","0.98"
"863.173","0.27","-4.71","-0.27"
"863.205","-1.65","-4.04","0.20"
"863.237","-1.22","-4.24","2.35"
"863.269","2.08","-5.88","3.84"
"863.299","4.39","-10.43","2.12863329"
"863.456","-4.82","-12.43","13.26"
"863.488","0.04","-8.98","-1.69"
"863.52","-0.04","-6.94","-1.61"
"863.552","-0.71","-10.32","-0.67"
"863.584","-3.22","-9.53","2.55"
"863.616","-2.24","-7.61","4.47"
"863.648","-1.33","-7.45","1.41"
"863.68","0.27","-6.86","-0.98"
"863.712","1.26","-7.30","0.86"
"863.744","2.04","-7.88","4.55"
"863.776","1.84","-7.06","1.33"
"863.808","3.06","-8.20","2.31"
"863.84","2.67","-9.26","4.55"
"863.872","0.04","-11.06","0.90"
"863.904","0.35","-11.57","1.65"
"863.936","0.90","-10.79","3.57"
"863.968","2.43","-12.79","3.41"
"864.0","1.06","-8.71","1.92"
"864.033","0.67","-8.47","0.31"
"864.065","-1.92","-12.32","5.02"
"864.097","-4.47","-13.57","4.16"
"864.129","-0.94","-9.61","1.96"
"864.161","2.43","-9.57","3.10"
"864.193","1.96","-8.00","3.53"
"864.225","1.69","-6.94","1.84"
"864.257","1.06","-5.33","0.67"
"864.289","0.04","-4.08","-0.31"
"864.321","-1.88","-4.51","1.18"
"864.353","-0.20","-4.82","2.94"
"864.385","3.41","-9.06","2.35"
"864.417","4.39","-12.00","2.20"
"864.449","6.16","-13.53","9.02"
"864.481","5.37","-8.90","0.63"
"864.513","3.26","-18.32","-3.18"
"864.545","-6.94","-10.24","17.22"
"864.577","-3.10","-8.51","3.49"
"864.609","0.78","-7.37","-2.90"
"864.641","1.06","-9.77","-2.24"
"864.673","-0.31","-12.00","-1.73"
"864.705","-2.39","-7.85","9.89"
"864.737","-1.14","-8.08","0.86"
"864.769","-0.08","-6.98","-1.29"
"864.801","0.90","-7.10","-1.18"
"864.833","1.57","-7.41","4.75"
"864.865","1.22","-7.53","2.90"
"864.897","1.14","-7.41","0.59"
"864.929","2.35","-8.24","3.61"
"864.961","1.37","-10.24","1.92"
"864.993","0.67","-12.51","0.86"
"865.025","0.16","-10.04","3.37"
"865.057","3.30","-13.26","2.55"
"865.089","1.45","-9.30","1.10"
"865.121","-0.47","-10.55","1.37"
"865.152","-3.77","-14.79","7.49865182"
"865.31","2.31","-7.06","2.00"
"865.342","1.53","-5.69","1.06"
"865.374","-0.12","-4.51","-0.63"
"865.408","-2.82","-5.10","1.88"
"865.442","-0.04","-5.18","3.30865475"
"865.538","5.81","-16.95","11.96865569"
"866.285","-6.86","-13.10","4.55"
"866.317","-0.67","-8.75","2.63"
"866.349","2.39","-8.71","2.31"
"866.381","3.45","-7.88","3.06"
"866.413","2.08","-6.83","1.92"
"866.445","0.78","-5.77","0.71"
"866.477","-1.14","-4.59","-0.20"
"866.509","-1.80","-4.51","0.75"
"866.541","0.43","-5.10","3.65"
"866.573","3.96","-8.94","3.57"
"866.605","3.69","-12.12","0.35"
"866.637","6.08","-14.59","13.69"
"866.669","4.51","-7.61","1.73"
"866.701","3.80","-15.77","-6.86"
"866.733","-4.98","-11.41","16.79"
"866.765","-2.75","-8.63","4.16"
"866.797","1.06","-8.16","-2.94"
"866.829","0.75","-11.30","-1.84"
"866.861","-2.16","-8.79","0.63"
"866.893","-4.28","-8.20","6.94"
"866.925","-1.37","-8.00","1.33"
"866.957","0.16","-6.86","-0.75"
"866.989","1.57","-7.30","0.04"
"867.02","2.75","-8.20","4.39867051"
"867.115","2.39","-8.47","3.33"
"867.145","0.31","-10.24","2.28"
"867.178","0.00","-12.47","1.02"
"867.21","0.08","-10.51","4.35"
"867.242","2.82","-12.98","3.49"
"867.274","2.28","-9.45","2.24"
"867.306","0.71","-8.55","-0.04"
"867.338","-2.04","-12.55","3.26"
"867.37","-6.43","-14.08","7.02"
"867.402","-5.30","-10.00","3.14"
"867.434","1.06","-9.45","2.90"
"867.466","2.63","-8.83","3.53"
"867.498","2.47","-7.18","2.43"
"867.53","2.08","-6.32","1.65"
"867.562","0.08","-4.79","-0.31"
"867.594","-2.31","-4.51","0.20"
"867.626","-0.75","-4.35","2.20"
"867.658","2.08","-6.75","4.04"
"867.69","4.28","-11.22","1.88"
"867.722","5.41","-14.55","5.18"
"867.754","5.18","-10.12","7.02"
"867.786","6.51","-13.06","-3.18"
"867.818","2.71","-18.91","2.79"
"867.85","-7.92","-8.51","6.16"
"867.882","0.31","-7.81","-4.24"
"867.914","0.12","-8.04","-2.04"
"867.946","0.43","-12.79","-1.77"
"867.978","-3.33","-6.67","4.28"
"868.01","-2.63","-8.24","5.30"
"868.042","-1.14","-7.61","-0.16"
"868.074","0.39","-7.61","-1.41"
"868.106","1.26","-7.57","1.77"
"868.138","1.69","-7.53","4.55"
"868.17","1.22","-7.77","0.86"
"868.202","2.71","-8.59","2.67"
"868.234","2.47","-9.26","3.73"
"868.266","0.82","-11.10","0.75"
"868.298","-0.71","-12.08","2.79"
"868.33","0.27","-10.24","3.18"
"868.362","3.49","-12.87","3.49"
"868.394","1.80","-7.92","-0.39"
"868.426","-0.51","-9.92","1.57"
"868.458","-4.75","-15.38","7.06"
"868.49","-6.28","-10.83","3.18"
"868.522","0.51","-9.14","3.57"
"868.554","2.12","-9.10","2.79"
"868.586","2.00","-7.57","2.20"
"868.618","1.84","-5.73","1.69"
"868.65","1.22","-4.71","0.67"
"868.682","-0.59","-4.43","0.20"
"868.714","-0.67","-4.08","1.57"
"868.746","1.96","-5.53","3.45"
"868.778","3.77","-9.14","0.98"
"868.81","4.31","-17.89","11.10"
"868.842","5.41","-9.14","4.82"
"868.874","3.41","-15.18","-4.08"
"868.906","-2.79","-12.67","10.83"
"868.938","-1.92","-8.67","5.14868968"
"868.998","2.59","-10.55","-1.73"
"869.03","-0.82","-9.45","1.22"
"869.062","-3.41","-6.98","3.61"
"869.094","-3.18","-8.00","0.98"
"869.126","-1.84","-7.37","0.90"
"869.158","0.67","-7.53","0.63"
"869.19","1.49","-7.41","2.43"
"869.222","2.35","-7.37","2.08"
"869.254","1.80","-7.69","1.65"
"869.286","1.53","-8.67","3.37"
"869.318","0.35","-9.22","2.71"
"869.35","0.43","-11.57","0.51"
"869.382","2.55","-11.57","2.00"
"869.414","0.78","-9.92","2.86"
"869.446","2.28","-13.18","3.65"
"869.478","1.06","-8.39","0.98"
"869.51","0.08","-10.63","1.02"
"869.542","-5.37","-14.63","7.69"
"869.574","-6.00","-11.69","2.55"
"869.606","0.08","-9.02","2.98"
"869.638","1.92","-8.36","3.33"
"869.67","2.16","-7.61","2.79"
"869.702","2.35","-6.08","1.61"
"869.734","1.45","-5.30","0.75"
"869.766","-0.71","-4.90","0.16"
"869.798","-2.35","-4.47","1.18"
"869.83","0.16","-4.94","3.57"
"869.862","3.65","-9.45","2.24"
"869.894","4.04","-13.14","2.90"
"869.927","5.30","-11.65","10.12"
"869.959","5.30","-10.63","-1.41"
"869.991","2.98","-17.97","-0.24"
"870.023","-6.04","-9.61","13.53"
"870.055","-1.33","-8.67","0.63"
"870.087","1.45","-7.96","-1.49"
"870.119","1.49","-11.41","-0.86"
"870.151","-3.10","-7.41","4.20"
"870.183","-2.79","-7.96","2.24"
"870.215","-1.22","-7.45","0.24"
"870.247","-0.16","-6.67","0.08"
"870.279","0.94","-8.08","1.45"
"870.311","1.69","-7.81","3.80"
"870.343","1.57","-7.65","1.18"
"870.375","2.59","-8.51","2.35"
"870.407","2.24","-8.83","3.84"
"870.439","0.71","-10.51","0.51"
"870.471","0.08","-12.63","2.12"
"870.503","-0.47","-10.24","4.28"
"870.535","2.55","-12.55","3.14"
"870.567","1.53","-8.28","1.02"
"870.599","1.26","-9.30","-0.24"
"870.631","-2.79","-14.24","6.20"
"870.663","-6.83","-14.47","4.67"
"870.695","-4.94","-9.41","2.75"
"870.725","1.57","-8.98","3.22"
"870.755","2.90","-7.96","2.55870787"
"870.909","-0.78","-4.31","2.35"
"870.941","2.47","-7.37","4.16"
"870.973","3.69","-10.12","0.59"
"871.005","4.82","-14.95","7.73"
"871.037","5.26","-7.81","2.43"
"871.069","4.20","-15.93","-4.63"
"871.101","-5.41","-12.83","16.44"
"871.133","-3.10","-8.39","4.00"
"871.165","1.10","-8.43","-3.41"
"871.197","0.75","-10.63","-1.88"
"871.229","-1.29","-10.43","0.98"
"871.261","-3.88","-7.06","4.24"
"871.294","-1.14","-7.92","1.45"
"871.327","-0.24","-6.79","-0.31871360"
"871.39","1.80","-7.65","4.00871420"
"872.16","4.08","-12.63","-4.43"
"872.192","-5.06","-12.32","18.04"
"872.224","-2.00","-9.30","3.49"
"872.256","1.33","-7.69","-2.98"
"872.288","1.18","-10.08","-2.00"
"872.32","-0.75","-10.43","0.24"
"872.352","-4.35","-7.41","5.26"
"872.384","-3.14","-8.28","2.47"
"872.416","-1.02","-7.14","-0.12"
"872.448","0.98","-6.83","-0.16"
"872.48","2.20","-7.41","3.80"
"872.512","2.31","-7.22","1.61"
"872.544","2.08","-7.30","1.45"
"872.576","2.67","-9.10","3.37"
"872.607","1.18","-9.85","2.35872638"
"872.732","3.06","-11.49","4.39"
"872.764","1.41","-7.37","-0.16"
"872.796","0.51","-10.59","0.59"
"872.828","-3.96","-15.30","8.28"
"872.86","-4.51","-12.24","3.45"
"872.892","-0.90","-8.94","2.00"
"872.924","2.47","-8.67","3.45"
"872.956","2.00","-7.61","2.12"
"872.988","1.73","-6.12","1.53"
"873.02","1.02","-4.90","0.47"
"873.052","-0.67","-4.35","0.04"
"873.084","-1.41","-4.08","1.26"
"873.116","1.53","-5.88","4.20"
"873.148","4.00","-9.85","2.35"
"873.18","3.49","-12.83","2.43"
"873.212","5.41","-11.49","9.77"
"873.244","3.92","-13.77","-3.30"
"873.276","-0.43","-16.95","6.79"
"873.309","-4.31","-8.04","8.28"
"873.341","0.20","-8.12","-4.16"
"873.373","1.65","-9.57","-0.67"
"873.405","0.75","-12.40","-1.41"
"873.437","-3.14","-6.86","2.94"
"873.469","-4.20","-8.47","4.12"
"873.501","-1.26","-7.77","0.43"
"873.533","0.35","-7.02","-0.51"
"873.565","1.88","-7.26","1.65"
"873.597","3.26","-7.53","3.57"
"873.629","1.73","-7.45","1.61"
"873.661","1.33","-8.43","1.88"
"873.693","1.26","-9.10","3.88"
"873.725","0.20","-10.98","1.22"
"873.757","1.53","-12.12","1.41"
"873.789","0.67","-10.32","2.98"
"873.821","2.35","-12.67","3.69"
"873.853","1.41","-8.36","1.26"
"873.885","-0.24","-10.20","1.33"
"873.917","-3.80","-14.63","6.47"
"873.949","-5.96","-13.22","2.90"
"873.981","-2.35","-8.98","3.41"
"874.013","1.80","-8.71","3.30"
"874.045","2.20","-7.77","2.39"
"874.077","2.47","-6.86","1.49"
"874.109","1.29","-4.82","0.90"
"874.141","-0.94","-4.39","0.16"
"874.173","-1.06","-4.35","1.45"
"874.205","1.69","-5.69","3.96"
"874.237","4.43","-10.08","2.82"
"874.269","4.08","-13.22","2.55"
"874.301","5.57","-11.18","9.34"
"874.333","6.43","-10.00","-0.35"
"874.365","3.30","-18.16","-0.90"
"874.397","-5.33","-9.96","12.36"
"874.429","-0.20","-8.24","-3.65"
"874.461","0.94","-9.22","-0.94874493"
"874.523","-2.79","-7.53","2.79874553"
"874.614","-0.24","-6.79","-0.35"
"874.648","1.26","-7.49","1.88"
"874.68","2.31","-7.92","3.88"
"874.712","1.80","-7.57","1.10"
"874.744","2.12","-8.20","1.69"
"874.776","2.47","-9.10","4.24"
"874.808","0.71","-10.20","1.88"
"874.84","0.35","-12.32","1.22"
"874.872","-0.08","-10.40","2.86"
"874.904","2.51","-13.10","3.22"
"874.936","1.10","-7.73","1.33"
"874.968","1.14","-9.06","0.90"
"875.0","-2.43","-13.61","6.71"
"875.032","-4.59","-13.93","2.86"
"875.064","-3.80","-9.49","2.98"
"875.096","1.57","-9.02","4.31"
"875.128","1.88","-8.47","3.26"
"875.16","2.04","-7.14","1.29"
"875.192","1.61","-5.06","0.59"
"875.224","0.04","-3.96","0.00"
"875.256","-2.04","-4.00","1.02"
"875.288","0.24","-5.30","3.41"
"875.321","3.18","-9.26","2.31"
"875.353","3.88","-11.73","2.24"
"875.385","6.16","-13.34","10.24"
"875.417","4.67","-6.12","-1.26"
"875.449","2.67","-19.65","1.37"
"875.481","-6.86","-10.16","12.87"
"875.513","-1.37","-8.90","-0.86"
"875.545","0.27","-7.49","-1.96"
"875.577","0.04","-11.73","-1.77"
"875.609","-2.55","-9.73","2.12"
"875.641","-0.90","-8.36","7.22"
"875.673","-1.33","-7.30","0.35"
"875.705","-0.86","-6.59","-1.33"
"875.737","0.59","-6.98","-0.35"
"875.769","2.59","-7.77","5.02"
"875.801","1.77","-7.65","1.61"
"875.833","2.39","-8.20","1.10"
"875.865","2.55","-9.34","3.53"
"875.897","1.14","-10.28","1.77"
"875.929","-0.55","-12.51","2.55"
"875.961","-2.20","-10.67","3.37"
"875.993","3.53","-12.79","4.00"
"876.025","2.63","-8.94","2.39"
"876.057","-0.04","-10.12","0.59"
"876.089","-3.37","-15.93","7.02"
"876.121","-4.71","-13.06","4.20"
"876.153","-0.75","-8.87","2.90"
"876.185","2.08","-9.45","3.22"
"876.217","1.49","-7.88","2.59"
"876.249","1.06","-6.59","1.80"
"876.281","0.82","-4.82","0.90"
"876.313","-0.39","-3.88","-0.31"
"876.343","-1.77","-4.24","0.39876375"
"876.468","6.12","-15.73","9.22"
"876.501","5.92","-8.47","-0.04"
"876.533","3.73","-18.44","-3.77"
"876.565","-6.94","-9.85","13.89"
"876.597","-2.55","-8.04","1.53"
"876.629","1.53","-8.63","-2.94"
"876.661","1.41","-11.41","-1.88"
"876.693","-1.96","-8.98","1.80"
"876.725","-3.80","-7.88","5.18"
"876.757","-1.96","-8.32","1.41"
"876.789","0.08","-6.67","-0.43"
"876.821","1.37","-7.10","0.82"
"876.853","2.51","-7.77","3.92"
"876.885","1.77","-7.61","1.65"
"876.917","1.41","-7.85","1.41"
"876.949","2.24","-8.90","3.69"
"876.981","0.94","-9.77","2.04"
"877.013","0.39","-12.04","1.41"
"877.045","0.04","-11.41","3.92"
"877.077","0.71","-10.36","2.20"
"877.109","1.96","-9.41","3.06"
"877.141","1.18","-7.81","0.63"
"877.174","-1.57","-11.96","3.49"
"877.207","-4.71","-15.53","5.77877238"
"878.021","1.73","-8.94","2.75"
"878.053","2.00","-8.94","3.37"
"878.085","1.80","-10.08","0.86"
"878.117","2.20","-12.40","2.28"
"878.149","-0.04","-9.96","3.22"
"878.18","0.35","-12.63","2.82878210"
"878.334","-4.24","-10.20","3.30"
"878.366","2.71","-9.30","3.41"
"878.398","2.79","-8.20","2.67"
"878.43","1.96","-6.28","1.26"
"878.462","1.14","-5.18","0.90"
"878.494","-1.33","-4.00","0.08"
"878.526","-2.75","-4.24","0.71"
"878.558","-0.55","-4.98","2.47"
"878.59","2.86","-8.36","3.37"
"878.622","3.41","-11.14","1.33"
"878.654","5.88","-14.83","10.16"
"878.686","5.10","-7.77","-1.06"
"878.718","4.47","-16.91","-3.84"
"878.75","-4.86","-11.96","17.89"
"878.782","-2.59","-8.79","3.18"
"878.814","1.10","-6.79","-3.26"
"878.846","0.27","-9.22","-1.53"
"878.878","-0.24","-13.61","-1.88"
"878.91","-4.71","-6.39","7.41"
"878.942","-1.96","-7.41","3.77"
"878.974","-0.27","-7.26","-1.69"
"879.006","1.14","-7.34","-0.24"
"879.038","1.77","-7.34","4.82"
"879.071","1.41","-8.04","2.24"
"879.103","1.02","-8.24","0.78"
"879.135","2.47","-8.55","3.37"
"879.167","2.35","-9.34","2.63"
"879.199","1.77","-11.85","0.98"
"879.231","-1.33","-10.43","4.55"
"879.263","1.53","-13.26","2.90"
"879.295","1.29","-8.63","1.53"
"879.327","0.71","-9.26","0.04"
"879.36","-2.59","-14.98","6.63"
"879.392","-6.32","-14.67","5.18"
"879.424","-3.92","-9.69","1.84"
"879.456","2.04","-9.10","3.30"
"879.488","2.59","-8.16","3.80"
"879.52","2.04","-6.94","1.53"
"879.552","0.55","-4.94","0.63"
"879.585","-0.78","-3.69","0.08"
"879.617","-1.22","-4.08","0.39"
"879.649","0.20","-4.51","3.06"
"879.681","3.06","-8.16","3.49"
"879.713","3.49","-11.61","1.33"
"879.745","5.30","-15.49","11.53"
"879.777","4.67","-7.34","3.33"
"879.809","3.73","-18.75","-2.35"
"879.841","-4.31","-9.57","12.28"
"879.873","-1.22","-8.47","2.75"
"879.905","1.45","-7.96","-1.45"
"879.937","0.59","-10.59","-1.96"
"879.969","-1.45","-9.89","1.37"
"880.001","-4.12","-8.32","4.00"
"880.033","-1.45","-7.88","2.16"
"880.065","-0.24","-7.37","0.27880095"
"880.157","2.63","-7.41","3.37"
"880.189","1.80","-7.53","1.77"
"880.221","1.84","-7.61","2.75"
"880.253","0.24","-10.08","1.57"
"880.285","0.94","-12.51","1.10"
"880.317","1.57","-11.10","5.37"
"880.349","0.04","-11.02","1.92"
"880.381","1.45","-12.83","3.14"
"880.413","0.31","-9.57","1.69"
"880.445","-1.96","-10.51","2.39"
"880.477","-5.06","-13.26","6.75"
"880.509","-5.18","-10.63","2.47"
"880.541","1.92","-9.22","3.18"
"880.573","2.67","-8.75","3.96"
"880.605","2.16","-7.57","2.35"
"880.637","1.33","-6.47","1.57"
"880.669","0.20","-5.37","0.27"
"880.701","-1.06","-5.18","0.67"
"880.733","-1.57","-5.37","2.00"
"880.765","0.63","-4.94","2.47"
"880.797","3.65","-7.69","2.82"
"880.829","4.31","-10.67","0.47"
"880.861","6.47","-13.10","10.63"
"880.893","4.94","-10.12","0.08"
"880.925","1.02","-17.65","-0.12"
"880.957","-7.06","-9.85","12.87"
"880.989","-2.67","-9.57","1.37"
"881.021","2.28","-8.83","-2.04"
"881.053","0.90","-11.14","-1.92"
"881.085","-1.92","-9.02","0.71"
"881.117","-2.59","-8.16","5.77"
"881.149","-0.86","-7.10","1.02"
"881.181","0.39","-6.90","-0.78"
"881.213","1.33","-7.65","1.65"
"881.245","1.92","-7.49","4.12"
"881.277","1.45","-7.61","1.26"
"881.309","1.96","-8.32","1.69"
"881.341","2.24","-8.47","4.00"
"881.373","1.14","-11.57","0.94"
"881.405","0.98","-12.63","2.04"
"881.437","1.14","-9.61","5.26"
"881.469","2.20","-12.67","1.45"
"881.501","1.06","-8.08","0.35"
"881.533","-0.27","-10.79","0.59"
"881.565","-5.14","-15.73","7.65"
"881.597","-6.16","-13.18","3.49"
"881.629","-0.16","-9.26","3.30"
"881.661","2.55","-9.18","3.53"
"881.693","2.90","-7.81","2.98"
"881.725","1.61","-6.47","1.65"
"881.757","0.82","-4.86","0.55"
"881.789","-1.41","-3.88","0.24"
"881.821","-1.41","-3.88","1.18"
"881.853","1.26","-5.22","3.65"
"881.885","4.04","-9.92","2.94"
"881.917","3.22","-13.85","2.00881949"
"881.979","4.28","-6.24","-2.39882009"
"882.041","-5.45","-12.28","19.57"
"882.074","-1.73","-9.61","2.28"
"882.106","0.31","-7.77","-2.82"
"882.138","-0.67","-8.47","-2.04"
"882.17","-1.77","-11.57","-0.08"
"882.202","-2.12","-7.81","6.71"
"882.234","-0.59","-7.22","1.26"
"882.266","0.16","-6.35","-1.22"
"882.298","1.33","-7.41","-0.04"
"882.33","1.80","-7.92","4.94"
"882.362","1.84","-8.04","3.45"
"882.394","1.33","-7.85","0.75"
"882.426","2.47","-8.04","3.06"
"882.458","2.47","-9.61","1.73"
"882.49","1.69","-12.83","2.59"
"882.522","0.20","-9.65","2.51"
"882.554","1.53","-13.61","2.90"
"882.586","1.77","-9.81","1.92"
"882.618","0.35","-8.75","0.47"
"882.65","-2.98","-12.91","5.14"
"882.682","-7.49","-14.79","4.39"
"882.714","-3.77","-9.81","1.26"
"882.746","2.04","-9.02","3.14"
"882.778","3.65","-8.24","2.94"
"882.81","2.51","-7.10","2.24"
"882.842","1.49","-5.30","0.51"
"882.874","-0.75","-4.43","-0.27"
"882.906","-1.96","-4.43","0.63"
"882.938","0.20","-4.47","3.02"
"882.97","2.94","-7.30","3.26"
"883.002","3.88","-10.43","1.06"
"883.034","6.08","-15.65","9.96"
"883.067","4.82","-8.20","4.75"
"883.099","3.65","-17.97","-5.06883131"
"883.161","-2.67","-7.88","2.67883192"
"884.389","-3.69","-7.49","3.49"
"884.422","-3.65","-8.12","5.65"
"884.453","-1.14","-8.24","0.27884483"
"-0.01259","3.30884813","1.26","-8.75"
"885.369","-4.00","-8.87","6.67885401"
"-0.00934","2.51885793","0.20","-11.57"
"886.352","6.08","-15.18","8.71"
"886.385","7.06","-10.87","4.00"
"886.417","4.47","-16.28","-5.02"
"886.449","-6.24","-10.32","13.61"
"886.481","-1.80","-8.71","-0.16"
"886.513","1.37","-9.65","-0.59"
"886.545","1.18","-11.41","-1.77"
"886.577","-2.35","-7.26","1.10"
"886.609","-4.59","-8.20","6.28"
"886.641","-2.59","-8.51","1.73"
"886.673","0.08","-7.22","-0.31"
"886.705","1.26","-6.63","-0.16"
"886.737","3.33","-7.53","3.84"
"886.769","3.06","-7.65","1.77"
"886.801","1.80","-7.26","1.65"
"886.833","1.22","-8.90","3.57"
"886.865","-0.31","-10.55","1.10"
"886.897","0.08","-12.00","0.90"
"886.929","0.24","-11.22","3.88"
"886.961","1.49","-12.43","4.00"
"886.993","2.35","-9.96","2.90"
"887.025","1.69","-7.92","0.55"
"887.057","-0.04","-10.75","2.16"
"887.089","-5.61","-15.06","6.20"
"887.121","-4.16","-10.32","2.20"
"887.153","1.57","-9.14","3.88"
"887.185","2.12","-8.08","2.79"
"887.217","2.20","-7.69","2.28"
"887.249","1.88","-6.55","2.20"
"887.281","0.51","-5.06","0.24"
"887.313","-1.02","-4.28","-0.16"
"887.345","-1.29","-4.51","1.10"
"887.377","2.39","-6.94","3.88"
"887.409","4.04","-10.36","1.53"
"887.441","4.94","-14.79","5.37"
"887.472","6.00","-10.63","7.49887502"
"887.594","-0.90","-8.28","-1.96"
"887.627","1.18","-7.77","-1.18"
"887.66","0.78","-13.10","-1.22"
"887.692","-3.22","-7.69","3.37"
"887.724","-1.33","-7.92","4.86"
"887.756","-0.98","-7.81","0.55"
"887.788","-0.39","-6.94","-0.86"
"887.82","2.00","-7.77","2.16"
"887.852","2.71","-7.34","3.92"
"887.884","1.77","-7.18","1.22"
"887.916","2.43","-8.04","1.77"
"887.948","1.88","-9.57","4.00"
"887.98","0.00","-10.63","0.59"
"888.012","-0.27","-12.83","3.73"
"888.044","-0.39","-10.43","2.94"
"888.076","3.53","-13.26","3.37"
"888.108","2.39","-8.16","1.10"
"888.14","0.27","-11.06","0.39"
"888.172","-4.94","-15.14","8.00"
"888.204","-6.75","-12.00","3.61"
"888.236","-1.06","-8.24","2.00"
"888.268","2.55","-9.26","2.98"
"888.3","2.98","-8.51","2.86"
"888.332","2.55","-6.86","1.96"
"888.364","1.26","-5.69","1.22"
"888.396","-0.24","-4.55","-0.47"
"888.428","-1.96","-4.28","0.31"
"888.46","0.55","-4.94","4.00"
"888.492","3.84","-8.98","3.96"
"888.524","4.24","-12.47","0.71"
"888.556","6.39","-13.93","14.04"
"888.588","6.20","-9.89","1.88"
"888.62","2.20","-19.57","-0.12"
"888.652","-5.73","-8.43","11.22"
"888.684","-2.59","-8.28","1.96"
"888.716","2.20","-9.73","-2.94"
"888.748","0.35","-11.65","-1.92"
"888.78","-3.53","-7.37","3.37"
"888.812","-2.63","-8.08","5.65"
"888.844","-0.78","-7.88","0.86"
"888.876","0.12","-6.71","-1.14"
"888.908","0.78","-6.94","-0.78"
"888.94","2.24","-7.53","3.02"
"888.972","2.43","-7.73","4.08"
"889.004","1.33","-7.53","1.37"
"889.036","1.10","-8.59","2.59"
"889.068","0.86","-10.47","1.65"
"889.1","1.49","-11.92","0.51"
"889.132","1.69","-10.90","4.20"
"889.164","0.67","-13.26","3.26"
"889.196","0.20","-9.30","0.35"
"889.228","0.20","-10.47","0.82"
"889.26","-3.77","-13.34","8.36"
"889.292","-5.26","-13.73","3.10"
"889.324","-1.84","-10.04","0.47"
"889.356","2.24","-9.77","5.41889386"
"889.478","0.63","-4.35","0.35"
"889.511","-0.67","-3.84","0.78"
"889.543","0.75","-4.08","2.67"
"889.575","3.45","-6.83","3.02"
"889.607","4.43","-10.24","1.33"
"889.639","5.57","-17.22","11.45"
"889.672","5.84","-9.53","3.61"
"889.704","2.55","-16.99","-2.28"
"889.736","-3.30","-10.75","8.04"
"889.768","-1.49","-7.22","4.31"
"889.8","2.12","-10.43","-1.45"
"889.832","0.55","-12.43","-1.26"
"889.864","-3.18","-7.65","2.24"
"889.896","-3.02","-7.77","2.82"
"889.928","-0.98","-8.20","0.94"
"889.96","0.04","-7.77","0.31"
"889.992","0.78","-6.59","0.16"
"890.024","1.61","-7.30","2.35"
"890.056","2.08","-7.73","2.75"
"890.088","0.67","-7.85","1.77"
"890.12","1.45","-8.39","3.02"
"890.152","2.00","-8.94","3.14"
"890.184","1.57","-11.45","0.31"
"890.216","1.88","-12.40","2.67"
"890.248","-0.20","-10.67","4.12"
"890.28","1.77","-12.04","2.55"
"890.312","1.29","-8.83","0.59"
"890.345","-1.22","-9.81","3.18"
"890.377","-5.61","-14.98","4.79"
"890.409","-3.37","-9.92","1.29"
"890.441","2.39","-9.69","3.53"
"890.473","1.80","-9.18","4.31"
"890.505","0.43","-7.41","2.00"
"890.537","0.59","-5.37","0.90"
"890.569","0.27","-4.12","-0.08"
"890.601","-0.24","-4.16","0.20"
"890.633","-0.08","-4.51","2.20"
"890.665","2.79","-6.12","3.96"
"890.697","3.61","-10.12","1.88"
"890.729","5.57","-15.93","10.59"
"890.761","5.77","-8.71","3.37"
"890.793","4.00","-16.28","-5.65"
"890.825","-6.28","-11.53","17.85"
"890.857","-3.14","-8.59","5.53"
"890.889","0.98","-8.63","-3.65"
"890.921","1.49","-10.71","-2.59"
"890.953","-0.78","-10.71","-1.22"
"890.985","-3.41","-7.30","6.67"
"891.017","-1.61","-8.16","2.00"
"891.049","-0.20","-7.45","-0.94"
"891.081","0.98","-6.59","-0.47"
"891.113","1.73","-7.14","3.73"
"891.145","1.45","-7.53","2.98"
"891.177","0.90","-7.53","0.31"
"891.209","1.88","-9.02","2.90891241"
"891.271","2.24","-11.14","1.33891301"
"891.364","1.41","-12.98","3.65"
"891.397","1.29","-8.87","1.14"
"891.43","-2.00","-10.67","4.59"
"891.46","-5.30","-14.47","5.18891490"
"-0.010199999","0.16891820","6.98","-15.38"
"892.283","1.33","-7.34","1.96"
"892.315","2.39","-9.30","4.24"
"892.347","0.04","-11.53","0.63"
"892.379","1.88","-11.85","1.84"
"892.411","0.43","-11.02","4.00"
"892.443","1.26","-14.28","3.41"
"892.475","1.29","-9.18","1.14"
"892.507","0.47","-8.55","0.90"
"892.539","-3.22","-10.83","4.67"
"892.571","-6.63","-14.63","6.08"
"892.603","0.20","-9.61","1.49"
"892.635","2.39","-8.90","1.96"
"892.667","2.94","-8.36","3.92"
"892.699","2.04","-7.18","2.39"
"892.731","0.94","-5.81","0.67"
"892.763","-0.04","-4.63","0.08"
"892.795","-1.18","-4.35","0.24"
"892.827","-0.08","-4.51","2.67"
"892.859","2.82","-6.86","4.08"
"892.891","3.92","-10.94","0.35"
"892.923","6.79","-15.26","12.63"
"892.955","5.22","-8.16","3.26"
"892.987","3.41","-15.65","-4.98"
"893.019","-5.88","-10.71","15.30"
"893.051","-3.30","-10.43","5.26893082"
"893.204","-1.61","-8.04","3.26"
"893.236","-0.43","-7.14","-0.08"
"893.268","0.55","-6.32","-1.18"
"893.3","2.24","-8.08","2.08"
"893.332","2.82","-7.69","4.75"
"893.364","1.88","-7.06","1.14"
"893.396","2.59","-8.39","3.02"
"893.428","1.88","-9.77","3.73"
"893.46","-0.55","-11.53","0.94"
"893.492","-1.22","-11.85","4.08"
"893.524","2.55","-11.10","4.43"
"893.556","2.67","-10.67","2.24"
"893.588","1.29","-9.06","-0.55"
"893.62","-0.51","-10.67","1.69"
"893.652","-5.53","-14.95","8.67"
"893.684","-4.12","-9.96","1.77"
"893.716","2.47","-9.57","3.53"
"893.748","3.37","-9.02","4.20"
"893.78","2.00","-7.45","1.77"
"893.812","1.61","-5.61","0.59"
"893.844","0.08","-4.12","-0.24"
"893.876","-2.12","-3.92","0.51"
"893.908","-1.29","-4.55","2.90"
"893.94","1.92","-7.14","4.08"
"893.972","3.88","-10.32","2.04"
"894.004","6.71","-13.34","6.94"
"894.036","5.26","-7.57","2.12"
"894.068","5.02","-16.79","-2.55"
"894.1","-3.73","-14.98","13.57"
"894.132","-3.88","-8.79","5.37"
"894.164","0.71","-9.02","-3.18"
"894.196","-0.08","-7.96","-1.73"
"894.228","-0.75","-13.42","-0.98"
"894.26","-4.24","-8.55","6.55"
"894.292","-0.20","-7.14","1.61"
"894.324","0.43","-6.86","-0.71"
"894.356","0.82","-6.90","-1.45"
"894.388","0.94","-6.83","2.63"
"894.42","0.47","-7.73","4.90"
"894.452","0.90","-7.14","0.43"
"894.485","1.84","-8.00","2.08"
"894.517","2.39","-9.89","3.65"
"894.549","1.61","-11.85","1.02"
"894.581","-0.94","-11.53","5.33"
"894.613","1.18","-11.69","3.10"
"894.645","2.04","-10.47","1.45"
"894.677","0.59","-7.96","0.24"
"894.709","-2.39","-11.85","4.90"
"894.741","-5.41","-15.65","5.53"
"894.773","-3.06","-10.59","1.61"
"894.805","2.51","-9.14","2.63"
"894.837","2.63","-9.26","4.31"
"894.869","1.10","-6.83","1.77"
"894.901","0.71","-5.10","0.78"
"894.933","0.00","-4.04","-0.16894965"
"894.995","0.47","-4.35","2.51895026"
"895.086","5.22","-16.83","11.38"
"895.118","4.55","-7.41","2.20"
"895.15","3.84","-14.91","-4.47"
"895.182","-1.53","-16.16","11.69"
