NAME:,test1,,
EXPERIMENT TIME:,22-05-22 15:16,,
Activity,Walking,,
COUNT OF ACTUAL STEPS,86,,
,,,
Time [sec],ACC X,ACC Y,ACC Z
0,-0.27,9.96,1.06
0.045,-0.24,10.04,0.94
0.09,-0.35,10.04,0.98
0.135,-0.78,10.36,0.86
0.179,-1.14,10.4,1.02
0.223,-1.37,9.69,0.82
0.267,-0.86,9.61,2
0.312,-1.26,10.04,2.2
0.355,-1.29,9.53,1.69
0.399,-1.33,9.77,1.88
0.443,-1.69,9.49,1.53
0.487,-1.18,9.65,1.45
0.53,-0.75,9.53,2.04
0.574,-1.22,9.49,2.16
0.618,-0.86,9.18,1.84
0.662,-0.78,9.45,2.08
0.705,-1.37,9.41,2.43
0.749,-1.49,8.9,2.04
0.793,-2.16,9.45,2.16
0.837,-2.24,9.92,2.98
0.881,-3.18,10.75,2.47
0.926,-3.92,11.92,2.67
0.971,-3.3,12.43,2.9
1.016,-1.45,9.38,-0.59
1.061,-0.08,9.69,-2.04
1.105,-1.37,11.18,0.67
1.15,-1.49,10.75,0.08
1.195,-0.82,9.65,-0.12
1.239,-0.31,8.55,0.24
1.281,0.08,8.24,0
1.324,0.04,8.55,0.67
1.367,0.04,8.51,1.41
1.41,0.82,8.75,2
1.452,1.45,9.61,1.73
1.496,1.1,10,1.96
1.54,0.94,10.83,3.18
1.584,2.94,10.36,2.75
1.627,1.57,16.04,2.12
1.672,0.63,10.28,-0.2
1.718,-3.41,11.26,-1.8
1.764,-0.51,10.87,-0.75
1.807,-0.04,9.73,0.27
1.851,-0.71,7.73,0.20233969
1.984,-1.8,7.96,1.142341
2.293,-5.18,13.02,3.26
2.339,-1.84,14.04,-2.31
2.382,-1.92,7.73,0.67
2.427,0.24,13.38,-1.33
2.473,-0.47,10.24,-1.41
2.517,-1.53,7.18,0.39
2.562,-0.2,8,-0.12
2.605,-0.24,8.24,1.14
2.648,1.1,8.12,1.02
2.691,0.47,8.39,1.88
2.734,1.06,8.2,2.86
2.776,1.65,9.06,1.96
2.82,1.84,13.53,4.2
2.863,1.45,9.3,4.59
2.906,1.14,15.38,0.78
2.952,-0.51,10.59,-1.77
2.997,-4.31,9.26,-0.35
3.043,-0.39,14.67,-0.08
3.087,0,7.81,-0.35
3.13,0.39,6.86,-0.59
3.175,-0.9,9.22,-0.75
3.219,-1.18,8.87,0.71
3.263,-0.94,7.53,0.71
3.306,-1.65,8.51,1.1
3.351,-1.18,10.4,1.96
3.396,-2.28,10.12,2.08
3.441,-2.43,12.51,2.31
3.486,-2.82,11.14,4.24
3.53,-4.75,13.93,1.73
3.576,-1.8,12.71,-0.71
3.62,0.2,6.86,-1.45
3.665,0.78,12.87,-1.1
3.711,-0.94,10.63,-0.59
3.755,-1.22,8.83,-0.9
3.8,-0.55,8.71,-0.47
3.843,0.43,7.61,0.59
3.886,0.31,8.63,0.67
3.928,0.16,7.96,1.1
3.971,0.59,7.49,1.8
4.014,1.57,8.75,2.79
4.059,-0.39,12.51,4.24
4.102,1.02,10.08,4.63
4.146,1.84,10.51,3.84
4.191,4.31,16.36,-1.45
4.237,-2.16,10.75,-3.3
4.28,0,11.73,1.18
4.326,-0.12,12.32,-1.8
4.37,0.31,6.12,-0.98
4.415,-0.24,8.63,-0.04
4.461,-1.22,10.36,-0.2
4.504,-1.18,8.47,1.61
4.548,-0.2,9.41,1.22
4.592,-2.47,7.45,0.86
4.636,-1.1,9.1,1.37
4.68,-2.31,10.28,1.73
4.725,-2.08,12.59,2.39
4.77,-1.69,10.16,3.61
4.814,-1.57,9.26,3.61
4.859,-3.33,10.47,1.57
4.904,-2.35,15.73,-3.3
4.949,-3.22,10.16,0
4.994,0.43,12.32,-1.06
5.039,1.06,10.4,-0.78
5.082,-1.1,7.77,0.12
5.127,-0.12,9.38,-0.2
5.172,-0.59,8.2,-0.16
5.215,0.2,8.36,0.67
5.257,0.04,8.12,2
5.3,0.67,7.3,2.31
5.343,1.37,9.61,1.61
5.387,0.35,11.69,3.26
5.429,0.59,8.98,5.37
5.473,2.35,12.36,3.22
5.517,3.41,16.67,0.55
5.562,-2.75,8.12,-3.41
5.606,-1.02,9.92,-1.41
5.651,0.27,12.04,-1.14
5.695,0.04,7.22,-0.39
5.739,0.63,8.39,-0.08
5.784,-1.77,9.22,-0.04
5.827,-1.14,7.92,0.71
5.871,-0.71,8.67,1.02
5.915,-1.73,8.55,1.69
5.959,-1.84,9.38,1.33
6.003,-2.04,10.47,1.61
6.048,-1.61,11.57,2.39
6.093,-2.2,10.55,4.08
6.138,-5.18,12.59,2.98
6.182,-4.43,13.14,0.63
6.228,-1.92,10.71,-2.43
6.274,-1.02,10.47,-0.63
6.32,-0.35,14.04,-1.26
6.364,0.59,8.32,-0.27
6.409,-1.37,7.37,-0.24
6.452,-0.04,8.47,0.2
6.495,0.47,9.02,0.55
6.538,0,8.08,0.9
6.581,-0.27,8.32,1.49
6.624,0.43,9.57,2.28
6.667,1.61,8.98,1.33
6.711,0.78,11.92,3.14
6.753,0.67,9.61,5.06
6.797,3.26,11.41,3.14
6.842,3.26,16.32,-0.63
6.888,-4.12,12.94,-1.69
6.931,0.59,8.28,-1.33
6.977,-2.16,14.51,-0.75
7.021,1.37,6.9,-0.55
7.065,0.55,6.43,-0.16
7.111,-1.18,10.16,-0.43
7.154,-0.86,9.02,1.26
7.198,-1.26,8.28,1.77
7.242,-1.02,8.32,2
7.286,-1.02,8.12,2.28
7.33,-1.73,10.24,1.14239448
7.646,-0.43,11.89,-0.59239764
7.779,-0.16,7.81,-0.24
7.823,-0.08,8.87,0.78
7.866,0.31,8.47,1.29
7.909,0.2,7.88,2.16
7.951,2.12,8.98,1.06
7.996,-0.71,10.59,3.61
8.041,-0.35,11.1,4.28
8.084,0.78,7.65,4.24
8.127,3.84,13.89,0.16
8.172,1.1,18.71,-4.08
8.217,-6.08,8.12,-2.39
8.261,0.43,14.98,2.04
8.306,-1.88,10.67,-2.63
8.35,3.84,4.82,-1.77
8.393,0.78,7.96,0.94
8.439,-2.35,10.67,-1.92
8.482,-2.71,7.37,2.08
8.527,-1.06,10.12,0.98
8.571,-1.06,7.96,2.12
8.615,-0.86,9.96,2.24
8.66,-2.43,11.22,1.61
8.704,-1.65,10.16,4.94
8.749,-3.33,11.45,3.88
8.795,-4.71,13.3,-0.51
8.84,0.08,13.18,-5.53
8.884,-3.88,8.55,1.26
8.928,1.45,14.67,-4.2
8.971,0.08,7.45,1.26
9.016,-2.2,7.34,-0.51
9.059,0.86,8.43,0.31
9.101,0.63,7.85,0.9
9.144,0,8.79,0.98
9.188,-0.51,8.08,2.16
9.23,1.45,8.71,1.92
9.274,-0.08,9.77,2.47
9.318,0.2,12.43,3.77
9.361,0.71,8.87,5.22
9.404,2.98,16.71,0.04
9.45,-1.02,14.55,-2.2
9.495,-2.82,6.35,-2.98
9.541,-0.71,15.3,-0.71
9.585,0.31,7.73,-0.08
9.628,0.39,6.83,-0.43
9.673,-0.98,9.85,-0.63
9.717,-1.92,9.18,0.39
9.761,-1.49,8.9,1.49
9.804,-0.9,9.57,1.61
9.848,-1.41,8.04,1.57
9.892,-2.43,8.39,1.45
9.937,-1.61,10.94,1.69
9.981,-1.33,12,2.51
10.025,-2.08,9.92,4.12
10.07,-5.41,13.3,2.28
10.116,-2.67,15.57,-2.9
10.161,-2.51,6.2,-0.31
10.205,0.63,14.36,-2.59
10.249,-0.78,8.9,1.06
10.294,-1.37,8.32,-1.06
10.339,-0.08,7.57,-0.12
10.382,-0.08,7.77,0.51
10.426,-0.59,8.67,1.14
10.469,0.39,7.77,1.73
10.512,0.39,7.49,2.67
10.554,1.73,9.02,1.88
10.599,-0.04,12.94,3.69
10.643,-0.55,8.98,5.88
10.687,3.3,12.91,1.69
10.731,2.39,19.14,-2.04
10.776,-3.96,6.63,-5.3
10.822,-2.79,13.42,-0.67
10.868,-1.57,10.63,-2.28
10.912,1.14,6.43,-1.49
10.955,-0.51,7.92,0.43
11.001,-2.04,11.26,-0.31
11.045,-1.96,6.83,2.82
11.089,-1.33,8.71,1.22
11.132,-0.94,7.92,2.51
11.176,-1.77,9.3,1.26
11.221,-2.86,12,2.47
11.266,-1.65,10.79,4.94
11.31,-1.77,9.92,4.28
11.355,-6.83,14.08,-0.63
11.401,-0.94,14.83,-4.51
11.445,-4.28,7.3,1.88
11.49,1.22,14.51,-6
11.532,0.71,9.06,0.98
11.577,-2.39,7.34,-0.82
11.621,0.12,8.67,-0.04
11.665,0.16,8.75,-0.24
11.709,-0.04,8.75,1.22
11.752,-0.39,9.22,1.02
11.795,0.98,7.45,1.92
11.838,0.71,9.96,1.96
11.882,-1.06,11.92,3.22
11.926,-0.08,9.38,4.59
11.97,2.35,12.71,2.51
12.015,3.96,18.83,-1.96
12.06,-2.08,9.26,-3.84
12.105,-2.71,10.98,-2.67
12.15,1.14,14.95,-2.94
12.194,0.35,6.94,-1.61
12.237,1.02,6.59,0.12
12.282,-1.33,10.24,-0.16
12.326,-1.29,8.08,1.37
12.37,-0.9,9.22,1.33
12.414,-1.37,8.39,1.84
12.457,-1.73,8.32,1.57
12.502,-2.12,10.63,1.26
12.547,-2.98,11.96,2.71
12.592,-2.51,10.67,4.75
12.637,-6.24,14.83,0.31
12.682,-0.43,12.08,-2.67
12.727,-1.33,7.18,-0.86
12.772,0.2,14.44,-3.26
12.816,-0.43,9.18,1.06244934
13.032,0.16,8.16,1.96245148
13.296,-0.2,12.71,-1.53
13.341,-3.65,5.69,-1.49
13.387,-0.31,15.18,-0.27
13.431,-0.35,8.98,-0.78
13.475,1.96,6,-0.08
13.519,-1.02,9.02,0.04
13.563,-0.9,9.1,0.35
13.606,-1.18,8.24,1.41
13.65,-1.8,8.83,1.69
13.694,-0.51,8.83,2.39
13.738,-1.8,9.49,1.29
13.782,-3.45,10.94,2.47
13.827,-3.18,11.1,4.47
13.872,-5.14,12.91,2.67
13.917,-7.53,16.36,0.43
13.962,-1.1,7.61,-2.2
14.006,0.47,12,-2
14.052,-0.75,11.26,-1.33
14.096,-0.9,8.71,0.27
14.14,-2.12,6.75,0.12
14.184,1.14,8.43,-0.51
14.227,-0.82,8.63,1.41
14.271,-0.43,8.47,1.65
14.315,-0.59,7.85,2.28
14.357,1.33,8,2.39
14.401,0.08,10.83,2.39
14.446,-0.24,11.57,4.55
14.489,1.26,9.22,4.71
14.534,4.08,15.3,-0.31
14.578,1.22,16.55,-1.88
14.623,-2.43,4.08,-3.33
14.668,-0.24,14.98,1.26
14.713,-0.31,9.3,-0.78
14.756,1.61,6.16,-0.16
14.801,-0.2,9.69,-0.31
14.845,-2.43,8.08,0
14.889,-1.45,8.59,1.37
14.932,-0.78,9.57,1.45
14.976,-1.41,8.28,2.35
15.02,-2.31,8.87,1.84
15.065,-1.96,11.41,1.45
15.109,-2.51,9.85,4.47
15.153,-1.92,10.4,3.26
15.199,-7.65,16.55,-0.47
15.245,-0.08,10.67,-3.49
15.29,-0.86,11.18,0.47
15.336,-0.43,13.02,-3.84
15.38,-0.35,7.26,-0.2
15.425,-2.31,7.3,-0.55
15.469,1.33,8.75,-0.35
15.513,-0.08,8.12,0.75
15.556,-0.35,9.1,0.94
15.599,0.59,8.39,1.57
15.642,0.94,8.98,1.84
15.687,-1.06,10.67,3.1
15.731,-0.24,11.14,3.61
15.774,1.14,8.79,4.98
15.818,4.63,13.61,0.86
15.864,-0.04,18.44,-1.92
15.908,-2.63,3.96,-2
15.952,0.24,14.2,0.78
15.998,-0.75,12.55,-1.96
16.042,2.86,5.3,-0.63
16.086,-0.2,8,0.08
16.13,-2.51,9.61,-0.94
16.174,-1.33,8.67,1.8
16.218,-1.14,9.41,1.1
16.262,-1.37,7.53,1.53
16.305,-2.35,9.02,1.41
16.35,-2.63,12.08,1.53
16.395,-2.31,10.4,3.41
16.44,-1.49,10.71,3.57
16.485,-5.45,15.02,0.16
16.53,-1.02,11.89,-4.39
16.574,-2.82,8.08,1.14
16.619,1.73,14.32,-3.37
16.663,-0.86,8.08,0.47
16.707,-2.43,7.53,-1.26
16.751,1.1,8.32,-0.24
16.795,-1.18,8.12,0.51
16.838,0.31,8.98,0.43
16.881,-0.67,8.55,1.84
16.924,0.63,8.24,2.28
16.967,1.33,9.14,1.73
17.012,-0.75,13.81,3.22
17.054,0.16,8.63,4.71
17.098,2.43,14.04,1.26
17.143,2.47,17.46,-1.33
17.188,-6.32,6.51,-6.08
17.233,-0.16,13.18,-2.24
17.277,0.2,9.89,-1.61
17.321,2.08,6.55,-1.33
17.365,-1.06,8.28,0.24
17.408,-2.39,9.53,0.47
17.452,-0.98,8.36,1.1
17.496,-0.98,8.51,1.53
17.54,-1.1,8.24,1.65
17.583,-2.16,9.22,1.22
17.628,-2.35,11.06,2.08
17.673,-4.43,11.65,2.79
17.718,-6.43,14.36,0.39
17.763,-1.96,17.1,0
17.807,-1.8,7.06,-1.29
17.852,1.77,12.67,-2.39
17.897,-1.49,9.1,-0.71
17.942,-0.51,8.71,-0.39
17.987,-0.51,7.37,-0.43
18.031,-0.71,8.2,-0.12
18.075,-0.12,8.55,0.94
18.118,0.78,8.67,1.57
18.162,-0.35,7.73,1.92
18.204,0.75,8.36,1.77
18.249,-0.82,10.47,2.63
18.293,0.59,10,4.75
18.336,0.43,9.57,5.26250452
18.692,-2.55,8.87,0.98250809
18.779,-1.57,8.16,1.49
18.823,-1.06,9.49,3.18
18.867,-2.55,9.92,1.1
18.912,-2.67,11.77,3.18
18.956,-2.59,10.24,5.18
19.001,-5.1,13.93,0.82
19.046,0.35,12.36,-2.82
19.09,-2.75,8.28,0.82
19.135,0.08,14.59,-2.31
19.178,-0.82,7.92,0.67
19.223,-1.45,8,-0.55
19.266,0.47,7.45,0.55
19.31,1.57,8.59,-1.88
19.353,-0.2,8.75,1.1
19.397,-0.51,7.53,2.59
19.44,0.39,8.08,2.98
19.483,-0.16,9.85,3.02
19.528,-0.75,11.92,4.2
19.573,-0.51,10.55,4.94
19.617,2.71,18.55,2.28
19.661,-2.04,8.94,1.06
19.705,-3.49,9.18,-1.33
19.751,-0.55,12.43,-2.86
19.795,0.94,8.43,-0.39
19.838,1.65,7.49,0.2
19.882,-1.73,8.87,-0.47
19.926,-1.14,8.36,0.82
19.97,-1.37,8.67,1.06
20.014,-1.77,9.1,1.61
20.057,-1.45,8.12,1.8
20.101,-2.2,8.59,2.31
20.146,-3.26,11.06,2.43
20.191,-2.43,10.43,3.69
20.235,-2.43,8.94,4.35
20.279,-6.75,13.3,0.67
20.324,0.98,13.89,-3.49
20.368,-3.69,8.08,1.73
20.413,1.37,14.24,-2.59
20.456,-1.33,8.24,0.59
20.501,-1.73,8.08,-0.31
20.545,0.2,8.55,-0.47
20.589,0.63,7.96,-1.73
20.632,0.27,9.06,-0.08
20.676,-0.63,8.79,1.49
20.719,0.27,8.28,2.55
20.762,0.27,8.98,1.77
20.806,-0.78,10.75,3.49
20.85,0.51,10.43,4.59
20.894,-0.16,8.71,5.26
20.938,4.47,12.75,1.84
20.983,-0.9,15.02,-1.18
21.028,-1.45,8.51,-1.69
21.072,-2.67,8.12,6.32
21.117,1.77,12.94,-3.45
21.16,1.92,7.18,0.43
21.204,-0.82,7.81,-0.51
21.249,-2.43,9.06,-0.55
21.293,-1.73,8.67,1.14
21.337,-0.86,9.49,0.86
21.38,-1.73,8.28,1.69
21.424,-1.57,8.47,1.96
21.469,-2.39,10.04,1.57
21.514,-3.06,11.65,2.55
21.558,-1.45,10.4,4.67
21.603,-4.9,11.96,2.86
21.649,-6.08,16.28,-2.51
21.694,-2.79,8.79,-2.79
21.74,-0.67,10.9,-0.08
21.786,-1.02,10.75,-1.57
21.829,-2.16,7.3,0.51
21.873,0.12,8.63,-0.27
21.916,0.35,7.85,0.16
21.96,0.08,8.63,-0.39
22.003,-0.94,8.94,1.8
22.047,-0.04,7.81,2.28
22.09,1.18,9.18,1.73
22.135,-1.22,11.1,3.06
22.178,-0.59,9.85,4.31
22.221,0.04,8.9,5.3
22.265,4.16,14.87,0.55
22.31,-0.55,16.71,0.86
22.354,-0.9,8.71,-3.14
22.399,-3.61,12.94,5.65
22.443,0.08,9.49,-2.12
22.487,2.04,6.79,-1.33
22.531,-1.26,7.96,-0.55
22.576,-1.49,9.65,-0.35
22.62,-1.65,8.12,1.84
22.664,-0.86,8.47,1.1
22.707,-1.18,7.88,1.8
22.751,-1.53,8.2,1.18
22.796,-2.43,10.28,1.45
22.841,-2.98,12.24,3.61
22.886,-2.39,10.16,5.18
22.93,-6.55,12.4,3.22
22.976,-4.2,16.44,-2.04
23.021,-2.51,9.61,-4
23.066,0.51,12.04,-1.41
23.112,-1.57,11.96,-3.3
23.156,-0.94,7.41,-0.31
23.201,-1.26,7.49,-0.43
23.244,0.9,8.87,0.08
23.289,1.26,10.24,-0.51
23.332,-3.22,8.9,3.02
23.375,0.16,7.88,1.06
23.418,0.24,8.16,2
23.462,0.08,10.08,2.67
23.506,-1.77,10.75,3.53
23.55,-0.24,9.1,4.63
23.594,1.65,12.24,2.82
23.639,2.12,19.61,-0.94
23.683,-4.2,8.59,-2.39
23.728,-0.12,9.85,-1.18
23.773,0.51,11.22,-7.22
23.817,1.92,9.45,-0.59255934
23.95,-2.43,8,1.18256068
24.039,-1.77,7.92,1.37256155
24.305,-7.45,14.51,0.82
24.35,1.41,12.98,-3.65
24.394,-3.88,6.79,1.73
24.439,2.55,14.47,-3.77
24.483,-3.14,7.88,-0.39
24.528,-1.88,8.79,-0.55
24.572,0,6.98,-0.24
24.617,-0.04,8.28,-1.92
24.661,-1.61,9.92,0.31
24.703,0.04,8.2,1.65
24.746,0.71,7.49,2.94
24.789,1.69,8.79,1.1
24.833,-0.24,11.85,2.67
24.877,0.31,10.36,5.57
24.921,1.96,11.45,2.79
24.965,2.31,17.5,0.12
25.011,-3.96,12.55,-2.86
25.054,-6.35,9.85,0.43
25.1,-1.37,15.89,-5.33
25.144,2.98,6.98,-1.1
25.187,0.82,6.71,1.1
25.231,-3.37,9.06,-1.14
25.275,-1.57,8.75,1.45
25.319,-1.53,9.53,1.06
25.363,-1.8,8.9,1.29
25.406,-1.14,7.81,1.77
25.45,-0.98,8.83,0.98
25.495,-1.22,11.53,2.39
25.54,-0.24,10.9,4.28
25.583,-1.61,9.45,5.26
25.628,-5.02,11.53,3.3
25.674,-7.26,18.79,-6.04
25.719,0.2,12.16,-2.9
25.765,-2.43,12.71,-4.35
25.811,-0.51,10.51,-1.73
25.855,-2.31,6.71,-1.53
25.899,1.06,9.81,-1.45
25.942,1.1,6.98,0.75
25.987,-0.51,10.47,0.94
26.029,1.37,8.63,2.28
26.072,1.1,8.39,1.77
26.115,1.29,8.71,1.53
26.16,-0.82,10.36,2.75
26.204,-0.55,10.75,3.14
26.247,1.1,9.18,4.28
26.291,3.92,14.12,1.45
26.336,-1.33,15.06,3.3
26.38,2.71,11.26,-4.86
26.425,-5.26,11.81,5.33
26.471,-1.02,12.55,-5.61
26.515,1.92,7.37,-0.31
26.56,-0.55,7.85,-0.35
26.604,-3.96,9.41,-0.35
26.648,-0.08,8.87,0.86
26.692,-0.59,9.34,0.59
26.736,-1.92,7.92,1.61
26.779,-1.88,8.67,2.31
26.824,-1.02,10.36,2.75
26.869,-2.94,10.75,2.71
26.914,-1.45,10.36,4.86
26.958,-5.49,12.24,2.47
27.004,-7.41,18.01,-1.69
27.049,-0.71,8.47,-2.2
27.095,-0.78,10.75,-1.77
27.141,-2.55,11.38,-2.28
27.186,-0.75,7.88,-1.02
27.23,-1.61,8,-0.98
27.274,4.08,9.61,-2.98
27.319,-1.77,11.1,1.61
27.364,-0.35,9.45,-0.39
27.406,0.75,8.75,0.82
27.449,0.82,8.36,2.04
27.492,0.94,9.53,2.16
27.536,-0.94,9.81,2.43
27.578,0.08,9.65,3.14
27.622,-1.06,9.73,4.9
27.666,3.3,12.67,1.45
27.712,-0.71,16.63,-0.39
27.755,0.08,9.77,-3.02
27.8,-2.71,12.59,1.14
27.846,-1.02,12,-3.73
27.89,1.84,7.53,-0.9
27.935,-0.63,8.51,-0.16
27.978,-1.65,9.49,0.24
28.022,-1.84,8.55,0.94
28.066,-0.75,9.26,1.45
28.11,-1.41,8.43,1.02
28.153,-0.55,8.36,2
28.197,-2.28,9.26,1.65
28.242,-2.67,12,2.31
28.287,-2.86,10.63,3.73
28.331,-6.59,12.83,1.53
28.377,-6.04,17.46,-0.59
28.422,-3.73,6.79,-0.43
28.467,1.61,11.1,-2.04
28.512,-2.63,9.14,-0.24
28.556,-1.92,9.85,-0.31
28.601,-0.04,8.08,-0.59
28.644,0.24,8,0.94
28.689,-0.63,9.1,-0.2
28.732,-0.98,9.53,1.73
28.775,0.27,8.32,1.41
28.818,1.1,8.39,1.49
28.861,0.59,9.57,1.61
28.905,-1.57,10.75,3.33
28.949,-0.47,9.81,4.12
28.993,2.28,11.77,2.82
29.037,2.47,15.93,0.86
29.082,-2.24,11.41,-0.98
29.127,-0.75,9.38,-2.43
29.173,-0.39,13.57,-1.06
29.217,1.1,8.75,-0.39
29.261,1.45,7.53,-0.67
29.304,-1.14,9.34,0.08261421
29.792,-2.98,5.06,0.67
29.837,1.45,12,-3.3
29.881,-1.61,9.38,-0.51
29.925,-2,9.96,0.24
29.97,-0.47,8.36,-0.75
30.014,2.16,7.65,-2
30.057,-0.78,7.34,0.75
30.101,-0.63,9.81,1.96
30.145,-0.47,8.63,1.69
30.188,0.35,8.98,1.77
30.232,-0.27,10.12,2.2
30.276,-0.55,9.53,2.12
30.32,-0.86,9.26,3.41
30.364,1.8,10.98,2.16
30.407,0.35,18.12,0.12
30.453,-1.06,11.89,-1.65
30.499,-2.04,11.02,-3.18
30.545,-1.84,10.36,-0.75
30.589,1.1,7.96,-0.9
30.633,-1.37,9.14,-0.75
30.677,-1.73,8.24,0.16
30.722,-1.53,10.32,0.63
30.766,-1.29,8.75,1.41
30.81,-0.78,9.41,0.78
30.853,-1.77,8.04,1.49
30.897,-2.08,8.04,1.41
30.941,-2.04,8.83,1.77
30.986,-2.2,11.02,2.39
31.03,-1.73,10.75,3.88
31.075,-3.49,10.4,4.9
31.121,-6.75,13.96,-0.43
31.167,-2.43,15.06,-3.77
31.211,-4.35,6.94,0.31
31.255,1.1,14.2,-2.43
31.3,-1.29,8.55,-0.47
31.345,-1.84,8.24,-1.06
31.389,1.1,7.81,-2.12
31.433,-1.1,9.02,-0.55
31.477,0.39,10.24,1.41
31.521,-0.04,8.24,1.18
31.564,0.67,8.39,2.67
31.606,0.43,9.1,1.61
31.65,0.04,10.83,3.3
31.694,-0.08,9.61,4.28
31.739,1.65,15.26,-0.47
31.783,-1.45,15.93,0.55
31.829,-0.08,10.9,-3.37
31.873,-4.75,9.96,3.73
31.918,0.24,10.2,-3.14
31.962,0.51,8,-0.47
32.005,-1.45,8.63,0.55
32.049,-2.35,9.3,0.39
32.093,-0.98,8.39,0.67
32.137,-1.77,8.43,0.75
32.18,-1.88,8.87,1.02
32.224,-2.16,9.18,2.24
32.269,-2.55,10,2.12
32.314,-2.94,10.67,2.51
32.357,-0.75,9.45,3.65
32.402,-4.59,10.43,3.26
32.448,-6.28,20.01,-2.86
32.494,-1.92,10.51,-2.04
32.539,-3.49,9.38,-0.08
32.583,-1.41,9.3,-1.18
32.628,-2.12,6.79,-0.24
32.672,1.77,9.34,-0.39
32.716,-0.55,8.24,0.43
32.758,0.12,8.79,0.47
32.802,-0.12,9.45,0.94
32.845,0.71,9.22,0.67
32.888,1.8,9.3,1.02
32.93,0.39,9.3,1.45
32.974,-0.86,9.41,2.24
33.018,-0.59,9.49,2.31
33.062,-1.41,8.39,3.77
33.105,2.08,11.77,1.88
33.149,1.14,16.83,1.26
33.195,-0.67,10.59,-1.73
33.24,-4.16,10.9,1.33
33.286,-0.08,11.65,-1.77
33.328,1.22,7.61,0.31
33.373,-0.43,8.83,-1.06
33.418,-0.82,9.61,-0.59
33.462,-1.69,8.67,0.94
33.505,-0.94,9.41,0.67
33.549,-1.02,9.06,1.1
33.593,-1.29,8.55,1.65
33.637,-1.92,8.36,1.8
33.68,-1.65,9.45,1.49
33.725,-2.12,10.98,1.65
33.77,-2.94,10.04,3.92
33.815,-4.59,10.94,3.84
33.859,-5.88,16.59,0.08
33.905,-4.51,11.77,-2.67
33.95,-0.16,8.16,-2.28
33.996,-0.98,13.49,-2.12
34.04,-0.98,9.26,0
34.084,-1.77,8.39,-0.67
34.127,0.98,8.04,0.2
34.17,0.39,8.24,1.06
34.215,-1.29,10.71,1.18
34.258,-1.26,9.26,1.53
34.301,0.59,8.12,0.9
34.344,0.67,9.61,0.98
34.387,0.39,9.65,1.69
34.431,-0.39,10.04,2.55
34.475,-0.43,9.53,2.51
34.518,1.77,9.89,3.92
34.562,3.1,13.53,1.49
34.606,-2.24,18.24,0.35
34.651,-0.86,8.2,-3.8
34.697,-2.08,10.98,-0.82
34.742,0.24,11.89,-2.28
34.786,1.33,7.41,-1.1
34.83,-0.12,8.39,-1.10266948
35.228,-2.55,10.43,4.08
35.273,-6.79,13.38,2.71
35.319,-3.41,15.73,-0.24
35.364,-2.39,4.86,-1.14
35.408,1.1,12.24,-1.69
35.454,-1.69,10.51,-0.59
35.499,-2.39,8.9,-0.71
35.543,0.16,7.45,-0.2
35.586,1.65,6.43,0.16
35.629,-0.16,7.3,2.98
35.673,-1.02,8.79,2.2
35.716,0.2,7.49,2.51
35.758,1.06,8.98,2.16
35.803,-0.63,10.79,2.51
35.847,1.29,10.55,3.41
35.891,1.49,10.24,3.57
35.934,3.02,15.61,0.51
35.98,-1.18,12.36,-0.71
36.026,-1.88,10.2,-0.78
36.071,0.39,11.49,-1.26
36.115,0.9,9.1,-0.2
36.158,1.29,7.06,-0.94
36.203,-1.02,8.98,-0.35
36.247,-2.79,8.59,1.06
36.291,-1.1,7.53,0.98
36.334,-1.18,8.36,1.02
36.378,-1.37,8.36,2.39
36.422,-2.08,9.18,1.69
36.467,-2.08,11.69,2.35
36.512,-0.94,10.16,4.2
36.556,-3.06,10.32,3.1
36.602,-8.9,19.97,-2.67
36.647,1.45,12.36,-4.31
36.692,-2.12,9.18,-0.24
36.738,-1.53,12.24,-2.75
36.782,-2.9,7.77,-0.55
36.826,0.27,7.61,-0.59
36.87,1.8,7.73,-0.39
36.915,-0.71,9.38,-0.59
36.958,-0.55,9.38,1.53
37.001,0.24,8.39,1.57
37.044,0.82,8.79,2.39
37.088,-1.1,9.77,1.84
37.132,-0.2,10.55,2.82
37.175,1.06,9.92,3.45
37.22,3.02,17.18,-0.08
37.265,-0.75,14.24,0.27
37.311,-1.84,10.16,-1.92
37.355,-0.27,11.45,1.41
37.399,0.35,8.9,-0.12
37.443,1.18,7.1,-0.39
37.488,-0.98,8,-0.43
37.531,-2.67,8.55,0.43
37.575,-0.63,9.96,1.33
37.619,-1.45,9.3,1.29
37.663,-1.33,8.28,1.73
37.706,-2.12,8.43,1.02
37.75,-1.88,9.22,1.26
37.795,-2.82,10.59,1.92
37.84,-1.96,10.32,3.84
37.884,-3.8,10.43,4.28
37.93,-7.88,15.3,-0.31
37.976,-1.49,14.91,-4.04
38.021,-1.84,7.34,-0.82
38.066,0.27,16.16,-3.96
38.111,-1.1,7.85,-0.16
38.155,-3.53,8.51,-0.63
38.199,1.06,7.77,-0.2
38.242,0.47,7.69,1.61
38.286,-0.35,9.57,1.22
38.329,-1.57,9.57,2.28
38.372,0.94,7.88,1.53
38.415,1.49,9.81,1.37
38.458,-0.55,9.69,3.06
38.503,-0.78,10.08,2.98
38.547,-0.63,9.89,4.47
38.591,1.33,13.61,2.16
38.636,2.86,18.67,-0.63
38.68,-1.69,8.43,-2.63
38.725,-3.53,10.47,2
38.77,1.53,11.18,-6.28
38.814,-0.04,9.53,0.2
38.857,0.12,8.04,-0.82
38.902,-2.2,8.71,-1.18
38.946,-1.65,8.63,1.1
38.99,-1.96,9.02,0.94
39.033,-1.29,8.08,1.61
39.077,-1.73,8.08,1.77
39.121,-2.51,9.38,2.31
39.166,-2.16,11.06,1.8
39.211,-2.28,10.4,3.65
39.254,-2.51,9.96,4.43
39.299,-7.37,15.65,0.2
39.345,-1.02,14.36,-2.63
39.39,-2.35,6.63,-0.39
39.434,0.16,16.71,-3.69
39.478,-1.06,8.47,0.67
39.523,-3.18,7.57,-0.12
39.567,1.1,6.39,-0.27
39.611,1.37,6.83,-0.24
39.654,-1.06,9.38,1.37
39.698,-1.02,8.9,1.77
39.742,-0.78,8.2,2.08
39.784,0.75,9.49,1.65
39.829,-1.29,11.22,2.67
39.873,0.98,10.4,3.53
39.917,1.18,11.81,1.88
39.962,2.86,18.28,-0.31
40.007,-2.75,10.08,-3.77
40.051,-3.41,9.26,2
40.097,-0.43,15.1,-3.45
40.141,1.18,6.63,-0.94
40.184,0.51,8.12,-0.67
40.229,-2.47,8.55,-0.94
40.273,-3.18,8.83,0.43
40.318,-0.59,10.71,0.86272435
40.449,-2.39,8.12,1.10272566
40.807,-0.08,13.22,-2.43
40.851,-0.86,8.98,0.24
40.896,-2.94,8,-0.82
40.94,0.31,8.04,-0.08
40.983,1.22,7.88,-0.78
41.027,0.04,9.92,-0.39
41.071,-0.78,9.85,1.1
41.114,0.12,8.47,1.1
41.156,0.24,8.9,2
41.2,0.59,10.04,1.61
41.244,-0.27,9.96,3.41
41.287,0.16,9.61,3.61
41.33,0.71,12.12,2.63
41.375,2.2,17.77,-0.2
41.42,-1.77,9.38,-4.2
41.465,-3.18,11.77,0.08
41.511,-0.12,12.2,-3.18
41.554,1.96,7.77,-0.98
41.598,0.55,7.61,-1.02
41.644,-3.57,10.51,-0.16
41.688,-2.2,8.51,1.37
41.731,-0.75,9.77,1.33
41.775,-1.57,8.55,1.37
41.819,-1.37,7.85,1.53
41.863,-2.47,8.2,1.8
41.907,-2.08,10.79,1.69
41.952,-2.51,10.59,2.79
41.997,-4.94,11.89,2.31
42.043,-9.73,19.53,-0.24
42.088,-4.47,7.45,-0.31
42.131,0.43,8.12,-2.82
42.177,-1.49,13.93,-1.73
42.222,-1.49,9.57,-0.75
42.267,-1.41,8.83,-0.82
42.311,0.63,7.85,-0.47
42.353,0.51,7.14,0.51
42.397,-0.78,9.1,1.29
42.441,-0.67,8.59,1.49
42.483,0.59,8.39,2.51
42.526,1.18,8.36,1.41
42.571,-1.22,10.08,2.12
42.615,0.94,10.4,4.24
42.658,0.08,11.65,1.8
42.703,3.22,19.89,-0.82
42.747,0.12,9.92,-3.96
42.792,-4.51,11.06,1.84
42.837,-1.33,9.61,-0.43
42.88,1.37,8.98,-1.45
42.924,0.78,8.08,-0.71
42.969,-2.47,8.51,-0.04
43.013,-1.22,9.1,0.78
43.056,-1.61,9.22,0.98
43.1,-0.82,9.61,1.06
43.144,-2.28,8.75,1.33
43.188,-2.75,8.55,1.29
43.231,-1.65,9.26,1.57
43.276,-2.31,10.67,2.28
43.321,-2.51,10.51,3.26
43.365,-2.08,8.87,4.55
43.409,-5.96,12.24,1.92
43.455,-5.73,17.5,-1.02
43.5,-3.69,6.55,-0.86
43.545,1.14,11.1,-2.31
43.59,-1.84,9.53,-0.35
43.634,-1.92,9.02,-0.08
43.679,-1.73,8.24,-0.16
43.722,1.49,8.87,0.35
43.766,0.31,9.02,-1.18
43.809,-1.37,9.49,1.33
43.853,-0.04,8.55,1.18
43.896,0.35,8.79,1.65
43.939,0.82,9.22,1.22
43.982,-0.35,9.96,2.43
44.025,0.12,9.89,2.75
44.068,0.08,9.81,4.16
44.112,2.2,14,2.35
44.156,1.53,15.42,-0.94
44.201,-1.1,9.06,-4.28
44.246,-6.2,11.65,2.47
44.291,0.75,10.55,-5.14
44.334,1.02,8.08,-0.2
44.379,-0.27,7.88,-0.75
44.424,-2.47,9.69,-0.2
44.468,-1.49,9.18,1.06
44.512,-1.1,9.57,1.45
44.555,-1.29,8.67,1.53
44.599,-2.35,8.12,1.49
44.643,-2.04,8.32,1.61
44.687,-1.65,9.65,1.65
44.731,-2.63,11.02,2.94
44.775,-2.71,9.73,4.63
44.82,-6.32,11.81,2.47
44.866,-5.96,17.85,-1.22
44.911,-2.94,7.49,-1.49
44.955,0.63,13.02,-2.47
45,-2.82,9.57,-1.33
45.045,-1.92,9.61,-0.27
45.09,-1.65,7.06,-1.41
45.132,2.98,6.79,0.98
45.175,0.04,8.87,0.59
45.219,-0.94,9.53,1.33
45.263,-0.35,8.43,1.18
45.305,0.75,8.2,1.8
45.348,1.26,9.92,1.26
45.393,-1.77,10.04,3.02
45.437,-0.43,9.73,3.06
45.48,0.67,10.83,4.2
45.525,4.08,17.1,-0.39
45.571,-2.63,12.51,-0.59
45.617,-0.55,10.08,-4.71
45.661,-1.26,9.49,2.9
45.704,0.16,9.92,-0.82
45.748,1.02,8.24,-0.43
45.793,-1.77,8.94,-1.37
45.837,-2.24,7.41,0.35277954
45.969,-1.73,8.51,1.88278086
46.101,-2.47,10.59,1.41278219
46.28,-4.98,8.79,-1.02
46.325,0.86,10.24,-2.39
46.371,-1.88,10.51,-0.78
46.416,-0.67,9.69,-0.2
46.461,-1.45,8.16,-1.06
46.504,1.37,7.69,-0.2
46.55,-1.65,10.2,-0.94
46.594,-0.71,9.92,1.1
46.638,-1.29,9.3,1.73
46.68,0.67,7.92,1.26
46.723,0.24,9.41,2
46.767,-0.63,9.85,1.37
46.812,-0.16,10.47,2.12
46.856,-0.04,10.16,4.24
46.9,3.1,13.49,1.37
46.944,2.28,18.48,0.55
46.989,-2.28,9.85,-1.77
47.034,-4.08,10,-0.63
47.08,-0.27,10.24,-2.75
47.124,0.63,7.65,-0.16
47.169,-0.43,9.96,-1.02
47.214,-2.51,10.47,0.27
47.257,-2.16,8.71,0.16
47.301,-1.29,9.69,0
47.346,-0.51,10.12,0.9
47.39,-2.04,9.26,1.22
47.433,-2.16,8.43,1.14
47.477,-1.88,8.67,1.37
47.521,-1.22,9.92,1.57
47.566,-1.61,10.08,2.31
47.609,-2.2,9.77,2.75
47.653,-1.65,9.06,3.45
47.698,-3.92,11.41,2.59
47.743,-5.06,15.69,0.12
47.789,-3.61,13.42,-0.71
47.833,-0.12,7.18,-1.88
47.879,-2.08,13.81,-2
47.924,0.12,10.47,-0.24
47.969,-2.04,9.49,-1.14
48.013,1.84,8.71,-2.55
48.057,-0.2,9.18,-0.43
48.102,-1.57,10.04,1.1
48.146,-0.43,8.71,1.06
48.189,0.24,9.18,1.33
48.231,0.31,8.43,2.28
48.275,-0.12,9.26,1.53
48.319,0.16,10.94,2
48.362,0.47,9.77,4.24
48.405,2.2,10.51,2.94
48.45,1.29,18.83,-0.59
48.496,-2.2,10.51,-1.33
48.541,-4.24,12.32,0
48.584,-1.02,9.1,0.35
48.628,0.59,9.26,-1.8
48.672,0,7.88,-0.78
48.717,-2.47,9.81,-0.16
48.76,-2.63,9.41,0.24
48.804,-1.49,9.69,0.86
48.848,-0.94,9.34,0.55
48.892,-1.92,8.83,1.14
48.935,-2.2,8.24,1.06
48.979,-1.88,9.18,1.37
49.024,-2.04,11.14,2.12
49.069,-1.69,10.32,2.71
49.113,-2.2,9.69,4.75
49.157,-4.16,10.36,3.45
49.203,-6.43,14.36,-2.35
49.249,-1.06,14.24,-5.26
49.294,-1.84,7.34,-0.04
49.34,-2.08,16.28,-4.79
49.383,-2.2,8.16,0.86
49.428,-2.98,7.06,-1.06
49.472,1.77,8.87,-0.82
49.516,-0.35,8.67,1.61
49.559,-0.86,9.02,2.12
49.603,-0.43,8.36,1.57
49.646,0.63,8.47,2.39
49.689,0.86,9.3,1.92
49.733,-0.39,10.2,2.28
49.776,0.47,9.26,4.28
49.819,1.22,9.53,3.49
49.863,3.45,14.08,0.78
49.907,-1.29,17.89,1.1
49.952,-1.77,8.9,-3.1
49.996,4.31,10.51,1.14
50.041,-1.06,10.9,0.27
50.084,1.33,6.59,-1.45
50.129,-1.06,8.43,-0.27
50.173,-3.14,8.71,0.55
50.217,-1.06,8.94,1.1
50.26,-1.49,9.26,1.1
50.304,-1.96,9.18,1.53
50.348,-1.96,8.36,1.06
50.392,-1.84,9.38,0.67
50.437,-2.67,10.04,2.08
50.481,-1.57,10.32,3.22
50.526,-2.79,10.16,3.88
50.571,-6.55,11.26,1.69
50.617,-3.33,18.79,-0.59
50.662,-2.59,6.43,-0.35
50.705,0.9,9.89,-3.53
50.751,-2.12,12.32,-1.26
50.797,-1.49,10.32,-0.24
50.842,-1.8,8.51,-1.22
50.885,1.69,8.55,-1.88
50.93,-0.71,9.53,-0.12
50.974,-1.57,9.41,1.1
51.017,0.04,8.24,2.2
51.059,1.06,8,1.84
51.103,0.9,10.24,1.41
51.147,-2,9.57,2.86
51.191,-0.08,9.81,2.71
51.234,-0.04,9.18,3.96
51.278,2.08,14.08,1.77
51.323,2.75,18.12,-1.10283441
51.456,0.59,9.81,-1.57
51.499,0.16,8.98,0.43283616
51.72,-1.22,9.49,1.06283837
51.94,-2.82,9.92,3.14284056
52.21,-2.31,12.79,-2.31284327
52.299,-1.88,8.63,-0.86
52.343,1.69,8.08,-0.75
52.385,0.9,9.38,0.16
52.429,-1.1,9.92,1.18
52.473,-1.41,9.1,1.33
52.516,0.27,8.79,1.61
52.558,0.67,8.59,2.35
52.601,0.39,8.94,1.18
52.646,-0.12,10.55,2.75
52.69,0.04,10.08,3.61
52.734,3.26,15.42,-0.27
52.778,2.39,17.14,3.18
52.822,0.71,9.96,-5.69
52.867,-6.04,12.28,2.35
52.912,-1.22,9.73,-1.53
52.956,0,10.47,-0.71
53.001,-0.04,8.63,-0.51
53.046,-1.73,8.75,-0.59
53.091,-1.69,8.51,-0.47
53.135,-1.69,10.2,0.51
53.179,-1.73,9.65,0.63
53.223,-2.16,9.06,1.14
53.267,-2.51,7.88,0.82
53.31,-2.55,8.63,1.49
53.355,-2.59,10.43,1.73
53.4,-2.86,10.16,2.55
53.444,-2.2,9.77,3.33
53.489,-4.16,10.32,2.75
53.534,-7.22,16.36,-0.24
53.58,-4.75,11.77,-1.61
53.624,0.2,8.67,-1.88
53.67,-1.18,12.71,-2.47
53.716,-0.94,10,-0.55
53.76,-2.35,9.18,-0.98
53.804,0.59,7.96,-0.71
53.849,-0.27,8.63,-0.9
53.894,-0.86,9.69,-0.2
53.938,-1.53,9.57,1.02
53.98,0.31,8.51,0.9
54.023,0.16,9.3,1.29
54.066,0.35,9.34,1.8
54.109,-0.67,9.49,2.39
54.154,-0.27,10.2,2.75
54.197,0.75,9.73,4
54.241,2.59,14.75,0.39
54.285,-1.92,17.1,0.59
54.33,-0.16,9.14,-4.28
54.375,-2.59,12.67,2.98
54.421,-0.86,11.26,-3.84
54.465,1.33,8.87,-0.59
54.509,-0.35,7.85,-0.27
54.554,-2.28,9.1,-1.06
54.598,-1.61,8.43,0.82
54.643,-2.24,10.83,0.47
54.688,-1.41,10.16,0.94
54.731,-1.45,9.02,1.22
54.775,-2.12,9.06,1.22
54.819,-2.16,8.98,1.29
54.863,-2.63,9.18,2.04
54.906,-2.55,8.71,2.71
54.95,-3.06,9.53,2.82
54.994,-3.53,9.45,3.53
55.039,-6.94,13.06,0.9
55.084,-4.04,17.26,-0.35
55.129,-3.18,6.98,-1.06
55.174,1.02,10.2,-3.02
55.219,-2.55,9.69,-0.2
55.265,-1.29,10.67,-0.51
55.309,-1.02,8.71,-0.9
55.353,0.55,8.24,-0.63
55.397,1.37,8.08,-1.02
55.441,-2.31,9.89,0.98
55.484,-0.59,8.55,1.02
55.527,0.59,8.16,1.57
55.57,0.39,8.9,2
55.615,-1.22,10.79,2.16
55.658,-0.08,9.89,3.26
55.702,1.41,11.14,2.63
55.747,2.31,15.93,-0.78
55.793,-1.73,14.28,-0.67
55.838,-2.43,9.89,-2.79
55.882,-1.49,10.98,1.22
55.926,0.12,9.92,-1.49
55.97,0.24,8.36,-0.47
56.015,-1.1,9.18,-0.43
56.059,-2.04,8.94,-0.12
56.103,-2.43,8.94,0.27
56.148,-1.61,10.51,0.47
56.192,-2.08,9.34,0.59
56.235,-2.39,8.2,1.33
56.279,-2.24,8.79,1.26
56.324,-1.73,10.08,2.08
56.369,-2.08,10.28,2.31
56.413,-1.88,9.81,3.45
56.456,-2.39,9.65,3.3
56.501,-7.18,13.3,1.53
56.547,-2.63,17.1,-2
56.592,-3.22,6.32,-0.9
56.637,1.14,13.89,-3.18
56.68,-2.55,8.9,0.08
56.725,-2.79,9.26,-0.78
56.769,0.12,8.08,-0.98
56.813,0.94,8.36,-1.02
56.856,0.27,9.22,-1.14
56.9,-1.96,9.69,1.69
56.944,-0.51,7.61,0.9
56.987,0.31,8.67,2
57.03,0.63,10.08,1.02
57.074,0.12,10.63,2.31
57.118,0.39,10.16,3.8
57.16,1.49,9.49,3.22
57.205,2.79,17.65,-1.14
57.251,-3.69,12.51,-0.31
57.297,-3.77,10.16,-1.33
57.343,-0.98,13.49,-1.8028946
57.782,-0.67,10.4,3.06
57.826,-3.37,9.89,2.75
57.87,-2.28,9.73,4.71
57.915,-4.86,10.28,2.55
57.96,-5.61,17.61,-2.39
58.006,-2.98,10.12,-2.79
58.051,-2.12,8.83,-0.98
58.096,0.47,14.98,-4.55
58.141,-1.69,7.53,-0.75
58.185,-2.59,8.36,-0.75
58.228,0.78,8.9,0.2
58.271,0,8.87,0.35
58.315,-0.16,8.87,0.39
58.358,-1.53,9.73,1.77
58.401,0.67,8.28,1.37
58.444,1.02,9.18,1.96
58.488,-0.51,9.61,1.96
58.53,0.24,9.34,2.39
58.575,-0.27,10,3.69
58.619,1.49,13.02,1.02
58.663,0.16,20.01,0.2
58.707,-2.12,9.73,-3.8
58.752,-3.41,13.65,2.39
58.797,-1.06,9.02,-3.45
58.841,1.45,6.47,-1.22
58.887,-1.77,10.04,-0.04
58.93,-2.2,9.65,0.94
58.974,-2.79,9.14,0.31
59.018,-1.45,9.96,0.94
59.062,-1.65,9.34,0.71
59.105,-1.84,9.22,0.78
59.149,-2.51,8.87,1.22
59.193,-1.73,9.53,1.26
59.237,-1.65,9.49,1.29
59.28,-1.77,9.45,2
59.324,-1.18,8.67,2.47
59.368,-1.73,8.67,3.53
59.413,-5.22,11.49,2.47
59.458,-4.04,17.61,-0.63
59.504,-3.77,12.28,-2.16
59.548,1.61,7.65,-2.08
59.594,-3.41,11.77,-0.86
59.639,-0.55,9.45,-0.16
59.683,-2.51,9.65,-2.08
59.728,-0.16,8.2,-2
59.773,0,10.28,-0.39
59.818,-1.26,10.28,0.35
59.862,-1.84,9.61,0.51
59.904,0.27,8.83,0.71
59.947,0.9,8.67,1.18
59.99,0.63,9.26,1.61
60.033,-1.33,9.34,2.55
60.076,0.71,9.81,2.35
60.12,-0.24,9.22,4
60.165,2.35,14.67,-0.71
60.21,-1.77,15.65,-0.2
60.256,-0.35,10.16,-4.71
60.3,-5.02,9.53,2.31
60.344,0.04,8.83,-2.86
60.388,0.24,9.02,-0.63
60.432,-0.47,9.02,-0.82
60.478,-2.67,10.4,-0.39
60.522,-2.08,8.79,0.31
60.566,-1.73,9.89,0.16
60.609,-1.65,9.69,0.47
60.653,-1.41,9.77,1.1
60.697,-2.12,8.71,0.94
60.741,-1.8,8.98,1.33
60.784,-2.08,9.65,1.57
60.828,-2.2,9.49,2.39
60.872,-2.43,8.51,2.63
60.916,-2.12,9.02,2.86
60.959,-3.14,9.45,2.86
61.005,-6.24,14.16,-0.16
61.05,-4.35,16.59,0.67
61.095,-2.39,7.92,-1.06
61.14,0.55,10.87,-3.65
61.185,-2.63,10.16,-0.75
61.231,-2,10.87,-0.43
61.276,-2.47,8.75,-0.43
61.32,0.12,9.1,-1.45
61.365,-0.82,9.41,-1.14
61.408,-2.35,9.38,0.43
61.452,-0.67,9.77,0.43
61.495,0.24,9.69,0.63
61.538,0.39,9.3,0.78
61.58,0.55,9.02,1.14
61.624,-1.26,9.53,1.61
61.667,0.43,9.41,1.45
61.709,0.16,9.77,2.43
61.752,0.35,9.65,2.98
61.796,1.18,11.34,2.31
61.84,0,16.59,1.33
61.885,-0.35,10.67,-1.29
61.931,-0.39,11.06,-2.79
61.975,-2.55,9.02,0.12
62.02,0.67,10.04,-3.8
62.066,-1.33,10,-1.1
62.11,-1.06,8.36,-0.9
62.154,-2.31,9.96,0.08
62.199,-2.35,9.3,-0.24
62.244,-1.22,9.45,-0.47
62.288,-2.08,9.69,0.43
62.331,-2.43,9.49,0.24
62.376,-2.2,10.2,0.9
62.42,-2.47,9.53,0.63
62.464,-2.75,9.41,0.82
62.508,-3.26,11.77,0
62.554,-4.79,13.14,-0.39
62.6,-1.65,10.83,-0.55
62.645,-0.82,8.79,-1.84
62.691,-0.39,10.51,-1.45
62.737,-1.18,10.12,-0.9
