NAME:,ofekwalk2.csv
EXPERIMENT TIME:,Tue May 24 18:46:43 GMT+03:00 2022
ACTIVITY TYPE:,Walking
COUNT OF ACTUAL STEPS:,112

Time [sec],ACC X,ACC Y,ACC Z
953.10,2.16,8.94,1.49
953.15,2.16,9.26,1.53
953.20,2.20,9.02,1.41
953.26,2.55,8.98,1.14
953.31,2.35,8.79,1.61
953.36,1.96,8.28,1.45
953.42,0.59,7.96,1.41
953.47,1.73,10.87,1.49
953.52,2.08,7.69,1.06
953.58,2.59,8.24,0.67
953.63,1.96,11.85,4.35
953.68,0.90,10.79,3.8
953.74,1.53,8.32,3.37
953.79,1.02,7.30,3.88
953.84,0.51,7.34,4.04
953.90,1.65,8.00,3.84
953.95,0.98,7.81,5.02
954.00,0.67,7.88,5.65
954.06,0.82,11.02,6.43
954.11,5.30,12.98,4.75
954.16,4.94,4.79,4.0
954.22,4.86,9.73,0.98
954.27,2.20,7.81,0.98
954.33,3.80,7.26,1.41
954.38,1.53,7.45,1.29
954.43,2.51,8.08,1.53
954.49,0.71,8.71,2.2
954.54,0.51,8.08,1.57
954.59,4.28,7.96,1.49
954.65,-0.39,10.00,1.45
954.70,-0.39,11.22,3.73
954.76,3.92,11.69,-0.47
954.81,3.92,12.28,-0.59
954.86,-1.06,13.18,1.49
954.92,2.59,10.71,0.98
954.97,0.59,4.86,1.57
955.02,1.02,4.63,3.06
955.08,2.24,4.82,2.9
955.13,2.47,7.18,5.41
955.18,1.22,12.59,1.65
955.24,0.71,14.59,10.43
955.29,10.32,12.20,2.39
955.34,-1.53,3.18,3.84
955.40,4.75,12.71,-0.39
955.45,3.96,5.30,0.35
955.51,0.43,8.63,-0.94
955.56,-0.12,9.30,1.69
955.61,2.67,6.86,-1.33
955.67,-0.20,7.61,2.98
955.72,1.18,10.83,2.08
955.77,3.41,11.45,0.82
955.83,6.12,11.14,-1.41
955.88,4.82,14.04,-0.24
955.93,-4.98,12.20,2.04
955.99,2.12,9.45,0.98
956.04,0.86,2.90,2.2
956.10,1.26,5.53,2.9
956.15,2.79,5.57,3.33
956.20,0.20,8.04,5.26
956.26,2.47,10.51,1.14
956.31,-0.94,13.85,9.81
956.36,7.02,11.96,4.71
956.42,-0.39,3.88,5.06
956.47,2.08,9.30,3.26
956.53,2.08,6.63,1.14
956.58,-0.82,8.12,0.2
956.63,0.86,7.96,1.96
956.69,-1.02,8.00,3.77
956.74,-0.35,6.75,3.41
956.79,-1.06,10.94,2.67
956.85,3.30,10.16,2.9
956.90,4.86,10.36,-1.1
956.95,6.16,14.87,-0.43
957.01,-4.20,12.36,2.08
957.06,1.80,9.92,2.47
957.12,-1.18,4.90,1.88
957.17,-0.47,3.69,2.59
957.22,2.86,5.14,2.86
957.28,2.31,7.61,6.63
957.33,2.47,10.08,0.98
957.39,-0.55,14.79,9.57
957.44,9.85,12.32,-0.75
957.49,-2.82,3.53,5.14
957.55,5.65,14.32,-0.71
957.60,3.69,4.39,1.49
957.66,-3.33,6.71,4.35
957.71,0.55,8.71,1.65
957.76,-2.35,8.94,2.86
957.82,1.45,8.24,1.69
957.87,-5.37,12.51,2.0
957.93,5.61,11.96,1.33
957.98,7.65,12.32,-2.82
958.03,0.20,10.71,2.31
958.09,0.43,12.55,1.06
958.14,-1.80,4.94,3.18
958.20,1.29,4.79,1.8
958.25,0.31,3.57,2.82
958.30,1.88,5.53,3.45
958.36,1.37,10.55,3.41
958.41,6.55,15.34,3.73
958.46,3.49,12.32,0.86
958.52,4.20,4.47,3.1
958.57,-1.61,7.85,1.06
958.62,7.30,7.88,1.1
958.68,2.20,6.59,1.22
958.73,-0.20,8.24,-2.55
958.78,-0.04,8.08,1.45
958.84,-1.02,8.43,2.24
958.89,2.63,8.47,1.41
958.95,-4.43,11.22,2.59
959.00,3.69,12.47,1.61
959.05,5.53,10.32,-2.04
959.11,3.53,14.00,0.12
959.16,-1.18,8.98,3.96
959.22,0.20,8.90,1.49
959.27,0.94,2.63,1.14
959.33,2.31,5.33,2.43
959.38,2.98,5.57,3.18
959.43,0.24,7.49,6.08
959.48,-0.43,11.53,2.98
959.54,5.81,20.01,6.04
959.59,7.69,12.87,4.55
959.65,0.47,5.69,1.8
959.70,2.35,9.41,1.02
959.75,3.92,4.75,1.65
959.81,-0.27,7.88,0.04
959.86,-0.16,7.77,2.86
959.91,2.24,11.89,-10.83
959.97,1.06,7.61,0.67
960.02,-2.12,11.30,1.33
960.08,2.67,11.45,1.37
960.13,6.75,9.69,-1.65
960.18,4.86,15.81,-0.71
960.24,-2.20,10.63,1.41
960.29,0.08,8.08,2.71
960.35,0.51,1.65,1.45
960.40,1.92,5.06,1.88
960.46,2.51,4.67,3.69
960.51,0.67,10.04,5.1
960.56,3.84,10.40,-0.63
960.62,4.43,20.01,8.94
960.67,2.20,-2.04,8.28
960.72,-3.14,14.95,0.39
960.78,7.02,5.73,2.94
960.83,1.69,4.79,0.86
960.88,-1.26,6.08,4.63
960.94,-0.35,8.79,1.69
960.99,-1.84,8.63,3.26
961.05,-0.35,8.39,2.51
961.10,-5.06,10.51,3.88
961.15,5.65,11.77,1.61
961.21,4.82,12.67,-1.92
961.26,3.73,13.38,1.18
961.32,0.00,9.53,3.02
961.37,1.77,7.53,2.9
961.42,0.78,2.79,2.9
961.48,1.80,5.06,2.9
961.53,1.41,5.45,3.57
961.59,0.94,12.16,3.3
961.64,14.71,20.01,-7.65
961.69,0.82,-2.67,-1.41
961.75,-3.92,4.16,2.67
961.80,4.39,19.46,-2.16
961.85,3.14,4.08,2.51
961.91,1.49,9.06,0.63
961.96,-0.24,8.90,1.06
962.02,-2.28,8.12,3.45
962.07,0.67,7.88,3.57
962.12,2.16,10.04,0.75
962.18,-2.04,10.51,3.96
962.23,2.71,12.20,0.27
962.28,6.79,11.02,-2.08
962.34,1.37,9.69,2.28
962.39,1.33,9.06,3.1
962.45,1.14,7.06,1.8
962.50,0.78,3.57,2.28
962.55,1.80,5.33,3.22
962.61,1.92,6.98,5.06
962.66,0.16,10.43,3.18
962.71,6.83,20.01,0.82
962.77,4.94,9.85,-3.84
962.82,2.55,6.83,0.47
962.87,0.71,11.26,-0.35
962.93,4.67,4.71,2.9
962.98,0.98,6.32,0.82
963.04,-0.82,8.28,1.88
963.09,2.28,10.51,-7.1
963.14,0.39,8.12,0.59
963.20,-0.78,11.92,1.8
963.25,-0.67,9.92,2.35
963.31,7.18,9.18,-2.0
963.36,5.22,16.87,-1.41
963.41,-5.57,13.22,3.22
963.47,1.57,9.38,1.84
963.52,-1.41,1.80,2.79
963.57,0.82,4.82,2.94
963.63,1.49,5.02,3.14
963.68,1.14,10.00,4.0
963.74,6.20,10.63,2.08
963.79,4.67,13.49,2.47
963.84,2.08,2.90,2.86
963.90,-1.45,7.41,3.65
963.95,8.36,9.49,0.82
964.01,-0.20,5.65,0.98
964.06,-0.55,7.57,0.98
964.11,-0.86,9.45,1.41
964.17,-0.98,8.24,1.26
964.22,0.78,10.40,1.73
964.28,0.31,10.43,5.02
964.33,2.47,12.87,-0.2
964.38,7.30,15.61,-1.37
964.44,-1.33,10.12,3.26
964.49,2.67,9.92,3.84
964.55,1.14,6.08,-6.12
964.60,0.00,3.06,2.28
964.65,3.69,5.69,2.51
964.71,2.28,9.49,5.18
964.76,1.33,11.61,1.41
964.82,-0.51,12.16,8.39
964.87,9.49,15.38,0.63
964.92,0.82,3.73,4.59
964.98,0.47,9.96,0.9
965.03,4.00,5.14,2.16
965.09,-3.22,13.18,-4.08
965.14,0.08,8.55,2.24
965.19,-0.78,8.63,1.92
965.25,-0.63,7.77,2.16
965.30,-2.35,11.10,1.22
965.35,3.92,12.91,1.77
965.41,6.83,9.26,-2.98
965.46,5.81,14.04,-0.24
965.52,-3.41,10.32,3.88
965.57,0.82,7.96,2.0
965.62,0.00,2.28,2.35
965.68,1.92,6.24,2.43
965.73,1.80,5.77,4.24
965.79,-0.86,8.90,5.88
965.84,6.08,8.59,-1.33
965.89,-1.14,12.28,11.18
965.95,11.57,10.16,-3.96
966.00,-0.94,2.12,5.1
966.05,6.00,16.00,-1.53
966.11,2.08,6.08,1.33
966.16,-0.78,8.51,1.18
966.22,-0.08,8.67,1.57
966.27,-0.82,7.37,2.16
966.33,-0.43,10.36,1.92
966.38,-0.94,10.59,1.96
966.43,5.61,12.83,-2.59
966.49,5.53,14.98,-1.49
966.54,-4.94,13.22,7.3
966.59,3.57,9.77,-0.67
966.65,-1.41,2.16,3.49
966.70,1.29,4.82,2.43
966.76,0.90,4.63,3.49
966.81,1.29,7.26,5.69
966.86,2.82,9.30,1.88
966.92,4.43,19.93,5.69
966.97,7.10,6.28,6.04
967.03,-0.27,5.65,3.77
967.08,7.10,11.57,-0.59
967.14,2.79,5.18,1.88
967.19,1.41,7.85,-0.47
967.24,0.20,8.67,1.96
967.30,-1.29,8.47,2.39
967.35,0.00,8.32,1.84
967.41,-2.51,10.47,2.08
967.46,1.77,12.79,1.61
967.51,6.94,11.89,-3.37
967.57,-0.31,11.57,1.18
967.62,0.24,10.63,3.37
967.67,0.63,7.65,2.35
967.73,0.75,2.55,2.39
967.78,1.80,5.84,3.18
967.84,1.33,5.57,3.61
967.89,0.31,9.49,3.26
967.95,10.79,20.01,-2.71
968.00,10.24,8.08,-10.79
968.05,-1.45,4.28,4.39
968.11,0.35,12.91,0.27
968.16,7.57,4.43,3.65
968.22,-0.59,8.20,0.39
968.27,-1.14,7.88,1.96
968.32,-10.67,6.98,19.14
968.38,-1.22,8.67,3.37
968.43,1.18,10.75,2.71
968.48,-1.96,9.89,3.37
968.54,2.08,12.47,0.39
968.59,5.26,10.67,-3.02
968.65,-0.51,12.83,6.2
968.70,3.49,10.83,-0.04
968.76,0.86,5.33,2.82
968.81,1.80,3.53,2.55
968.86,1.96,5.69,3.61
968.92,1.06,6.90,4.75
968.97,-0.35,10.32,2.71
969.03,8.43,20.01,0.59
969.08,7.26,16.16,1.22
969.13,-1.14,5.61,2.51
969.19,2.39,12.12,-1.92
969.24,5.10,5.53,2.04
969.29,-0.67,7.69,1.22
969.35,-0.08,8.00,0.86
969.40,-1.18,9.10,2.12
969.46,-0.24,7.77,2.94
969.51,0.35,11.22,1.26
969.56,2.08,9.92,3.73
969.62,2.20,10.43,0.63
969.67,6.83,14.12,-0.98
969.72,-1.73,12.47,1.45
969.78,1.88,9.77,1.57
969.83,-0.51,5.88,3.45
969.89,0.63,4.00,2.31
969.94,2.39,5.73,2.82
969.99,1.96,7.26,5.49
970.05,2.16,10.24,2.79
970.10,2.20,14.91,7.02
970.16,8.20,14.59,3.06
970.21,-2.82,2.98,4.28
970.27,7.26,14.44,-1.37
970.32,3.53,5.22,1.22
970.37,-0.51,9.26,-1.49
970.43,-0.27,8.98,1.61
970.48,-2.12,8.47,2.79
970.53,0.24,7.41,2.0
970.59,-2.31,10.94,2.75
970.64,5.26,12.12,1.06
970.70,7.34,11.85,-2.28
970.75,-0.90,11.53,1.61
970.80,1.18,13.77,0.12
970.86,2.16,8.12,1.49
970.91,0.08,3.65,2.86
970.97,0.78,5.02,3.53
971.02,1.18,5.22,4.0
971.07,1.77,10.28,2.55
971.13,9.73,19.97,-0.86
971.18,6.83,7.53,-4.47
971.23,0.78,5.84,2.35
971.29,-1.22,10.04,1.61
971.34,6.55,6.04,2.71
971.39,0.67,7.41,0.31
971.45,-0.90,8.12,1.29
971.50,4.94,6.59,-3.84
971.55,-1.61,8.36,2.75
971.61,0.90,9.85,2.35
971.66,-3.26,10.16,4.04
971.72,3.41,11.53,0.75
971.77,6.24,12.12,-3.53
971.82,3.65,12.91,0.16
971.88,1.18,9.89,2.2
971.93,1.73,7.61,2.16
971.98,-1.29,3.14,3.18
972.04,1.49,5.77,2.59
972.09,1.80,4.86,2.63
972.15,2.12,9.61,3.49
972.20,3.06,9.30,0.43
972.25,-0.47,14.28,9.53
972.31,9.96,17.53,-1.14
972.36,-1.92,3.26,4.67
972.41,5.81,12.63,1.18
972.47,3.06,6.12,1.96
972.52,-8.00,4.94,2.39
972.57,0.75,8.12,1.53
972.63,-3.41,8.90,2.59
972.68,0.27,7.53,2.9
972.73,-1.37,11.02,2.28
972.79,3.14,10.98,3.02
972.84,5.10,11.77,-1.77
972.90,4.31,12.43,-1.73
972.95,-1.61,10.63,2.51
973.00,2.28,11.22,0.82
973.06,-0.75,5.06,2.16
973.11,1.61,6.00,2.9
973.16,1.37,6.28,3.53
973.22,1.61,5.61,7.96
973.27,1.26,9.30,1.53
973.33,3.80,19.18,3.96
973.38,6.35,11.14,-1.61
973.43,3.14,7.85,-0.71
973.49,1.02,7.85,-0.2
973.54,4.16,5.84,3.57
973.59,0.59,7.49,0.39
973.65,0.59,8.43,0.86
973.70,-9.14,5.14,19.53
973.76,-1.53,8.24,3.3
973.81,-0.24,11.06,1.37
973.86,-0.35,9.92,4.08
973.92,2.39,12.12,0.16
973.97,7.85,11.77,-1.8
974.02,-8.55,9.77,18.01
974.08,-0.16,13.38,3.3
974.13,0.08,5.61,2.31
974.18,0.59,4.04,2.24
974.24,1.06,6.12,2.9
974.29,1.49,5.96,4.2
974.35,-0.94,11.18,3.18
974.40,4.79,16.79,4.9
974.45,1.84,9.06,2.2
974.51,7.96,6.16,2.47
974.56,-0.59,3.45,2.86
974.61,4.55,8.67,2.82
974.67,1.77,6.20,1.14
974.72,-2.63,6.98,5.37
974.77,0.59,8.94,1.1
974.83,-2.67,9.77,3.26
974.88,-0.16,8.47,3.33
974.93,-2.39,10.90,3.57
974.99,4.28,12.87,-1.02
975.04,7.45,13.06,-2.39
975.10,-16.20,3.49,20.01
975.15,2.82,12.59,-0.24
975.20,-0.55,5.45,1.84
975.26,1.18,3.92,2.24
975.31,1.22,5.18,2.82
975.37,1.49,5.65,4.31
975.42,0.00,11.02,2.63
975.47,6.32,17.85,0.71
975.53,0.47,10.59,6.0
975.58,6.20,8.16,-0.04
975.64,0.12,4.79,2.71
975.69,7.77,9.10,0.86
975.74,0.71,6.90,0.24
975.80,-1.49,7.22,0.08
975.85,1.77,7.30,1.02
975.91,-1.53,8.28,3.02
975.96,-0.27,9.61,2.82
976.01,-1.53,11.06,3.33
976.07,3.02,12.28,1.18
976.12,6.79,10.40,-2.47
976.18,-0.55,13.85,-1.1
976.23,1.45,11.45,1.26
976.28,-0.75,7.88,4.0
976.34,0.55,4.20,2.51
976.39,1.10,5.49,3.26
976.45,1.18,6.12,3.88
976.50,0.16,10.94,1.84
976.55,8.71,19.89,0.12
976.61,6.59,9.49,-5.65
976.66,0.27,6.71,2.71
976.72,0.20,10.98,0.16
976.77,5.88,5.81,2.71
976.82,-0.12,8.43,0.67
976.88,-0.86,7.57,1.14
976.93,-1.02,8.43,2.43
976.98,-0.67,8.24,3.22
977.04,0.82,10.71,2.16
977.09,-1.02,11.89,4.47
977.15,3.18,11.85,-0.27
977.20,5.57,11.06,-2.04
977.26,3.65,12.43,-0.16
977.31,1.06,9.41,2.2
977.36,0.82,5.61,2.24
977.42,1.69,4.82,2.39
977.47,1.06,5.30,3.45
977.52,0.59,5.73,4.31
977.58,0.98,11.02,1.96
977.63,5.30,18.20,3.18
977.69,6.51,14.04,-1.77
977.74,1.84,6.43,0.39
977.79,1.10,11.61,-0.82
977.85,5.77,5.77,2.28
977.90,-1.14,6.32,0.12
977.96,-1.18,8.51,1.45
978.01,-0.90,6.90,2.04
978.06,-0.24,8.47,1.96
978.12,0.47,10.67,2.31
978.17,-2.28,10.59,4.0
978.23,1.73,10.36,0.59
978.28,6.51,10.87,-1.18
978.33,-0.27,14.47,0.67
978.39,0.86,10.79,1.14
978.44,1.41,5.37,3.65
978.50,1.06,3.73,2.24
978.55,1.41,5.81,3.45
978.60,0.82,7.10,4.35
978.66,1.37,10.55,2.43
978.71,3.41,17.38,6.04
978.77,5.92,17.61,0.16
978.82,0.27,6.39,3.33
978.87,3.65,10.08,0.86
978.93,3.92,5.53,2.16
978.98,-0.51,7.14,0.59
979.04,-0.71,8.98,1.69
979.09,-0.47,7.65,2.24
979.14,0.35,6.83,2.51
979.20,0.67,11.34,1.29
979.25,0.75,10.51,3.84
979.31,6.43,10.98,-1.92
979.36,6.75,14.32,-1.53
979.41,-4.55,13.73,0.51
979.47,1.92,8.94,2.98
979.52,-0.51,3.69,2.0
979.58,1.22,5.18,2.47
979.63,1.61,5.45,3.45
979.68,0.94,7.26,5.22
979.74,4.28,8.16,0.31
979.79,1.10,17.89,9.57
979.85,5.18,3.84,8.47
979.90,-1.73,4.82,3.06
979.95,8.04,9.41,0.71
980.01,2.20,4.79,2.24
980.06,-1.14,7.96,0.67
980.12,0.04,9.06,1.14
980.17,-1.10,9.30,2.39
980.22,-0.04,7.81,2.47
980.28,-2.75,11.85,2.39
980.33,2.75,11.49,0.78
980.39,7.57,13.22,-2.59
980.44,0.12,11.26,1.49
980.49,1.80,9.10,1.33
980.55,0.31,6.08,3.37
980.60,1.88,4.20,2.86
980.66,1.45,5.14,3.49
980.71,0.35,5.77,3.84
980.76,-0.31,9.49,3.18
980.82,6.51,18.79,0.39
980.87,10.24,15.02,-3.57
980.93,-3.06,3.69,2.12
980.98,0.82,15.77,-1.92
981.03,4.39,5.06,2.63
981.09,-1.14,6.67,0.98
981.14,0.00,7.88,1.22
981.20,2.59,10.87,-7.26
981.25,0.35,7.06,3.22
981.30,0.67,10.59,1.88
981.36,1.77,10.47,4.04
981.41,2.16,11.30,2.47
981.47,7.45,13.10,-1.69
981.52,-3.69,12.43,2.63
981.57,2.35,10.36,2.28
981.63,-0.51,4.79,2.75
981.68,1.61,4.55,2.39
981.74,2.00,5.33,3.69
981.79,1.02,7.41,4.35
981.84,0.24,10.40,2.43
981.90,1.37,17.65,4.04
981.95,7.37,13.18,-4.12
982.01,1.14,5.49,0.94
982.06,0.43,5.73,3.57
982.11,4.04,5.30,2.31
982.17,-0.67,8.04,0.35
982.22,1.29,9.26,-0.16
982.28,-1.41,8.55,2.47
982.33,-3.18,6.51,6.9
982.39,-0.24,11.81,1.69
982.44,3.33,9.34,4.08
982.49,5.14,12.79,-2.35
982.55,5.37,12.51,-0.51
982.60,-4.20,8.94,7.49
982.66,2.28,8.75,2.55
982.71,-0.51,3.06,2.94
982.76,1.53,5.57,3.06
982.82,1.22,5.57,3.65
982.87,0.71,7.45,6.43
982.92,0.63,9.10,2.08
982.98,4.04,18.36,6.9
983.03,1.69,-0.94,4.39
983.09,-3.10,9.14,2.47
983.14,10.36,9.22,0.47
983.20,1.84,6.28,1.65
983.25,-3.80,7.22,7.69
983.30,-0.08,8.90,1.49
983.36,-1.92,8.71,2.35
983.41,0.78,7.37,2.51
983.47,-0.75,10.94,2.04
983.52,2.35,11.38,2.75
983.57,4.08,9.45,-0.78
983.63,4.75,16.48,-1.29
983.68,-2.75,10.36,3.84
983.73,1.88,10.87,0.9
983.79,-1.61,5.22,3.1
983.84,0.63,4.94,3.37
983.90,1.53,5.18,3.49
983.95,1.96,7.26,6.67
984.01,4.47,9.18,0.55
984.06,0.04,10.43,2.47
984.11,7.49,7.22,2.75
984.17,-2.24,2.63,4.12
984.22,8.39,16.48,-2.31
984.28,1.73,6.08,1.37
984.33,0.35,9.61,-5.37
984.38,0.16,8.71,1.77
984.44,-3.18,8.59,3.69
984.49,1.29,7.96,2.75
984.54,-3.88,10.67,4.08
984.60,4.90,12.20,0.16
984.65,6.35,11.10,-3.37
984.71,2.63,7.88,-3.53
984.76,5.10,12.67,-1.1
984.82,-2.43,7.49,2.63
984.87,0.82,3.57,2.47
984.92,1.65,5.77,3.41
984.98,1.14,5.65,4.35
985.03,-0.16,9.73,3.84
985.08,5.84,18.99,0.04
985.14,-0.43,7.57,-1.69
985.19,7.69,7.37,1.8
985.25,-1.06,1.45,3.45
985.30,6.12,16.79,-2.9
985.35,2.08,6.90,1.49
985.41,0.08,8.32,-0.59
985.46,0.00,8.55,1.77
985.52,-1.41,8.47,2.79
985.57,-0.71,7.34,2.86
985.62,-2.71,10.51,3.61
985.68,1.88,12.28,1.77
985.73,6.12,10.67,-2.9
985.78,3.69,15.10,0.51
985.84,0.75,9.41,3.18
985.89,1.61,7.69,2.47
985.95,0.47,3.69,1.65
986.00,1.37,5.33,2.63
986.05,1.69,5.10,3.61
986.11,1.10,9.92,4.0
986.16,4.55,10.59,-0.98
986.22,-1.33,13.85,8.79
986.27,8.94,12.20,3.02
986.32,0.04,2.86,2.39
986.38,5.30,13.93,0.27
986.43,2.43,6.55,2.2
986.49,14.59,3.92,-10.0
986.54,-0.75,8.55,2.08
986.59,-1.33,8.43,1.96
986.65,-0.12,7.22,2.98
986.70,-3.37,11.49,2.71
986.76,3.92,12.67,2.79
986.81,6.51,8.20,-1.22
986.86,4.82,13.53,-0.2
986.92,-1.65,10.32,4.0
986.97,1.02,9.10,2.43
987.03,-0.39,4.12,2.59
987.08,0.75,5.06,3.18
987.13,1.53,5.37,3.3
987.19,1.57,9.41,4.08
987.24,4.98,10.87,-2.79
987.30,0.55,13.06,9.06
987.35,8.00,4.08,0.04
987.40,-2.12,2.71,4.35
987.46,7.65,16.44,-1.18
987.51,2.43,6.08,0.98
987.57,0.55,13.89,2.9
987.62,-1.33,9.18,2.67
987.67,-1.80,9.22,3.33
987.73,-0.27,8.51,1.96
987.78,-2.35,10.32,2.94
987.84,0.98,10.59,-0.59
987.89,7.02,12.63,-1.06
987.94,-0.75,15.73,-0.98
988.00,-1.53,12.16,2.86
988.05,-3.41,7.85,0.9
988.11,0.16,3.06,2.82
988.16,1.73,5.69,3.26
988.21,1.53,8.00,3.53
988.27,1.45,9.73,3.73
988.32,1.77,14.63,8.98
988.38,6.90,13.85,5.06
988.43,0.04,5.77,2.9
988.48,4.47,12.67,-0.04
988.54,3.49,5.84,2.04
988.59,0.20,8.08,0.94
988.65,-0.04,8.90,1.33
988.70,-2.71,9.85,2.86
988.75,-0.35,7.18,2.98
988.81,-1.53,10.32,2.08
988.86,3.88,10.94,2.59
988.92,6.55,9.69,-0.75
988.97,4.24,13.30,-0.75
989.03,-4.67,12.24,2.43
989.08,-0.35,8.47,3.65
989.13,0.04,3.30,2.51
989.19,1.41,5.02,3.3
989.24,1.96,5.73,2.98
989.29,1.33,11.69,1.69
989.35,6.67,10.90,1.61
989.40,1.06,15.18,6.94
989.46,5.10,3.88,2.43
989.51,-3.37,7.85,1.45
989.57,8.55,7.81,1.65
989.62,3.65,6.79,1.92
989.67,-1.53,6.98,2.79
989.73,-1.18,10.94,0.59
989.78,-2.43,8.00,4.12
989.84,0.39,6.67,2.0
989.89,-0.71,11.38,2.51
989.94,4.16,11.30,1.61
990.00,6.12,10.40,-2.2
990.05,-0.27,10.51,1.14
990.10,0.08,13.06,1.57
990.16,2.35,7.41,2.98
990.21,0.82,4.24,2.43
990.27,0.94,5.65,3.41
990.32,1.37,5.57,3.65
990.38,0.75,9.81,3.26
990.43,10.00,19.77,-1.26
990.48,6.16,10.04,-2.67
990.54,2.31,6.08,2.75
990.59,-2.12,8.71,0.24
990.65,7.06,5.37,2.59
990.70,0.27,8.39,0.04
990.75,0.39,7.69,0.86
990.81,-0.98,8.71,2.04
990.86,-0.71,7.73,3.53
990.91,1.33,11.53,2.16
990.97,0.08,10.75,2.9
991.02,4.67,11.22,0.75
991.08,6.04,15.06,-0.98
991.13,-4.47,12.71,2.51
991.18,1.92,10.28,1.57
991.24,0.55,4.71,2.28
991.29,1.26,5.18,2.35
991.35,2.47,5.22,3.45
991.40,1.14,8.59,5.96
991.46,4.20,10.24,1.06
991.51,0.43,13.93,4.16
991.56,5.45,7.96,5.02
991.62,-2.71,3.02,4.59
991.67,7.06,15.57,-1.37
991.72,1.92,6.51,1.14
991.78,0.78,8.04,-2.94
991.83,-0.78,8.87,1.61
991.89,-0.71,8.12,2.31
991.94,1.18,10.67,0.86
991.99,-2.98,10.90,3.06
992.05,4.47,12.87,1.02
992.10,6.63,11.14,-2.51
992.16,-1.92,12.36,-0.9
992.21,1.18,10.16,-0.78
992.26,0.35,7.96,0.47
992.32,1.41,5.14,2.12
992.37,1.45,5.61,3.69
992.43,1.29,6.67,5.22
992.48,-0.27,10.63,3.02
992.53,6.08,19.42,3.61
992.59,3.45,10.98,1.8
992.64,-0.16,5.14,3.1
992.70,1.37,8.79,0.51
992.75,5.10,4.94,2.82
992.80,-0.08,6.86,1.41
992.86,-0.31,8.24,1.26
992.91,-1.61,8.28,2.28
992.97,0.12,7.30,2.71
993.02,-0.51,11.22,2.28
993.07,1.80,11.53,2.28
993.13,4.67,9.30,-0.47
993.18,4.47,12.94,-1.1
993.23,-3.26,12.04,2.55
993.29,1.88,10.36,1.88
993.34,0.67,4.31,1.96
993.39,0.55,4.79,2.75
993.45,1.49,5.57,3.88
993.50,0.86,7.53,6.63
993.55,4.75,8.51,-0.71
993.61,0.31,13.30,10.12
993.66,4.55,3.37,6.86
993.72,-2.90,5.06,3.26
993.77,7.30,12.55,-0.35
993.82,2.12,6.83,1.29
993.88,-1.10,7.96,1.41
993.93,0.08,8.87,1.37
993.98,-1.45,9.06,2.71
994.04,0.31,8.20,2.12
994.09,-2.59,10.90,2.16
994.15,5.02,13.26,0.35
994.20,5.77,8.98,-1.65
994.25,1.45,9.89,2.0
994.31,2.82,13.26,-0.78
994.36,0.90,8.94,1.1
994.42,-0.39,3.84,2.79
994.47,1.29,5.14,3.41
994.52,0.98,5.57,3.84
994.58,0.78,9.77,5.06
994.63,6.39,18.24,0.51
994.68,-0.78,11.85,11.34
994.74,2.55,6.98,1.77
994.79,-0.31,10.87,1.02
994.85,5.33,5.77,4.16
994.90,1.88,7.77,0.67
994.96,-1.10,7.45,1.69
995.01,-0.27,8.28,1.69
995.06,2.08,7.18,2.08
995.12,0.39,9.77,1.29
995.17,0.98,11.96,2.63
995.22,3.57,11.45,0.86
995.28,3.80,11.77,-1.33
995.33,-0.35,10.79,3.18
995.39,2.55,13.65,-1.45
995.44,-0.24,5.41,2.67
995.49,0.31,4.28,2.47
995.54,1.14,5.22,3.65
995.60,2.16,5.73,8.16
995.65,0.98,10.75,2.55
995.71,2.90,16.79,7.26
995.76,8.51,12.67,3.96
995.81,-3.49,5.06,4.51
995.87,2.55,11.49,-0.67
995.92,4.71,4.75,2.9
995.97,6.51,0.94,-2.43
996.03,0.35,9.18,0.51
996.08,-7.81,6.04,11.38
996.13,0.27,7.96,3.69
996.19,0.90,12.20,0.51
996.24,5.73,11.14,2.12
996.30,2.16,14.44,-3.22
996.35,-0.24,8.43,1.57
996.40,2.79,11.81,1.57
996.46,0.24,7.49,0.78
996.51,0.20,3.49,2.98
996.56,1.29,4.82,2.98
996.62,0.82,4.63,4.47
996.67,-0.20,10.90,4.82
996.72,9.10,19.97,0.39
996.78,5.45,12.55,-9.81
996.83,0.67,6.55,2.08
996.88,0.39,8.87,2.94
996.94,7.73,6.51,2.55
996.99,1.88,5.65,0.51
997.04,-3.10,8.00,5.69
997.10,-0.35,8.55,1.77
997.15,-0.63,7.65,3.22
997.21,1.61,10.94,1.57
997.26,-0.16,12.67,1.88
997.32,3.69,13.49,-1.61
997.37,6.71,12.94,-1.8
997.42,4.12,15.49,-18.2
997.47,1.88,9.57,1.18
997.53,-0.08,2.82,3.37
997.58,2.16,5.45,3.18
997.64,1.26,5.41,3.96
997.69,-0.63,7.49,4.67
997.74,1.84,10.87,1.96
997.80,2.12,16.87,2.82
997.85,5.73,4.47,5.33
997.90,-3.26,2.79,5.49
997.96,9.34,15.18,-0.67
998.01,1.88,5.69,1.22
998.07,-0.04,6.94,2.51
998.12,0.31,8.24,1.53
998.17,-1.29,7.49,2.39
998.23,0.35,7.45,2.16
998.28,-1.14,10.40,1.92
998.34,6.24,12.71,2.04
998.39,6.94,12.79,-2.2
998.44,-1.06,9.41,0.59
998.50,1.18,14.24,1.37
998.55,0.75,9.53,0.47
998.60,0.71,5.30,2.47
998.66,1.65,5.53,3.18
998.71,0.00,4.51,3.84
998.77,0.35,8.83,4.04
998.82,5.37,11.06,0.71
998.87,3.02,15.26,3.1
998.93,3.02,2.39,2.59
998.98,-4.43,6.83,3.88
999.03,10.98,11.02,0.63
999.09,0.82,6.43,1.29
999.14,-1.22,11.38,0.35
999.20,-0.27,8.51,1.73
999.25,-2.04,8.32,2.94
999.30,0.27,7.22,3.37
999.36,-3.80,9.81,3.06
999.41,4.28,11.89,-1.41
999.47,7.92,10.51,-2.98
999.52,0.75,13.73,0.47
999.58,-3.14,12.91,3.69
999.63,0.35,7.53,3.96
999.68,-0.39,4.82,1.88
999.74,1.49,6.24,2.98
999.79,1.84,4.79,3.22
999.84,1.53,8.63,3.57
999.90,5.81,13.65,3.69
999.95,0.71,11.14,4.24
1000.00,6.08,6.39,1.77
1000.06,-3.41,4.90,4.55
1000.11,7.96,8.67,2.08
1000.16,1.33,6.16,1.69
1000.22,-0.98,7.88,1.06
1000.27,1.10,6.12,2.47
1000.33,-0.63,8.55,2.35
1000.38,0.08,9.41,1.84
1000.43,-4.24,11.53,3.18
1000.48,3.84,11.22,1.29
1000.54,6.94,8.75,-4.04
1000.59,5.69,15.97,-0.08
1000.65,-0.59,8.63,3.84
1000.70,0.04,7.85,3.14
1000.75,0.35,3.65,2.59
1000.81,1.26,5.33,3.37
1000.86,0.86,6.16,3.73
1000.91,1.61,8.94,4.28
1000.97,5.41,11.69,3.37
1001.02,-1.37,12.24,6.28
1001.08,9.77,12.79,0.16
1001.13,-2.00,3.26,3.96
1001.18,7.85,16.28,-1.57
1001.24,2.08,6.47,0.55
1001.29,-3.49,7.30,6.55
1001.34,0.51,8.75,1.06
1001.40,-1.37,8.51,2.43
1001.45,-1.22,7.73,2.28
1001.51,-1.57,9.38,2.79
1001.56,3.73,9.92,-1.18
1001.61,10.79,11.61,-4.98
1001.67,0.12,17.81,0.08
1001.72,-1.88,11.34,4.94
1001.77,2.55,8.79,0.75
1001.83,0.20,0.94,3.18
1001.88,0.75,4.79,2.82
1001.93,1.49,4.39,2.71
1001.99,2.24,8.39,3.33
1002.04,5.30,9.77,0.0
1002.09,-5.69,11.26,10.67
1002.15,10.87,11.02,-2.86
1002.20,-1.77,2.98,4.24
1002.26,9.06,17.69,-2.55
1002.31,3.45,6.67,0.2
1002.36,1.14,7.06,-4.35
1002.42,-8.67,4.20,16.83
1002.47,-2.31,8.16,3.06
1002.53,0.08,7.37,2.39
1002.58,-5.65,9.34,2.86
1002.63,5.53,11.89,0.63
1002.69,7.77,12.40,-6.9
1002.74,6.55,14.36,0.04
1002.79,-0.55,8.71,7.22
1002.85,1.18,7.57,4.59
1002.90,-0.86,0.75,2.71
1002.96,1.57,4.43,2.59
1003.01,2.67,4.59,3.02
1003.07,0.75,10.28,2.35
1003.12,3.61,12.71,-0.24
1003.17,0.67,17.73,6.98
1003.23,10.98,18.08,-2.51
1003.28,-1.96,0.20,6.39
1003.33,12.00,20.01,-5.18
1003.39,0.59,5.88,0.47
1003.44,-1.61,10.43,-1.41
1003.49,0.51,8.59,1.26
1003.55,-4.00,7.57,4.51
1003.60,-0.75,7.02,3.1
1003.66,-1.84,10.55,1.06
1003.71,3.49,11.14,1.41
1003.76,11.30,16.51,-5.26
1003.82,-0.43,11.30,0.98
1003.87,0.47,9.85,5.84
1003.92,3.14,7.61,3.53
1003.98,-1.49,4.04,1.06
1004.03,1.61,4.94,2.79
1004.09,1.61,4.31,3.1
1004.14,0.47,8.51,2.63
1004.19,5.06,16.83,0.08
1004.25,2.00,17.61,7.41
1004.30,6.51,5.65,-2.08
1004.35,-2.12,3.77,3.02
1004.41,10.87,6.51,2.16
1004.46,1.80,7.14,0.59
1004.52,-0.59,8.71,1.92
1004.57,0.04,9.65,1.65
1004.62,-1.49,7.81,3.45
1004.68,1.02,6.98,2.9
1004.73,1.73,11.14,1.41
1004.79,2.47,8.59,2.0
1004.84,5.84,12.94,-1.02
1004.89,5.69,10.51,-1.22
1004.95,-8.16,13.69,2.31
1005.00,2.35,10.94,2.47
1005.06,-0.55,5.49,2.04
1005.11,0.82,6.28,2.47
1005.16,1.02,5.18,3.49
1005.22,-0.94,6.32,4.24
1005.27,1.69,9.77,2.24
1005.32,1.96,16.91,5.73
1005.38,11.89,20.01,0.0
1005.43,-2.16,1.29,5.65
1005.49,2.51,11.77,1.18
1005.54,3.73,4.75,2.55
1005.59,-2.04,11.14,-3.14
1005.65,0.20,8.39,1.65
1005.70,-2.08,9.38,2.47
1005.76,-1.49,7.30,3.1
1005.81,1.41,10.55,0.63
1005.86,3.18,8.28,2.08
1005.92,3.10,9.92,1.22
1005.97,10.08,17.61,-3.3
1006.03,-5.26,13.61,-3.49
1006.08,1.80,11.85,1.96
1006.13,0.00,5.73,-0.51
1006.19,-0.27,2.51,2.9
1006.24,2.12,5.45,2.16
1006.29,2.20,5.96,4.75
1006.35,1.92,9.49,2.39
1006.40,1.88,17.10,6.79
1006.46,7.81,18.75,3.45
1006.51,-4.43,3.49,5.41
1006.57,5.88,14.04,0.0
1006.62,3.88,5.26,1.96
1006.67,-1.29,10.75,-2.86
1006.72,0.43,7.77,0.51
1006.78,-1.69,9.49,1.41
1006.83,-1.57,7.26,3.22
1006.89,1.37,11.41,0.98
1006.94,1.45,11.18,0.82
1006.99,10.00,12.12,-4.55
1007.05,2.79,13.93,-1.06
1007.10,-4.20,10.71,4.71
1007.16,1.77,7.77,1.73
1007.21,-1.06,1.61,1.65
1007.27,2.71,6.16,2.67
1007.32,1.53,5.33,3.57
1007.37,-0.75,8.79,5.41
1007.43,4.71,7.14,-1.88
1007.48,0.67,17.10,7.85
1007.53,6.12,8.55,2.28
1007.59,-4.75,5.57,5.49
1007.64,11.02,13.77,-2.31
1007.70,1.49,5.65,1.18
1007.75,-1.33,12.32,-1.1
1007.80,-0.43,8.39,1.33
1007.86,-1.61,8.08,3.06
1007.91,-0.51,7.41,2.9
1007.97,-0.35,9.22,2.94
1008.02,3.88,14.16,-0.43
1008.07,9.92,12.12,-2.79
1008.13,-20.01,5.92,20.01
1008.18,4.59,12.75,1.57
1008.23,-4.16,4.12,3.61
1008.29,1.22,4.82,1.84
1008.34,2.67,5.73,2.2
1008.40,1.29,4.94,4.75
1008.45,0.31,8.87,4.0
1008.50,6.12,17.26,3.26
1008.56,8.24,16.87,-1.61
1008.61,-2.24,3.26,4.35
1008.66,1.18,12.91,2.55
1008.72,6.47,5.22,2.75
1008.77,-0.16,6.51,0.2
1008.83,0.75,8.32,0.98
1008.88,-8.24,5.49,12.0
1008.93,-1.06,8.00,2.55
1008.99,1.41,10.20,0.78
1009.04,0.78,9.85,2.59
1009.09,4.20,11.85,1.49
1009.15,9.77,12.71,-1.53
1009.20,-6.32,13.81,1.37
1009.26,3.49,10.87,1.1
1009.31,1.18,5.53,2.24
1009.36,-0.16,3.96,2.31
1009.42,2.12,5.33,3.06
1009.47,-0.39,7.10,5.18
1009.53,-0.31,10.32,3.26
1009.58,6.00,15.81,4.39
1009.64,11.14,16.00,-5.61
1009.69,-3.80,3.80,4.47
1009.74,2.43,12.04,-1.61
1009.80,5.41,4.98,2.08
1009.85,-1.06,10.47,-4.28
1009.90,0.20,8.47,0.51
1009.96,-1.22,8.55,2.0
1010.01,-0.98,7.45,2.63
1010.07,1.61,11.38,1.77
1010.12,1.88,11.38,1.65
1010.17,6.67,10.94,-2.59
1010.23,5.26,13.81,-1.88
1010.28,-3.02,11.06,4.59
1010.34,3.84,9.34,0.55
1010.39,-1.26,3.06,3.37
1010.44,1.92,5.06,2.75
1010.50,1.10,5.26,3.77
1010.55,0.39,9.57,4.28
1010.60,4.28,9.34,0.43
1010.66,4.35,17.77,5.69
1010.71,3.06,0.98,6.98
1010.77,-4.39,12.79,-0.27
1010.82,7.45,7.53,2.24
1010.87,1.37,5.30,1.14
1010.93,-0.24,6.79,0.24
1010.98,0.31,8.51,1.1
1011.03,-1.10,9.26,1.22
1011.09,0.63,7.81,1.88
1011.14,-3.92,10.55,1.8
1011.20,2.79,12.55,-0.98
1011.25,7.10,11.77,-3.61
1011.30,-1.22,13.61,-0.31
1011.36,3.37,9.69,2.39
1011.41,0.31,8.08,3.3
1011.47,-0.24,3.26,2.71
1011.52,1.65,5.41,3.33
1011.57,0.24,5.14,4.31
1011.63,0.78,9.41,1.77
1011.68,2.94,16.59,7.06
1011.74,4.00,17.30,4.63
1011.79,1.92,5.18,1.96
1011.84,-0.71,9.57,2.2
1011.90,5.33,7.06,1.73
1011.95,0.39,6.20,-0.55
1012.01,0.27,7.96,0.35
1012.06,-1.57,8.75,1.37
1012.11,-1.77,7.69,2.67
1012.17,0.59,11.49,0.47
1012.22,0.24,9.22,2.08
1012.27,4.59,9.65,1.88
1012.33,10.16,16.20,-2.08
1012.38,-8.71,11.92,1.49
1012.44,3.06,10.12,1.41
1012.49,-0.47,5.02,0.59
1012.54,-1.14,2.98,2.47
1012.60,2.43,5.45,2.75
1012.65,0.43,7.10,6.16
1012.71,1.88,8.87,3.92
