NAME:,run2,,
EXPERIMENT TIME:,24-05-22 16:40,,
Activity,Running,,
COUNT OF ACTUAL STEPS,125,,
,,,
Time [sec],ACC X,ACC Y,ACC Z
0,-4.51,6.28,3.92
0.044,-7.1,6.04,1.53
0.088,-9.85,10.08,3.53
0.133,-8.04,11.96,5.02
0.178,-8.32,11.26,2.63
0.222,-8.04,7.3,1.06
0.266,-5.77,9.14,0.16
0.309,-3.26,6,0.16
0.354,-2.55,1.37,-0.43
0.399,-0.9,0.51,-0.31
0.444,-7.02,1.77,16.79
0.49,-14.67,9.92,-3.18
0.534,-4.67,10.08,6.55
0.58,-16.55,15.02,4.51
0.626,-10.16,11.14,3.49
0.67,-7.85,8.47,1.57
0.715,-2.82,4.75,-0.12
0.759,-0.63,0.08,-2.12
0.804,-2.12,-1.22,0.2
0.849,-2.98,0.55,-0.71
0.895,-12.55,0.39,11.22
0.942,-14,10.94,16.32
0.987,-15.3,12.91,2.35
1.033,-12.87,17.89,8.75
1.077,-8.28,8.08,0.55
1.121,-3.96,6.04,0.78
1.166,0.16,-1.61,-1.96
1.21,0.59,-2.67,-0.59
1.254,-1.22,0.82,0.43
1.298,-3.06,0.35,1.88
1.343,-3.49,4.94,20.01
1.39,-20.01,14.4,20.01
1.435,-6.75,15.34,11.06
1.481,-14.59,16.08,2.31
1.526,-3.33,0,-2.9
1.571,4.79,-3.69,-2.31
1.616,0.24,-1.02,-1.41
1.659,-5.18,0.04,0.24
1.705,-1.22,-1.29,-0.12
1.75,-9.02,9.61,15.97
1.797,-20.01,16.71,17.89
1.843,-14.87,14.32,9.22
1.888,-12.28,15.65,7.92
1.933,-6.86,4.08,-1.53
1.978,1.57,-1.1,-1.61
2.023,1.1,-4,-1.88
2.068,-1.65,-0.27,0.78
2.111,-2.71,0.39,0
2.155,0,2.98,-3.61
2.201,-20.01,3.69,20.01
2.248,-20.01,19.93,14.67
2.292,-4.82,6.59,4.43
2.338,-10.9,12.4,-1.22
2.383,-1.1,2.79,-2
2.428,0.27,-1.53,-3.53
2.472,-1.14,0.39,2
2.518,-2.59,-1.49,-1.77
2.562,-7.26,1.77,-2.12
2.607,-1.57,11.18,2.71690622
2.745,-10.4,13.18,5.02690759
2.833,0.71,0.16,-2.98
2.878,-1.18,0.27,-1.18690891
3.104,-10,13.06,8.83
3.15,-12.67,12.47,2.31
3.194,-6.9,9.49,2.43
3.237,-1.53,1.02,0.67
3.282,0.08,-2,-3.26
3.326,-1.92,1.18,1.77
3.371,-2.08,1.22,-0.67
3.418,-20.01,-1.1,17.65
3.465,-19.81,16.24,16.44
3.509,-12.28,9.34,2.43
3.555,-11.89,15.18,6.79
3.599,-7.37,7.18,1.69
3.644,-4.86,4.59,-0.9
3.688,-0.31,0.39,-1.53
3.734,-1.29,-1.22,-0.75
3.779,-1.61,-1.53,0.75
3.824,-5.1,0.51,-6.79
3.87,-20.01,8.55,20.01
3.916,-20.01,15.89,3.1
3.959,-3.73,9.69,3.92
4.005,-16.51,17.89,2.16
4.049,-4.16,7.34,0.55
4.093,0.04,2.35,-0.98
4.138,-1.29,-2.94,-3.53
4.182,-4.75,0.27,0.27
4.226,1.02,0.82,-0.59
4.273,-19.02,-0.12,12.87
4.32,-18.48,20.01,13.81
4.366,-11.1,9.92,-0.78
4.411,-11.92,14.98,6
4.455,-7.06,6.83,0.27
4.5,-2.16,3.26,-1.02
4.546,-0.16,-1.22,-0.98
4.591,-1.69,-1.57,0.78
4.634,-1.73,0.59,2.12
4.68,-17.93,11.3,0.78
4.727,-13.02,13.38,11.38
4.773,-11.96,15.18,7.26
4.819,-11.34,13.61,3.65
4.862,-4.9,5.02,0.67
4.906,1.65,0.82,-1.33
4.951,0.47,-2.39,-2.35
4.995,-4.2,0.78,1.49
5.038,-6.24,0.27,0.35
5.083,-0.75,12.98,9.77
5.129,-16.2,9.18,-2.12
5.175,-14.47,15.34,5.88
5.221,-10.24,10.51,5.26
5.265,-5.84,6.55,0.78
5.309,-0.82,0.08,-2.71
5.354,0.2,-2.24,-2.67
5.399,-1.96,-1.1,0.51
5.444,-1.65,0.27,-0.27
5.488,-6,2,20.01
5.535,-20.01,15.42,13.69
5.58,-7.02,11.45,8.55
5.626,-15.57,15.77,4.71
5.671,-7.02,11.49,2.94
5.715,2.43,0.31,-1.84
5.759,0.04,-3.3,-3.92
5.803,-4.67,0.04,1.84
5.847,2.82,2.35,-0.24
5.89,1.45,2.59,0.67
5.934,-20.01,5.41,9.22
5.981,-20.01,20.01,19.73
6.027,-13.06,4.24,-0.43
6.072,-9.02,16.32,7.18
6.117,-7.49,4.47,-2.63
6.16,0.51,0.94,-2.08
6.206,-0.63,-0.71,-0.67
6.251,-1.18,-2.51,1.22
6.295,-4.82,2.08,7.73
6.342,-19.22,20.01,-7.73
6.386,-4,13.1,4.75
6.432,-15.14,15.57,5.41
6.478,-10.2,12.24,2.31
6.523,-2.39,5.3,-1.53
6.568,1.45,-2.43,-2.2
6.612,0.35,-1.06,-0.2
6.657,-2.04,3.02,-0.31
6.703,-11.49,-1.06,1.92
6.747,2.47,13.45,6.71
6.794,-15.38,13.69,-2
6.839,-12.98,14.55,4.63
6.884,-6.67,11.1,5.22
6.929,-7.41,3.1,-2.04
6.973,1.22,0.35,-1.96
7.018,0.27,-0.98,-0.78
7.062,-1.41,-1.84,0.24
7.106,-4.79,2.71,4.63
7.153,-19.81,19.38,-5.14
7.198,-6.71,15.89,7.57
7.244,-12.67,16.16,7.49
7.289,-10.4,9.38,-0.16
7.333,-3.45,5.77,0
7.378,2.31,-2.24,-1.69
7.424,-0.47,-1.41,-1.14
7.468,-3.69,2.47,0.2
7.512,-9.73,-0.82,1.29
7.558,-1.18,16.51,10.94
7.605,-16.28,10.67,-2.43
7.651,-13.53,13.34,5.92
7.696,-7.49,12.94,5.73
7.741,-6.35,4.43,-1.65
7.786,-0.35,-0.75,-1.88
7.831,1.61,-0.78,-1.33
7.876,-2.43,-1.02,0.35
7.921,-3.41,0.71,-3.06
7.966,-6.59,4.59,20.01
8.011,-20.01,20.01,0.67
8.056,-5.84,12.4,6.43
8.102,-16.04,15.81,3.45696115
8.55,-10.36,14.59,7.41
8.595,-7.18,3.45,-0.75
8.639,-2.71,2.43,-2.47
8.683,1.92,-0.59,0.55
8.727,0,-1.53,0.08
8.773,-3.3,-0.2,-1.22
8.819,-10.83,3.77,20.01
8.864,-20.01,20.01,2
8.909,-4.94,11.81,6.9
8.955,-16.36,16.12,4.35
8.999,-9.57,9.45,0.2
9.043,-3.26,5.73,0.24
9.087,0.59,-0.82,-1.57
9.132,-0.71,-0.16,0.39
9.176,-2.16,1.53,0.39
9.221,-9.89,-0.2,2.82
9.266,-4.12,20.01,0.67
9.311,-13.69,6.86,-1.53
9.357,-13.45,15.34,6.24
9.402,-9.45,12,4.94
9.446,-5.06,7.06,1.02
9.491,-2.55,4.12,-1.45
9.534,0.39,1.1,-0.16
9.58,-2.31,-2.08,-0.86
9.625,-1.88,-0.43,0.43
9.671,-15.22,12.71,4.04
9.717,-7.34,11.81,10.47
9.762,-14.28,17.02,6.63
9.808,-12.59,12.2,2.28
9.852,-6.51,7.81,1.1
9.897,-0.55,3.96,-0.43
9.943,-0.51,-1.18,-2.2
9.986,-1.33,0.27,2.08
10.031,-2.35,2.28,-0.71
10.077,-19.26,0.43,15.85
10.123,-11.96,19.85,5.92
10.169,-13.89,12.28,2.16
10.214,-11.53,17.1,7.02
10.258,-8.32,8.16,1.61
10.302,-4.9,8.28,0.98
10.347,-1.29,1.57,-2.43
10.391,0.27,-0.75,1.18
10.436,-4.12,-2.79,-1.88
10.482,-3.26,-0.59,-0.9
10.527,-5.61,3.88,20.01
10.574,-20.01,17.22,15.02
10.619,-7.85,12,7.34
10.664,-14.44,13.49,2.63
10.708,-5.02,9.26,1.18
10.752,2.51,1.84,-2.9
10.798,-2.16,-2.2,-1.77
10.842,-2.2,0.86,1.29
10.886,-0.35,2.24,-0.63
10.932,-20.01,3.96,19.06
10.979,-20.01,20.01,19.97
11.024,-14.4,7.57,2.35
11.069,-8.36,13.81,4.79
11.112,-5.37,5.49,0.04
11.157,-0.63,1.1,-2.31
11.202,0.16,-1.92,-0.94
11.247,-0.55,-0.59,1.18
11.291,-3.61,2.16,0.59
11.336,-14.32,6.35,20.01
11.383,-19.57,15.85,15.3
11.429,-9.73,13.93,10.43
11.475,-15.61,14.4,3.8
11.519,-6.67,7.65,0.47
11.562,1.96,1.57,-0.86
11.608,-0.94,-2.98,-3.96
11.652,-1.73,1.8,2.16
11.697,-3.57,0.55,-0.82
11.743,-11.18,1.77,11.3
11.789,-16,17.93,14.79
11.835,-16.4,13.96,6.32
11.881,-10.67,13.14,7.34
11.925,-7.53,8.24,1.53
11.969,-4.39,5.96,0.2
12.013,1.53,-0.59,-1.18
12.059,-1.29,-1.37,-0.63
12.104,-2.35,0.59,-1.18
12.148,-2.43,0.63,2.79
12.194,-13.81,6.32,15.53
12.239,-10.87,14.63,7.85
12.285,-13.02,15.57,9.1
12.331,-11.1,13.22,3.88
12.375,-4.16,6.75,1.69
12.419,0.98,1.77,-2.39
12.464,-3.73,-2.28,-5.65
12.509,-2.47,1.88,-0.51
12.554,-2.9,0.78,-1.14
12.599,-11.85,2.04,9.89
12.646,-19.5,10.79,17.65
12.692,-17.14,16.36,7.65
12.737,-10.98,12.79,7.81
12.781,-6.71,6.67,1.14
12.826,-4,4.98,-1.18
12.87,0.43,0.04,-1.8
12.914,-0.31,-0.94,0.47
12.96,-3.3,-0.9,-1.57
13.004,-3.26,1.18,8.98
13.051,-6.79,19.93,-17.93
13.098,-12.43,13.34,12.16
13.144,-12.36,13.45,6.51
13.188,-9.73,11.61,3.61
13.232,-3.61,6.71,0.16
13.276,1.1,0.27,-2.31
13.322,-2.31,-0.82,-2.39
13.366,-3.57,0.82,0.63
13.409,-8,3.69,3.96
13.455,-14.75,7.06,17.81
13.501,-15.42,14.08,3.8
13.547,-11.57,16.16,6.2
13.592,-7.49,11.38,3.49701604
14.044,-8.43,10.4,2.86
14.088,-4.08,4.86,-0.51
14.134,-0.9,-1.06,-3.69
14.179,-2.12,0.47,-1.14
14.224,-0.94,1.41,-0.16
14.269,-1.29,0.16,-1.14
14.312,-7.61,8.43,9.26
14.359,-20.01,20.01,14.83
14.405,-14,12.87,4.94
14.451,-10.28,15.49,8.12
14.495,-7.92,4.9,0.51
14.539,-3.41,5.92,-0.71
14.583,2.39,1.22,-0.63
14.628,0.04,-1.22,-0.12
14.674,-2.75,-1.73,-0.78
14.718,-2.98,2.51,5.73
14.764,-17.61,20.01,-8.79
14.809,-5.84,12.4,4.98
14.855,-14.71,17.46,6.98
14.901,-12.28,12.04,3.3
14.945,-4.35,7.61,1.61
14.989,-0.63,3.1,-0.9
15.035,-3.06,-0.04,-2.55
15.079,-1.06,1.61,0.51
15.125,-2.71,-0.31,-0.9
15.17,-11.69,2.31,6.59
15.217,-13.3,13.73,12.91
15.262,-15.46,12.55,4.16
15.308,-10.43,16.32,8
15.352,-9.57,8.83,2.94
15.396,-6.75,8.83,1.8
15.441,-1.06,2,-0.94
15.485,1.1,-0.63,-2
15.531,-1.73,-1.14,-0.39
15.577,-2.51,-0.98,-0.51
15.622,-2.55,5.22,20.01
15.668,-20.01,15.93,2.71
15.712,-8,12.55,7.14
15.758,-16.99,18.04,6.16
15.804,-11.02,11.06,2.94
15.848,-4.63,7.34,2.59
15.893,1.88,-0.75,-2.12
15.938,-2.2,-2.08,-1.49
15.982,-1.8,3.49,0.27
16.027,-0.82,0.31,-1.88
16.073,-19.1,-4.9,5.88
16.117,1.22,19.57,0.94
16.163,-14.79,13.42,-2.08
16.209,-12.83,12.51,5.88
16.253,-9.26,9.1,3.3
16.297,-6.43,3.1,0.27
16.341,1.45,0.63,-1.57
16.384,0.2,-0.71,0.08
16.429,-0.78,-0.67,0.55
16.474,-6.79,2.82,14.12
16.52,-20.01,4.86,10.67
16.564,-7.3,15.02,9.92
16.61,-17.3,20.01,7.06
16.654,-9.45,8.83,1.22
16.698,-3.41,4.98,0.31
16.742,1.53,0.27,-3.26
16.787,-1.22,-1.33,-0.35
16.832,-3.53,2.9,-1.14
16.877,-1.53,0.27,-2.12
16.924,-16.91,-3.49,-6.59
16.971,-15.85,19.57,19.61
17.017,-15.46,11.53,7.14
17.062,-11.61,13.65,7.06
17.106,-6.86,6.28,1.18
17.151,-1.88,4.98,-0.55
17.196,0.24,-0.9,-1.29
17.242,-0.35,-0.39,-0.2
17.287,-2.24,-1.45,-0.55
17.332,-3.1,1.45,-2
17.377,-11.06,6.98,3.41
17.424,-13.93,18.79,16.59
17.47,-14.16,13.85,7.49
17.516,-11.26,12.94,4.31
17.559,-4.24,6.55,1.06
17.603,0.31,1.92,-2.04
17.649,-1.77,-2.94,-3.73
17.694,-2.79,0.47,-0.31
17.738,-0.39,2.12,-0.55
17.784,-16.71,1.84,15.26
17.829,-9.22,20.01,9.96
17.874,-14.98,8.9,2.39
17.92,-14.79,18.59,6.98
17.963,-8.83,9.89,2.08
18.007,-3.8,5.45,0.2
18.052,-0.82,1.06,-1.26
18.098,-0.35,-1.14,-1.14
18.144,-1.29,-0.98,-0.2
18.189,-3.37,-0.16,-0.47
18.234,-9.18,1.29,20.01
18.281,-13.96,10.47,16.28
18.328,-10.36,16.2,12.32
18.374,-13.65,11.73,3.8
18.42,-10.36,10.67,2.12
18.464,-0.82,2.59,-1.45
18.509,1.06,-1.84,-2.67
18.552,0.86,0.24,0.71
18.596,-2.2,0.27,0
18.641,-5.49,-0.35,0.12
18.684,0.04,16.32,3.1
18.729,-20.01,6.98,6.59
18.775,-16.36,16.12,5.37
18.821,-11.3,15.97,6.35
18.864,-7.22,7.34,2.08
18.909,-0.16,2.35,-1.49
18.954,1.33,-1.14,-1.77
18.999,-2.63,0.35,-0.39
19.045,-0.9,-1.41,-0.2
19.087,0.16,3.02,5.107071
19.224,-12.2,13.85,8.43707239
19.492,-2,0.31,-1.53707506
19.582,-0.39,11.3,7.88
19.629,-20.01,15.02,11.77
19.675,-14.47,17.5,7.1
19.72,-10.67,8.43,1.69
19.763,-5.37,4.67,0.39
19.807,2.08,1.92,-2.35
19.852,0.51,-0.82,-0.47
19.897,-1.73,-0.51,0.16
19.943,-2.51,-0.24,-0.35
19.987,-4.71,2.98,20.01
20.034,-20.01,10.04,14.08
20.079,-9.57,15.3,9.22
20.125,-17.77,17.69,3.3
20.17,-9.92,11.49,2.04
20.213,-4,7.18,1.69
20.258,0.86,-1.57,-3.92
20.304,-2.9,-0.63,-0.78
20.348,-1.73,1.02,0.63
20.394,-0.08,-1.45,-0.94
20.441,-20.01,-6.28,17.85
20.485,-9.06,20.01,9.96
20.53,-16.95,9.3,0
20.576,-13.18,19.89,9.89
20.62,-9.77,9.49,2.82
20.664,-1.92,5.73,-0.12
20.709,2.98,-2.2,-1.84
20.755,-1.84,-2.67,-1.49
20.8,-0.12,-0.94,2.75
20.844,-2.51,3.22,7.61
20.892,-18.67,20.01,-20.01
20.936,-5.06,12.91,8.36
20.982,-14.24,15.77,8.67
21.028,-11.89,12.75,2.94
21.072,-5.22,6.59,0.82
21.117,1.96,-0.67,-2.39
21.161,0.24,-3.37,-2.31
21.205,-0.71,3.88,1.22
21.251,-2.67,-1.57,-1.18
21.297,-12.55,-3.22,1.53
21.343,-9.26,20.01,12.16
21.389,-14.59,14.55,-1.61
21.435,-15.26,18.2,6.79
21.48,-9.81,11.38,4.2
21.524,-6.08,5.26,1.65
21.569,1.14,-0.27,-0.47
21.613,1.8,-2.12,-1.14
21.659,-2.04,-1.29,-2
21.704,-1.96,0.78,-0.9
21.749,-9.3,2.43,20.01
21.796,-20.01,16.63,13.96
21.841,-8.04,11.85,8
21.886,-18.28,16.71,2.59
21.931,-9.38,13.26,3.26
21.976,-0.94,2.9,-0.71
22.022,-0.12,-3.8,-2.79
22.067,-0.47,-0.35,0.9
22.11,-3.69,0.75,0.55
22.155,0.71,-0.98,-1.1
22.202,-20.01,-1.77,16.04
22.249,-20.01,20.01,12.67
22.295,-14.47,10.63,3.92
22.341,-12.94,16.08,7.81
22.384,-7.73,5.69,1.57
22.429,-1.57,4.79,-0.86
22.474,1.96,-2.04,-2.08
22.52,-1.22,-0.9,-0.94
22.564,-2,-0.67,0.43
22.607,0.12,3.26,6.24
22.655,-16.95,18.55,-12.91
22.701,-14,16.4,7.41
22.747,-15.42,16.32,6.2
22.792,-8.75,10.08,3.1
22.836,-1.84,5.26,-1.18
22.881,0.82,-2.98,-3.88
22.926,-0.2,1.77,-0.47
22.97,-3.8,0.86,0.43
23.015,-1.41,-0.27,-2.79
23.061,-16.95,3.69,17.85
23.108,-20.01,17.61,11.85
23.154,-14.79,10.51,5.22
23.2,-11.1,13.14,7.1
23.244,-5.3,6.43,1.45
23.287,0.51,0.9,-2.39
23.333,-0.51,-1.33,-2.55
23.378,-1.73,1.41,-1.37
23.422,0.04,-1.88,2.71
23.467,-3.3,2.67,11.73
23.513,-20.01,14.32,10.94
23.558,-6.08,12.47,8.28
23.604,-16.16,15.65,6.35
23.648,-9.49,9.73,1.49
23.693,-2.63,3.45,-0.9
23.737,2.04,-3.49,-4.35
23.781,0.67,2.16,-1.22
23.825,-3.49,0.16,1.22
23.87,1.53,-0.51,-2.24
23.917,-20.01,-7.77,17.81
23.963,-10.94,20.01,12.67
24.008,-14.24,4.55,1.33
24.054,-14.95,17.53,5.02
24.099,-8.98,11.26,2.04
24.144,-4.43,3.26,-0.47
24.187,2,1.57,-2.04
24.233,-1.02,-0.39,-1.8
24.279,-1.1,-0.86,-0.08
24.323,-0.43,0.31,2.12
24.369,-13.53,5.69,20.01
24.415,-15.61,13.53,14.71
24.46,-6.2,10,8.28
24.506,-16.08,15.06,2.63
24.551,-6.83,10.59,3.22
24.596,-0.27,3.26,-1.29712609
24.775,-17.81,-4.47,4.2071279
25.092,2.28,-1.37,-1.73
25.136,-2.47,1.45,-2.31
25.18,0.24,-0.71,0.94
25.225,-0.16,-0.04,5.92
25.271,-17.22,14.75,3.77
25.318,-10.51,12.36,12.47
25.363,-10.87,13.53,6.04
25.409,-12.32,14.32,2.98
25.453,-5.57,8.87,0.94
25.499,-0.08,-0.59,-1.92
25.544,0.39,-3.88,-3.33
25.587,-1.45,2.51,1.37
25.632,-0.94,0.47,-0.63
25.677,-4.28,1.14,-0.16
25.721,6.28,16.63,2.39
25.767,-19.81,10.47,4.55
25.811,-14.24,9.77,6.63
25.857,-11.22,14.4,6.59
25.901,-7.77,9.77,1.53
25.946,-2.47,3.26,-0.47
25.99,2.71,-1.73,-1.45
26.036,-1.49,-3.14,-0.27
26.081,-0.39,2.59,-1.88
26.126,-1.06,-0.59,1.1
26.17,0.82,3.69,20.01
26.217,-20.01,20.01,-0.35
26.26,-2.98,9.57,3.45
26.306,-16.75,18.63,4.67
26.35,-6.28,8.63,1.84
26.395,-2.82,4.31,-1.65
26.439,0.08,-1.65,-4
26.483,-0.47,0,1.73
26.528,-3.1,1.49,-0.82
26.573,-1.53,1.29,-1.49
26.619,-0.63,13.3,11.22
26.665,-20.01,13.69,20.01
26.711,-15.06,11.73,5.06
26.757,-10.47,14.79,5.57
26.802,-6.94,10.28,2.55
26.847,-4.24,4.12,-1.69
26.892,1.49,-1.53,-2.47
26.937,-1.57,-2.31,-1.22
26.98,0,0.55,0.86
27.025,-1.77,-0.08,1.14
27.071,-16.16,5.26,20.01
27.118,-13.89,12.32,13.93
27.163,-11.85,13.14,7.37
27.209,-15.42,13.34,3.22
27.254,-7.06,10.4,2.86
27.299,-2.2,3.8,-0.9
27.344,-0.82,0.43,-3.02
27.389,-0.39,-1.33,-1.73
27.433,-1.37,0.59,0.82
27.478,-2.47,1.53,-0.63
27.524,-19.5,3.96,17.81
27.571,-17.22,12,14.2
27.617,-14.91,10.08,4.12
27.662,-13.65,15.89,5.84
27.707,-9.96,11.65,2.39
27.752,-3.1,4.08,-0.31
27.796,0.39,0,-1.06
27.842,-1.02,-1.65,-2.35
27.886,-1.29,1.33,-1.1
27.931,-0.51,-0.43,0.27
27.976,-0.31,3.69,11.49
28.024,-19.02,20.01,-18.99
28.069,-4.51,11.41,6.59
28.114,-15.73,14.16,5.96
28.16,-11.65,11.45,2.04
28.205,-5.73,10.79,2.55
28.25,0.39,-0.67,-2.31
28.295,0.47,-3.06,-3.33
28.338,-0.67,0.9,1.61
28.383,-2.43,1.33,-0.08
28.428,-3.88,0.55,-0.9
28.472,2.98,19.46,3.69
28.518,-20.01,10.28,5.69
28.563,-14.63,14.95,3.37
28.609,-11.89,13.45,7.1
28.653,-8.47,8,2.16
28.698,-2.67,4.31,-1.45
28.742,0.08,0.04,-1.96
28.787,-1.65,-0.67,-1.96
28.831,0,-0.67,0.63
28.874,0.75,1.49,4.28
28.92,-20.01,8.39,10.12
28.965,-13.02,9.02,12.2
29.011,-11.96,15.22,7.49
29.057,-18.01,15.14,4.59
29.102,-7.22,11.65,3.88
29.146,-0.98,3.92,0.55
29.19,0.2,-3.02,-3.14
29.235,0.98,-0.24,-0.59
29.279,-3.8,3.26,0.16
29.324,-0.27,1.8,-1.41
29.371,-20.01,-5.84,16.12
29.418,-16.63,17.85,20.01
29.462,-16.16,8.9,2.67
29.508,-13.57,17.02,8.94
29.554,-10.75,14.12,2.94
29.599,-6.63,2.63,-1.61
29.644,1.8,-2.28,-3.26
29.687,0.71,-3.33,0.12
29.732,-2.94,0.24,-1.22
29.776,-2.12,1.37,0.82
29.819,1.06,2.94,8.55
29.865,-20.01,20.01,-0.24
29.91,-7.77,11.89,4.43
29.956,-14.32,16.08,6.83
30.002,-13.38,13.85,2.67
30.046,-4.04,9.02,2
30.089,1.96,0.35,-3.45718104
30.402,-16.24,13.69,5.77718417
30.581,1.06,-3.14,-0.86
30.627,-2.67,-1.26,-2.16
30.67,0.39,0.63,1.37
30.713,-0.75,0.51,2.51
30.759,-19.81,6.32,19.77
30.806,-11.89,11.69,12.16
30.852,-12.71,14.75,8.43
30.898,-14.04,13.34,3.18
30.943,-4.28,10.98,3.84
30.986,2.86,2.08,-0.08
31.031,0.9,-4.43,-3.1
31.076,1.88,-0.63,-0.04
31.12,-5.02,2.16,0.31
31.164,1.96,-0.55,-1.37
31.211,-20.01,-8.08,17.38
31.257,-6.16,20.01,16.67
31.303,-12.63,9.89,-0.55
31.349,-12.43,15.14,6.28
31.395,-11.3,10.08,3.14
31.439,-4.63,1.33,-1.22
31.484,3.26,-0.86,-1.65
31.53,-2.47,-0.35,-2.16
31.573,1.61,1.26,1.57
31.619,-3.73,-1.1,-2.47
31.662,0.86,3.65,16.79
31.709,-20.01,19.77,-5.53
31.754,-5.96,11.02,9.38
31.8,-16.55,15.81,2.98
31.845,-9.49,12.75,3.8
31.888,-3.14,6.51,1.1
31.933,0.35,-0.12,-1.96
31.978,0.04,-3.73,-4.12
32.022,-0.43,0.35,1.37
32.067,-3.84,2,-0.78
32.112,-9.14,-0.43,-0.2
32.156,0.31,13.77,6.67
32.203,-20.01,14.63,17.38
32.248,-16.59,9.41,4.86
32.294,-12.2,15.3,7.57
32.337,-9.73,9.57,2.16
32.382,-4.63,2.55,-0.94
32.427,1.8,-1.02,-1.61
32.472,0.12,-1.69,-2.04
32.515,-0.2,0.55,1.88
32.56,-2.82,0.35,-1.92
32.605,-1.65,4.9,20.01
32.651,-20.01,17.73,4.39
32.696,-8.67,10.12,7.06
32.742,-15.69,14.36,4.94
32.787,-11.89,11.65,2.39
32.831,-3.53,5.92,0.67
32.875,0.55,0.12,-2.31
32.92,0.47,-1.61,-2.86
32.963,-2.28,0.94,0.2
33.009,-2.39,-0.98,-0.51
33.054,-2.82,4,-2.51
33.099,-3.33,14.16,2.12
33.146,-20.01,20.01,20.01
33.19,-16.99,8.12,4.82
33.236,-12,16.95,9.06
33.28,-7.37,5.22,0.9
33.325,-2.9,3.33,-1.53
33.371,-0.35,-0.78,-3.45
33.417,-1.06,-1.33,-1.69
33.46,-0.24,0.39,0.35
33.506,-2.55,-0.35,-0.39
33.553,-12.91,10.79,20.01
33.599,-20.01,15.81,2.39
33.644,-1.61,11.38,7.49
33.689,-17.53,16.28,3.1
33.734,-8.32,12.4,2.79
33.778,-2.63,6.04,1.41
33.823,0.86,-1.06,-2.71
33.868,0.55,-3.02,-3.96
33.911,-2.39,1.22,2.12
33.956,-0.16,1.41,-0.75
34.003,-20.01,-4.94,10.71
34.049,-3.53,20.01,18.16
34.095,-14.47,6.98,-1.65
34.14,-14.95,16.99,6.16
34.185,-7.92,11.49,5.14
34.23,-6.04,4.94,-0.47
34.275,-0.04,0.2,-2.59
34.32,3.02,-1.69,-2.04
34.364,-1.73,0.24,-1.26
34.408,-0.55,0.47,0.43
34.453,-2.86,-0.63,1.37
34.499,-20.01,8.75,20.01
34.545,-20.01,7.3,19.38
34.589,-9.53,13.49,8.12
34.635,-15.85,15.77,4.79
34.68,-8.63,12.71,3.02
34.725,-3.69,4.31,-0.04
34.77,0.71,-0.75,-3.02
34.814,0.31,-2.75,-3.49
34.858,-1.49,0.98,0.75
34.903,-2.79,0.63,-0.24
34.949,-15.69,-2.28,3.02
34.995,-4.9,20.01,14.2
35.04,-13.61,9.77,-2
35.086,-14.63,17.57,6.32
35.132,-10.16,13.77,5.61
35.176,-6,4.2,0.12
35.221,-0.12,1.53,-1.73
35.265,1.65,-1.84,-1.92
35.311,-1.77,-0.67,-2.55
35.355,-0.9,0.08,0.47
35.401,-3.14,-0.27,-3.88
35.446,-8.9,6.9,20.01
35.492,-20.01,11.45,8.9
35.536,-0.82,11.65,7.1
35.582,-18.48,16.71,4.43
35.627,-6.51,11.81,3.30723641
35.899,-20.01,-4.43,12.32723914
36.082,-9.65,12.4,6
36.127,-4.28,2.79,-0.59
36.172,1.37,-0.51,-2.63
36.217,1.37,-0.86,-1.92
36.259,0.2,0.08,1.02
36.305,-2.28,-1.57,-0.16
36.348,1.61,5.02,8.75
36.395,-20.01,16.67,19.5
36.442,-12,13.89,17.81
36.487,-14.08,12.43,8.36
36.533,-11.96,13.89,4.31
36.577,-5.92,6.79,1.96
36.621,1.26,0.24,-3.1
36.665,0.39,-2.82,-3.18
36.708,0.55,0.27,1.18
36.753,-3.73,0.9,-0.51
36.797,0.82,3.3,-2.55
36.844,-20.01,-1.77,19.38
36.89,-19.38,19.34,19.73
36.935,-17.69,7.06,2.9
36.981,-13.53,15.85,7.85
37.026,-9.57,10.2,1.77
37.071,-4.24,2.39,-1.61
37.114,1.45,1.02,-0.9
37.159,0,-1.8,-1.8
37.203,0.47,-0.31,1.18
37.249,-3.49,-0.47,-1.29
37.292,0.71,4.79,2.55
37.337,-20.01,7.57,20.01
37.384,-17.97,12.12,16
37.429,-9.49,12.2,8.51
37.475,-16.36,16.2,2.24
37.519,-6.16,8.16,1.33
37.563,-0.35,1.65,-1.14
37.608,0.2,-3.22,-3.22
37.653,-1.18,-0.67,0.08
37.698,-2.67,0.24,-0.04
37.743,-1.65,3.73,-1.65
37.788,-15.93,7.14,15.53
37.835,-20.01,13.38,14.47
37.881,-17.18,13.1,6.94
37.927,-11.77,15.34,8.28
37.971,-7.81,9.41,1.53
38.015,-4.04,1.69,-1.45
38.059,1.92,0,-3.45
38.105,-1.53,-0.47,-1.73
38.15,-0.94,1.14,-0.98
38.196,-2.39,-1.88,-0.31
38.238,0.59,4.16,9.22
38.285,-20.01,19.65,19.81
38.332,-10.9,12.08,11.45
38.378,-11.14,11.61,7.18
38.424,-12.47,12.94,4.2
38.468,-2.75,5.77,0.63
38.512,-0.08,0.35,-3.45
38.558,-0.24,-1.1,-3.57
38.602,-1.61,0.35,1.29
38.647,-1.77,0.63,-1.29
38.692,-14.24,2.94,0.31
38.736,-3.1,16,4.86
38.781,-17.73,9.41,4.47
38.827,-14.36,14.79,5.57
38.873,-11.69,14.63,6.43
38.917,-8.36,8.24,2.71
38.961,-3.06,3.65,-1.18
39.007,-0.12,-0.59,-1.41
39.052,0.16,-1.53,-2.71
39.097,-1.92,0.63,-0.55
39.143,-2,-0.55,-1.29
39.187,-0.55,5.33,15.93
39.234,-20.01,20.01,-8.67
39.279,-6.35,10.51,7.81
39.325,-16.67,15.46,4.67
39.371,-11.81,11.89,3.02
39.414,-3.69,8.12,1.22
39.459,2.35,-0.27,-1.84
39.505,-0.55,-2.39,-3.06
39.549,-0.55,2.47,1.33
39.595,-2.71,-0.39,-0.78
39.639,-1.77,4.08,-1.57
39.685,-10.24,7.96,-3.41
39.732,-20.01,15.93,15.34
39.778,-14.95,10.51,6.63
39.825,-12.24,16.4,10.12
39.87,-10.16,9.14,0.27
39.914,-4.82,3.53,-0.43
39.958,0.94,1.45,-1.22
40.004,-1.49,-1.22,-1.69
40.049,-0.39,-1.22,0.2
40.095,-2.35,-0.24,-0.63
40.138,-1.06,2.82,2.55
40.183,-16.75,8.08,6.12
40.23,-14.32,12.32,16.67
40.276,-11.92,13.1,7.41
40.322,-14.75,13.3,4
40.366,-6.35,10.87,2.67
40.41,0.9,2.47,-0.55
40.455,1.02,-2.67,-5.49
40.5,-0.86,-0.08,0.75
40.545,-3.41,1.18,-0.63
40.59,-15.85,-4.55,5.26
40.635,-4.67,20.01,6.67
40.681,-14.83,3.8,-1.06
40.727,-15.73,20.01,9.53
40.773,-10.16,14.28,4.08
40.816,-8.75,7.1,1.65
40.861,-5.06,0.47,-1.49
40.906,4.28,-2.28,-1.29
40.952,-0.94,-2.51,-2.12
40.997,-2.35,2.9,-0.71
41.041,-0.43,-1.84,1.49
41.085,6.71,4.79,20.01729102
41.577,-13.3,6.35,1.29
41.624,-13.77,20.01,20.01
41.669,-18.36,5.88,1.33
41.714,-10.04,16.71,8.04
41.759,-8.87,10.08,1.53
41.804,-8.67,4.9,-0.94
41.849,1.18,-0.04,-2
41.894,2.43,-2.35,-1.26
41.939,-1.73,-0.2,-0.08
41.983,-2.16,0.31,0.12
42.027,-1.77,3.33,2.59
42.073,-20.01,1.02,20.01
42.119,-20.01,8.98,12.91
42.163,-5.88,12.67,7.85
42.209,-18.2,19.38,4
42.254,-5.06,10.47,1.49
42.299,-2.55,1.88,-2.08
42.344,0.43,-4.24,-3.92
42.388,1.1,-2.98,-0.67
42.433,-4.55,3.3,-0.82
42.478,-3.45,-1.69,0.67
42.522,-3.61,4.75,4.67
42.568,-19.06,20.01,6.04
42.613,-20.01,11.22,3.53
42.658,-9.34,11.92,7.1
42.704,-12.51,11.38,3.77
42.749,-1.84,4,-0.08
42.793,0.27,3.88,-0.24
42.837,-1.22,0.08,-0.78
42.883,-2.59,-1.65,-2.47
42.928,-2.04,-0.04,0.24
42.973,-0.2,0.24,-1.92
43.019,-15.61,0.51,15.61
43.065,-20.01,18.95,-3.14
43.109,-6.9,7.41,3.73
43.155,-15.18,18.99,5.84
43.201,-12.47,16.28,2.59
43.245,-8.9,9.96,0.82
43.289,-5.53,4.79,-0.98
43.334,-1.33,0.94,-0.75
43.38,-1.06,-2.75,-2.86
43.425,-0.63,-1.45,0.47
43.469,-5.96,2.47,0
43.515,-20.01,-7.18,10.04
43.562,-17.57,13.69,20.01
43.607,-18.04,5.06,1.41
43.653,-11.18,14.98,8.71
43.699,-11.14,13.89,5.22
43.745,-10.4,10.55,2.79
43.788,-6.28,8,1.88
43.833,-1.49,2.31,-1.37
43.878,-0.71,0.31,-2.71
43.924,-3.02,-1.26,-1.06
43.97,-0.78,-2.2,-0.16
44.014,-2.16,-2.16,0.78
44.06,-14.63,9.81,19.1
44.107,-14.44,13.06,14.67
44.153,-13.65,11.85,5.26
44.199,-15.49,16.79,4.28
44.244,-9.22,11.1,1.45
44.287,-6.39,8.43,0.98
44.332,-1.29,3.02,-1.22
44.378,-1.45,-0.55,-3.49
44.424,-0.9,-1.49,-0.59
44.469,-1.26,1.73,-2.08
44.514,-19.85,-6.83,7.49
44.558,0.08,17.34,0.94
44.604,-15.14,5.96,-0.94
44.65,-13.69,17.02,6.79
44.696,-11.61,15.14,6.47
44.74,-10.16,9.18,2.55
44.784,-6.35,7.53,2.28
44.829,-2.47,1.77,-1.57
44.873,1.02,0,-1.22
44.919,-3.96,-0.86,-2.28
44.964,-0.78,-0.2,-0.9
45.009,-1.45,-0.47,3.8
45.055,-14.2,5.14,19.89
45.102,-19.85,14.04,10.83
45.147,-9.41,12.87,8.63
45.193,-15.85,15.26,2.28
45.238,-10.67,10.16,1.49
45.282,-2.94,4.9,0.16
45.327,-1.45,0.08,-2.51
45.373,-1.45,-1.45,-2.67
45.418,-1.65,1.37,-0.55
45.462,-3.77,0.24,-0.86
45.505,0,7.06,6.43
45.551,-16.59,9.06,15.65
45.596,-18.24,8.75,8.63
45.643,-14.67,18.87,10.16
45.688,-13.57,11.49,2.71
45.732,-7.37,8.75,4.2
45.777,-4.16,4.31,-0.24
45.822,1.65,-1.06,-1.84
45.868,-1.26,-0.98,-0.78
45.912,-1.22,0.67,-1.02
45.958,-0.43,-0.78,-0.67
46.005,-15.93,-0.43,19.85
46.051,-20.01,9.02,16.51
46.096,-9.1,12.36,8.32
46.141,-18.01,16.12,2.82
46.186,-9.89,13.02,4.16
46.23,-6.59,8.9,2.51
46.275,-2.82,3.45,-0.12
46.321,-1.14,-0.75,-3.06
46.366,-1.37,-0.43,-1.88
46.411,-2.82,1.29,-1.18
46.455,-1.41,0.94,0.2
46.5,1.53,11.1,-0.24
46.546,-19.5,7.77,15.89
46.591,-14.59,11.92,5.69734606
46.862,-2.75,-0.67,-0.51734876
47.046,-20.01,11.53,14.47
47.091,-11.1,15.49,9.26
47.137,-17.02,16.04,2.98
47.182,-8.08,11.02,3.26
47.227,-3.33,4.63,-0.27
47.273,-0.2,-1.8,-2.67
47.319,-0.67,-1.33,-1.1
47.362,-1.69,3.14,1.49
47.407,-1.1,0.98,-2.04
47.454,-20.01,-5.73,19.14
47.5,-9.73,20.01,15.97
47.545,-15.81,8.47,5.26
47.59,-12.94,16.79,7.26
47.635,-9.1,11.89,1.1
47.679,-7.37,7.49,2.08
47.724,-1.26,1.26,-2.39
47.769,0.78,-1.73,-1.18
47.814,-2.43,-1.18,-2.39
47.857,0.12,0.27,0.27
47.902,-0.55,-0.51,1.22
47.947,-7.22,3.53,20.01
47.993,-19.73,9.61,16.91
48.036,-6.83,9.92,5.41
48.082,-14.63,13.61,3.65
48.127,-8.87,14.04,3.73
48.172,-4.63,4.82,-1.37
48.216,-1.96,0.98,-1.29
48.262,-1.02,-0.86,-1.29
48.307,-1.02,0.75,-0.04
48.352,-1.53,2.75,-0.51
48.397,-11.89,2.75,8.2
48.444,-13.65,16.24,14.75
48.488,-17.34,9.45,7.53
48.534,-13.49,16.48,7.53
48.58,-13.49,12.63,1.77
48.624,-7.3,9.14,0.71
48.669,-1.77,3.65,-0.04
48.713,1.41,-2.51,-2.2
48.759,-1.92,-0.71,-1.88
48.804,-0.39,0.9,-0.71
48.848,0.12,-3.18,0.9
48.891,8.43,2.55,20.01
48.939,-20.01,20.01,-10.94
48.983,-4.08,9.65,3.92
49.029,-16.04,13.22,4.2
49.075,-10.12,11.34,3.84
49.119,-4.82,9.22,1.33
49.163,-2.31,3.61,-2.39
49.208,-1.41,1.45,-2.67
49.252,-0.63,0.27,0
49.298,-1.61,-0.35,-0.9
49.343,-10.79,0.12,2.86
49.386,0.35,10.55,4.28
49.431,-11.38,8.51,1.49
49.477,-13.1,12.71,3.49
49.523,-13.93,12.55,5.02
49.569,-11.53,12.08,1.45
49.612,-5.22,8.71,2.31
49.657,-1.37,2.82,-1.57
49.702,-0.08,0.67,-0.55
49.748,-1.57,-1.33,-0.98
49.791,0.08,0.67,-1.22
49.835,1.29,2.2,12.16
49.883,-13.3,20.01,-20.01
49.928,-4,12.2,7.96
49.974,-15.65,14.36,7.06
50.02,-10.28,12.71,4.28
50.064,-7.34,11.38,3.92
50.109,-2.43,1.92,-2.86
50.154,0.24,-0.24,-3.02
50.199,-0.35,1.49,-1.65
50.244,-2.47,1.02,-1.29
50.288,-1.53,1.69,-0.75
50.332,1.84,7.49,-1.18
50.379,-15.69,10.67,20.01
50.425,-16,12.91,6.75
50.471,-12.98,17.65,9.81
50.515,-13.06,9.85,1.77
50.56,-7.96,10.63,2.39
50.605,-3.57,2.51,-1.57
50.65,1.57,-1.65,-1.96
50.696,-1.69,-1.26,-0.63
50.74,-0.86,1.57,-1.26
50.785,-0.24,-0.27,0.94
50.831,-11.92,3.57,20.01
50.877,-20.01,8.71,20.01
50.922,-9.41,11.96,8.2
50.968,-16.79,13.49,6.28
51.012,-8.51,14.32,4.71
51.057,-6.43,8.83,-0.12
51.102,-1.1,0.94,-2.39
51.148,-1.14,-1.14,-2.39
51.191,-0.71,0.94,0.59
51.236,-2,0.82,-1.65
51.282,-15.69,-3.14,2.71
51.327,-7.02,20.01,6.98
51.372,-11.1,6.98,1.02
51.418,-16.91,19.5,7.45
51.463,-12.79,12.63,4.28
51.507,-8.36,8.67,1.1
51.552,-3.65,3.22,-1.22
51.597,2.79,-0.43,-2.51
51.643,-0.86,-0.08,-2.28
51.687,-2.43,1.84,-1.02
51.731,0.2,-1.73,1.1
51.775,2.04,1.8,13.14
51.823,-19.73,20.01,-20.01
51.866,-1.49,8.75,6.24
51.912,-18.99,14.95,8.24
51.958,-11.73,11.81,5.02
52.003,-8.28,13.89,4.47
52.047,-4.31,5.37,0.2
52.093,-1.06,-0.63,-1.73740106
52.498,-10.79,10.67,0.4374051
52.587,-0.08,-0.39,-3.41
52.632,1.14,-1.49,-1.1
52.678,-1.41,-0.55,-0.51
52.722,-0.9,0.31,0.55
52.765,0.55,3.06,10.83
52.812,-20.01,16.87,-9.06
52.857,-6.47,14.63,4.47
52.903,-16.79,14.51,7.22
52.949,-12.75,12.59,4.51
52.994,-7.77,12.71,3.77
53.038,-1.45,3.53,-0.82
53.084,-0.63,-1.65,-2.51
53.129,0.35,-0.43,-0.24
53.174,-2.9,2.16,-0.31
53.22,-2.71,-0.35,-0.71
53.262,2.98,6.98,2.39
53.309,-20.01,11.26,18.36
53.355,-19.38,17.22,5.22
53.401,-14.16,11.92,6.2
53.445,-8.04,8.75,1.84
53.489,-3.69,2.51,-1.57
53.534,3.33,-0.71,-1.88
53.579,-1.57,0.04,-1.84
53.624,-1.14,2.55,-2
53.668,0.67,-1.84,2.55
53.712,-7.18,5.81,19.77
53.758,-20.01,7.1,16
53.803,-8.98,14.36,9.61
53.849,-17.89,15.46,4.9
53.894,-8.67,14.24,4.24
53.937,-5.18,7.22,2.75
53.982,1.53,-2.63,-3.8
54.027,0.51,-1.77,-2.35
54.07,0.08,4.98,0.59
54.114,-1.8,0.9,-1.69
54.16,-16.83,-5.92,5.18
54.206,-7.06,20.01,13.06
54.253,-17.14,12.08,-3.37
54.299,-14.95,19.46,5.81
54.345,-13.02,11.57,4.94
54.388,-7.14,6.86,1.77
54.433,-0.08,0.78,-1.57
54.478,2.86,-2.79,-1.33
54.524,-1.92,-0.24,-0.67
54.568,-1.45,1.96,0.78
54.61,1.45,0.51,3.69
54.655,-20.01,3.61,9.77
54.702,-11.57,11.73,19.81
54.748,-16.4,14.63,9.34
54.794,-13.02,11.96,4.82
54.838,-7.41,11.1,3.65
54.882,0.75,1.69,-0.43
54.927,0.71,-2.98,-3.18
54.97,0.16,2.12,0.16
55.014,-3.02,2,-0.55
55.059,-9.34,-2.51,0.08
55.104,-0.47,11.3,5.18
55.149,-15.34,9.18,5.37
55.195,-17.02,15.22,6.94
55.24,-14.36,12.98,6
55.285,-10,7.14,2.08
55.33,-4.2,1.1,-1.65
55.375,4,-1.37,-1.37
55.421,-1.77,-1.84,-2.24
55.465,-2.67,2.82,-2.28
55.509,0.51,-1.61,0.27
55.552,0.55,0.24,6.51
55.599,-20.01,13.96,18.99
55.645,-9.61,11.02,18.24
55.691,-16.83,15.26,10.83
55.737,-10.2,13.85,4.94
55.782,-5.77,10.71,4.08
55.827,-1.92,1.8,-2.51
55.872,0.27,-3.49,-3.53
55.916,1.41,-0.35,-1.14
55.96,-2.86,2.59,0.04
56.006,-0.94,-0.43,-0.55
56.05,-9.65,5.61,0.31
56.097,-14.87,17.3,20.01
56.142,-18.12,12.2,9.65
56.188,-14.44,16.75,9.1
56.233,-11.3,9.26,0.94
56.277,-6.32,5.33,0.12
56.321,0.9,0.55,-1.69
56.365,1.26,-2.04,-1.96
56.41,-2.51,0.75,-1.45
56.454,0.39,1.41,-0.35
56.5,-1.61,-1.26,-0.9
56.545,-9.34,8.12,20.01
56.59,-20.01,7.65,19.69
56.635,-7.22,11.61,6.12
56.681,-16.99,15.02,5.26
56.726,-9.81,13.69,4.94
56.77,-5.26,7.14,2.55
56.815,-0.51,-0.16,-2.75
56.86,0.04,-2.47,-3.88
56.903,0.94,3.65,1.8
56.949,-2.55,-0.12,-1.49
56.994,-9.57,-0.24,1.33
57.036,0.78,9.02,6.12
57.083,-18.48,12.36,19.1
57.129,-16.75,10.9,7.02
57.175,-11.41,15.93,7.49
57.221,-13.34,11.92,1.29
57.265,-9.34,10.83,2
57.309,-3.06,4.79,0.94
57.353,0.39,0.71,-0.59
57.398,0.47,-2.47,-0.86
57.442,-2.86,1.53,-1.69
57.486,1.45,0.86,-0.31
57.53,0.63,-1.29,2.47
57.577,-20.01,-0.08,20.01
57.623,-20.01,6.28,16.79745636
58.069,-2.08,20.01,3.45
58.114,-13.81,10.51,2.43
58.16,-16.12,15.61,6.86
58.206,-13.26,12.83,6.51
58.251,-10.79,9.92,2.47
58.295,-6.71,6,1.8
58.338,-2.16,4.86,0.12
58.383,1.29,-0.35,-2.08
58.429,-1.77,-1.1,-3.18
58.474,-0.55,1.77,-0.08
58.52,-1.1,-1.18,-0.94
58.563,0.39,1.45,15.57
58.61,-20.01,20.01,-7.77
58.657,-10.2,12.47,16.24
58.704,-14.98,13.1,10.55
58.75,-11.57,12.08,4.79
58.795,-7.96,11.41,3.77
58.838,-5.88,6.98,1.49
58.883,-2.31,2.31,-1.33
58.929,-0.35,-0.59,-2.28
58.973,0.39,-0.94,0.12
59.017,-2.63,0.2,-0.82
59.062,-5.77,-0.12,0.55
59.106,-8.79,6.71,2
59.153,-13.85,13.34,20.01
59.198,-14.12,7.65,4.24
59.244,-11.61,12.79,5.88
59.289,-11.65,12.67,4.28
59.334,-9.85,14.16,3.88
59.379,-8.36,11.18,2.51
59.423,-5.37,7.69,2.63
59.467,-1.14,1.02,-1.61
59.512,0.2,-1.84,-1.37
59.558,-1.02,-1.61,-1.92
59.602,0.78,3.06,-0.31
59.646,0.63,-1.02,0.24
59.69,-3.65,9.22,20.01
59.737,-20.01,20.01,-9.61
