NAME:,run_3_1.csv,,
EXPERIMENT TIME:,25-05-22 15:22,,
ACTIVITY TYPE:,Running,,
COUNT OF ACTUAL STEPS:,80,,
,,,
Time [sec],ACC X,ACC Y,ACC Z
0.043,0.14,13.34,-5.57
0.045,0.9,10.79,-7.06
0.092,0.47,7.73,-6.12
0.135,0.16,5.57,-4.24
0.138,0.2,7.96,-5.1
0.184,0.9,8.47,-4.86
0.228,0.8,9.06,-5.77
0.23,0.33,8.36,-5.22
0.273,0.59,7.92,-5.06
0.316,2.71,8.59,-4.79
0.36,3.06,9.69,-6.28
0.362,1.02,8.51,-4.47
0.408,0,8.2,-4.39
0.46,1.02,10.12,-4.55
0.462,0.78,8.9,-4.86
0.509,0.06,8.79,-5.22
0.511,0.45,12.08,-7.02
0.596,0.78,12.04,-6.55
0.598,2.79,9.69,-8.16
0.599,0.12,9.53,-5.96
0.661,0.27,8,-7.69
0.708,0.59,7.85,-8.67
0.709,0.31,15.69,-11.22
0.756,0.08,14.67,-6.12
0.802,0.1,15.3,-8.04
0.85,55,15.81,-4.86
0.852,0.22,17.22,-3.65
0.926,1.33,12.83,-2.31
0.944,-3.06,9.1,-2.04
1.077,1.33,2.55,-1.96
1.089,4,-0.12,-1.96
1.093,4.28,0.71,-1.96
1.175,0.12,-0.47,-1.02
1.178,1.73,-2,-4.98
1.18,0.67,10.24,2.31
1.182,0.94,14.87,-10.9
1.235,0.28,19.38,-0.31
1.236,0.55,17.77,-5.18
1.238,1.02,16.71,-7.88
1.285,1.37,12.32,-4.39
1.333,1.8,14.83,-11.26
1.381,0.55,9.65,-6.67
1.437,2.16,0.82,-4.28
1.489,0.86,0.24,-5.61
1.491,0.67,0.35,-5.77
1.538,0.41,8.12,-7.18
1.586,1.8,20.01,-19.38
1.588,6.9,20.01,-8.2
1.641,0.04,19.97,-8.43
1.687,0.37,15.69,-4.82
1.689,2.63,8.39,-2
1.736,0.12,1.45,-2.12
1.783,0.06,-0.55,-0.82
1.785,0.49,-2.55,-0.82
1.832,0.59,0.63,-3.14
1.834,0.43,-0.98,-2.75
1.881,0.06,11.61,-4.24
1.929,0.69,11.61,-5.02
1.931,0.9,20.01,-5.61
1.978,0.24,18.28,-3.53
2.026,0.63,19.06,-9.69
2.028,2.86,14.4,-7.69
2.076,3.61,14.44,-10.55
2.078,0.86,4.9,-4.63
2.131,0.82,-2.2,-4.08
2.179,2.16,0.63,-2.98
2.227,1.53,0.31,-6.28
2.229,0.27,-0.55,-2.35
2.28,0.08,1.73,-5.69
2.284,1.18,13.14,-16
2.332,4.63,20.01,-12.32
2.384,0.35,20.01,-11.26
2.387,0.51,17.61,-2.31
2.436,0.49,13.49,-4.28
2.437,5.3,4.35,-2.63
2.486,1.45,0.51,-1.73
2.536,0.33,-1.41,-0.82
2.59,0.63,-1.37,-1.18
2.592,0.55,-0.27,0.67
2.643,0.47,6.86,-15.53
2.647,10.04,17.81,-4.94
2.696,0.92,11.69,0.71
2.747,0.51,18.4,-4.55
2.752,0.24,18.75,-6
2.802,5.33,10.67,-3.3
2.806,0.94,16,-9.65
2.854,0.57,8.43,-7.02
2.904,0.78,-1.02,-6.83
2.906,1.41,-1.18,-4.12
2.988,1.65,-1.29,-2.75
2.992,0.12,-0.63,-2.31
2.994,0.14,4.51,-6.75
3.048,0.57,19.73,-13.61
3.052,0.65,20.01,-20.01
3.103,0.47,20.01,-13.1
3.152,0.94,17.89,-3.92
3.154,0.08,13.1,-2.9
3.204,4.71,3.41,-0.27
3.255,0.73,-1.02,-0.67
3.257,0.77,-3.84,-0.82
3.308,0.16,-0.98,-1.33
3.357,1.8,0.47,-3.73
3.359,0.65,7.22,-20.01
3.409,9.73,18.95,-1.06
3.411,0.04,15.49,3.53
3.462,0.24,15.22,0.31
3.464,2.86,20.01,-8.32
3.514,0.75,9.81,-3.18
3.565,4.9,18.91,-15.77
3.566,0.35,10.94,-1.14
3.618,0.39,3.88,-6.86
3.668,0.9,-3.06,-4.51
3.67,1.61,-1.37,-2.51
3.721,1.33,-1.77,-2.16
3.772,0.94,-2.31,-1.92
3.774,0.18,7.14,-5.22
3.824,4.24,20.01,-14.51
3.826,14.16,20.01,-3.18
3.877,0.31,19.97,-5.88
3.878,0.02,17.69,-5.49
3.93,1.41,9.77,-2.16
3.98,5.69,2.47,-1.26
3.982,0.22,-0.35,-1.33
4.034,92,-3.22,-0.43
4.085,0.24,0.9,0.04
4.086,1.57,0.98,-5.37
4.138,0.75,11.61,-7.22
4.14,8.24,15.49,-7.61
4.192,16,15.93,-0.35
4.244,0.04,20.01,-3.88
4.245,2.9,20.01,-7.02
4.297,3.53,15.42,-9.38
4.35,3.22,15.77,-8
4.352,0.73,7.81,-1.88
4.405,0.24,1.1,-8.83
4.407,0.59,-1.69,-3.57
4.46,1.29,-2.31,-3.37
4.512,2.31,-1.61,-2.51
4.564,0.61,10.87,-12.4
4.566,1.02,20.01,-9.96
4.619,4.08,20.01,-4.31
4.62,0.29,20.01,-8.75
4.673,0.84,18.4,-4.79
4.726,4.08,11.69,-0.71
4.728,2.16,3.26,-2.08
4.779,0.35,-1.69,-1.22
4.781,0.26,-2.86,-2
4.833,67,2.28,-0.08
4.887,0.82,-0.2,-4.47
4.888,0.26,17.69,-3.77
4.941,1.37,5.22,-0.31
4.943,5.77,20.01,-8.51
4.996,0.2,19.14,-5.88
5.05,2.39,15.85,-6
5.052,0.67,12.24,-8.55
5.104,0.57,14.79,-8.67
5.157,0.96,9.41,-6.59
5.158,0.43,-1.06,-6.32
5.214,0.39,-2.39,-6.75
5.216,3.22,-3.37,-0.04
5.311,0.12,-2.04,-1.77
5.313,0.53,13.85,-11.57
5.314,2.47,20.01,-16.99
5.378,4.55,20.01,-10.98
5.38,0.98,16.87,-4.12
5.435,0.61,14.04,-3.69
5.488,2.43,6.83,-0.2
5.541,0.12,-0.31,-0.43
5.542,0.45,-2.12,0.31
5.596,0.8,-1.65,-1.65
5.597,1.77,1.02,-0.24
5.652,63,-0.67,-10.28
5.654,0.94,15.26,-4.04
5.708,0.55,11.1,-2.24
5.762,1.41,20.01,-3.45
5.764,0.88,16.71,-3.61
5.818,0.82,18.01,-4.82
5.82,1.26,16.71,-11.96
5.876,2.71,15.18,-11.22
5.934,0.45,7.96,-11.85
5.936,0.55,1.33,-6.12
5.99,0.39,-0.94,-3.92
5.992,1.53,-3.77,-0.12
6.046,1.41,-3.06,-0.94
6.048,0.88,4.86,-5.37
6.101,1.14,20.01,-14.2
6.103,0.69,19.85,-13.93
6.157,0.71,20.01,-12.59
6.158,0.12,18.2,-5.69
6.212,0.65,14.95,-2.16
6.266,3.49,6.2,-2.98
6.268,1.26,-0.55,-0.63
6.322,0.51,-2.28,-1.29
6.377,0.26,-1.96,-1.22
6.378,1.53,2.79,-2.86
6.434,0.37,-2.86,-7.61
6.436,0.82,19.97,-5.37
6.492,0.28,5.88,4.82
6.493,0.67,20.01,-11.61
6.548,0.92,15.1,-2.67
6.604,0.43,17.85,-8.39
6.606,1.02,12.67,-8.39
6.662,0.79,8,-2.28
6.717,0.24,1.14,-5.14
6.718,1.1,-1.49,-0.98
6.773,4.35,-2.75,-1.22
6.775,0.2,-2.86,-2.86
6.831,0.24,4.75,-4.55
6.836,0.63,18.95,-13.3
6.891,0.14,20.01,-20.01
6.946,0.43,20.01,-11.57
6.948,0.82,16.28,-5.41
7.003,1.77,13.81,-0.51
7.005,4.2,6.04,-0.35
7.061,1.57,-1.73,0.75
7.062,0.12,-3.06,-0.24
7.118,0.37,-1.96,-2.94
7.119,0.12,2.28,-1.45
7.176,0.41,4.82,-20.01
7.177,4.35,18.83,-5.26
7.233,82,7.65,2.9
7.29,4.55,20.01,-13.34
7.292,0.55,17.02,-4.24
7.347,0.06,15.18,-6
7.349,2.47,18.12,-11.61
7.405,90,12.28,-4.08
7.461,0.39,6.86,-6.98
7.463,0.49,-0.78,-7.57
7.465,0.71,-1.8,-3.41
7.52,3.1,-3.57,2.31
7.576,0.98,-2.12,-4.31
7.578,0,4.55,-4.43
7.633,2.71,20.01,-15.1
7.635,3.65,20.01,-10.2
7.695,0.16,20.01,-11.92
7.754,0.51,17.14,-6.16
7.756,0.75,14,-1.06
7.813,6.32,3.8,0.16
7.815,0.08,-1.26,-0.12
7.871,0.53,-1.96,0.35
7.927,0.27,-0.71,-1.06
7.929,0.41,2.82,-0.75
7.931,0.32,-3.02,-9.73
7.988,0.24,20.01,-2.86
7.99,0.32,3.88,3.84
8.047,1.73,20.01,-13.45
8.049,0.79,15.42,-1.77
8.106,0.2,17.97,-9.89
8.108,0.35,15.18,-9.1
8.164,1.8,13.49,-6.32
8.226,0.39,8.59,-6.79
8.228,0.43,-1.45,-5.18
8.285,1.88,-3.22,-4.79
8.286,3.45,-2.82,1.26
8.344,0.08,-1.88,-2.51
8.346,0.02,1.18,-6.55
8.404,0.18,13.65,-13.49
8.461,0.65,20.01,-16.2
8.463,0.33,20.01,-10.12
8.464,0.12,19.97,-7.65
8.522,0.04,15.42,-3.22
8.579,2.94,9.85,-1.22
8.581,5.1,1.33,-1.45
8.639,0.2,-2.63,0.27
8.641,0.96,-2.51,-1.88
8.698,0.35,1.45,-2.55
8.7,0.37,-0.51,-7.3
8.759,0.51,18.16,-1.37
8.761,4.51,10.51,-7.45
8.818,1.45,20.01,-2.71
8.82,0.86,14.87,-1.22
8.879,2.28,18.87,-7.37
8.937,1.92,13.85,-7.57
8.939,0.04,15.26,-8.47
8.998,0,9.06,-3.1
9,1.57,0.75,-7.37
9.058,0.59,-1.29,-6.59
9.117,1.77,-1.45,-3.1
9.119,0.08,-1.29,-0.78
9.12,0.26,0.08,-6.35
9.179,3.26,10.94,-9.96
9.238,1.92,20.01,-18.12
9.239,2.55,19.81,-7.14
9.299,0.31,17.5,-4.28
9.301,0.98,9.38,-0.78
9.359,4.71,2.2,-2.16
9.417,0.2,-2.2,0.86
9.419,0.51,-2.63,-1.57
9.477,0.41,0.12,-0.82
9.479,0.47,0.08,-2.82
9.538,0.08,13.45,-2.2
9.54,8.12,15.73,-9.22
9.599,0.2,17.85,1.41
9.601,0.45,18.48,-5.14
9.665,0.61,19.34,-9.3
9.667,0.96,10.63,-6.12
9.727,0.49,16.48,-14.59
9.729,0.78,9.49,-2.39
9.788,0,0.9,-7.18
9.79,1.69,-1.57,-2.55
9.849,2.75,-2.31,-2.79
9.851,1.53,-3.14,-0.55
9.912,0.65,1.88,-6.51
9.972,0.04,12.59,-12.47
9.974,0.96,20.01,-20.01
9.976,0.39,20.01,-11.53
10.035,0.06,17.3,-5.33
10.037,0.39,13.22,-3.33
10.097,2.79,8.24,0.82
10.099,5.1,1.49,-2.24
10.159,0.16,-3.73,-0.16
10.219,0.49,-2.2,-1.8
10.22,2.94,3.61,-1.65
10.279,0.77,-1.02,-7.53
10.281,0.35,16,-1.29
10.283,1.84,14.44,-11.38
10.343,9.02,20.01,1.41
10.404,0.77,16.71,-4.31
10.406,0.82,16.59,-11.06
10.467,2.75,14.79,-9.57
10.527,0.06,14.24,-6.08
10.589,0.47,-3.3,-2.79
10.591,2.9,-2.63,1.92
10.652,0.51,-2.08,-2.9
10.653,0.45,4.79,-7.61
10.714,0.51,20.01,-16.48
10.716,0.73,19.22,-18.16
10.778,2.51,20.01,-11.02
10.839,1.92,17.3,-6.47
10.84,1.06,12.91,-0.75
10.842,5.22,5.49,-2.24
10.906,1.77,-2.55,0.9
10.909,0.26,-3.06,0.51
10.971,0.55,-1.14,-1.69
10.972,2.12,2.67,-2.9
11.034,0.08,0.04,-14.32
11.036,8.79,18.71,-8
11.098,61,11.65,1.37
11.1,2.47,20.01,-9.61
11.162,0.14,16.36,-2.2
11.223,0.43,14.4,-8.9
11.225,3.3,18.16,-12.12
11.287,61,11.14,-6.24
11.288,0.06,3.37,-7.34
11.29,0.08,-2.28,-4.79
11.352,1.65,-1.96,-3.22
11.353,2.51,-3.14,1.18
11.414,0.82,-1.57,-2.43
11.416,0.45,1.18,-8.47
11.478,0.45,18.91,-16.28
11.48,19.1,20.01,-1.65
11.543,0.2,20.01,-11.06
11.606,0.82,15.3,-6.35
11.608,2.94,10.4,-1.45
11.61,6,3.49,-0.9
11.673,2.08,-2.39,-1.61
11.675,0.84,-2.04,-0.71
11.738,0.84,0.12,-4
11.74,0.2,2.9,-3.37
11.802,0.45,-2.94,-6.08
11.804,0.22,17.93,0.31
11.867,0.79,13.14,-7.14
11.869,-11.02,20.01,-3.02
11.932,0.31,16.59,-3.65
11.934,1.69,15.69,-10.28
11.997,2.71,16.24,-10.71
11.999,0.67,11.57,-7.96
12.062,88,7.77,-5.65
12.125,0.16,0.12,-4.94
12.127,2.08,-3.18,-2.39
12.19,2.94,-2.08,-2.12
12.192,0.84,-0.63,-0.47
12.193,4.12,1.96,-8.47
12.258,0.86,18.95,-17.3
12.261,0.91,20.01,-20.01
12.324,2.28,20.01,-11.38
12.326,0.75,17.42,-6.32
12.388,2.43,11.85,-0.82
12.39,6.04,5.18,-3.1
12.453,2.31,-1.33,-0.63
12.455,0.77,-3.1,0.31
12.519,0.04,-2.39,-2.9
12.521,0.51,2.79,-1.77
12.584,1.61,2.9,-2.04
12.586,0.41,13.22,0.43
12.649,0.12,14.83,-12.59
12.65,11.38,20.01,3.02
12.713,0.77,19.89,-4.86
12.716,0.04,15.89,-9.96
12.717,2.16,12.43,-7.49
12.781,0.75,12.79,-6.63
12.845,0.16,5.92,-6.16
12.847,0.06,-1.33,-6.9
12.91,1.22,-2.55,-1.14
12.912,2.59,-2.71,-0.04
12.914,1.57,-0.9,-1.41
12.978,0.26,-0.63,-4.86
12.98,0.73,19.97,-16.99
13.052,0.14,20.01,-20.01
13.116,2,20.01,-10.43
13.118,0.18,19.77,-8.28
13.12,0.12,13.57,-4
13.182,0.22,8.79,-0.27
13.185,5.3,0.98,-2.08
13.255,0.12,-2.51,0.63
13.258,0.02,-1.49,-1.41
13.321,1.57,1.53,-1.02
13.325,0.04,1.22,-4.16
13.392,0.75,6.75,-15.53
13.394,6.2,20.01,-9.22
13.462,0.16,11.61,-1.88
13.47,0.67,19.97,-2.79
13.535,2.08,13.02,-4.12
13.537,2.71,12.98,-6.94
13.603,0.86,10.67,-6.28
13.605,0.35,1.65,-6.2
13.672,0.71,-2.86,-2.08
13.673,2,-2.24,-0.75
13.74,0.04,-1.61,-1.14
13.742,0.16,1.96,-8.36
13.811,0.26,11.89,-6.94
13.814,0.94,20.01,-20.01
13.879,9.26,20.01,-2.51
13.882,0.71,17.38,-5.33
13.946,2.28,14.83,-2.51
13.949,0.59,10.28,0.59
14.013,3.8,2.55,-0.82
14.015,0.43,-2.35,0.16
14.017,0.67,-1.61,0.35
14.081,2.16,2.71,-1.33
14.083,0.43,-1.96,-9.34
14.148,0.59,17.06,-2.9
14.149,0.71,11.92,-9.22
14.213,5.96,20.01,-3.02
14.216,0.79,16.12,-2.82
14.282,0.8,17.53,-8.59
14.284,0.35,11.92,-7.57
14.351,0.33,10.04,-4.35
14.353,0.43,8.16,-5.45
14.42,0.12,-0.55,-7.3
14.487,1.49,-3.26,-1.33
14.553,0.69,0.04,-7.53
14.555,2.47,18.71,-14.98
14.557,0.96,20.01,-20.01
14.623,0.9,20.01,-13.06
14.625,1.45,19.42,-7.22
14.69,0.04,14.95,-3.69
14.692,2.9,9.69,-1.18
14.759,5.1,2.47,-2.31
14.76,0.14,-2.43,-1.18
14.826,0.12,-2.31,-1.26
14.828,1.33,2.04,-2.79
14.894,2.08,3.65,-3.06
14.895,0.57,1.37,-20.01
14.962,3.37,20.01,-8.71
14.964,0.77,18.63,-1.1
14.965,0.24,16.83,-5.33
15.033,0.55,17.57,-5.53
15.035,2.43,13.06,-4.47
15.108,1.33,16.24,-11.61
15.11,0,10.12,-6.55
15.178,0.43,6,-7.61
15.18,0.86,-4.31,-3.1
15.246,1.45,-0.78,-3.37
15.248,1.77,-1.26,-0.12
15.315,0.37,-1.88,-2.79
15.317,0.04,3.96,-7.22
15.384,5.53,20.01,-14.24
15.386,0.45,20.01,-20.01
15.388,0.35,20.01,-8.39
15.455,0.39,16.04,-7.14
15.456,0.9,10.32,-1.49
15.524,5.41,3.92,0.04
15.526,0.31,-2.35,-0.67
15.593,30,-2.98,-0.16
15.595,0.73,-1.22,-2.24
15.664,0.35,1.41,-2.82
15.666,0.35,6.75,-14.87
15.733,9.3,20.01,-11.14
15.735,9.49,11.89,2.35
15.804,0.27,18.55,-3.33
15.809,0.12,11.02,-5.1
15.875,0.73,12.67,-7.88
15.877,0.24,12.2,-4.51
15.944,0.59,0.51,-6.79
15.946,0.08,-2.31,-4.08
16.014,0.31,-0.39,-4.51
16.082,1.96,-2.63,1.49
16.084,0.27,-1.37,-4.28
16.085,0.71,10.28,-8.2
16.158,2.71,20.01,-20.01
16.161,14.51,20.01,-1.92
16.162,0.77,19.89,-7.22
16.231,0.51,16.36,-6.75
16.299,1.06,10.83,-1.1
16.301,4.24,0.71,-2.12
16.302,0.9,-2.9,-0.39
16.37,0.12,-2.24,-0.55
16.372,0.59,1.1,-0.9
16.44,0.47,1.88,-4.31
16.442,0.77,10.28,-13.61
16.443,4.35,17.73,-5.57
16.512,5.06,20.01,-4
16.586,0.12,17.73,-4.63
16.588,0.04,19.22,-8.39
16.59,1.84,12.2,-5.53
16.658,0.75,10.9,-7.45
16.66,1.96,11.02,-5.18
16.73,29,0.31,-4.82
16.732,1.29,-1.65,-1.92
16.801,2.04,-3.02,-3.26
16.803,0.02,-1.77,-1.37
16.805,0.37,-0.59,-7.53
16.874,0.61,11.1,-11.38
16.876,4.16,20.01,-20.01
16.946,3.26,20.01,-5.18
16.948,0.75,18.04,-7.14
16.949,0.67,13.06,-3.65
17.027,0.71,6.94,-0.12
17.029,4.04,1.06,-3.73
17.098,0.84,-2.12,-0.86
17.1,0.12,-2,-1.18
17.17,0.04,1.18,-3.3
17.172,0.2,3.92,-18.2
17.243,3.02,13.18,0.16
17.245,0.14,12.08,-0.39
17.315,1.06,20.01,-10.43
17.317,0.26,17.77,-2.71
17.386,0.9,15.02,-7.37
17.388,0.43,14.51,-12.43
17.39,3.33,11.89,-1.88
17.458,0.33,1.77,-6.59
17.46,0.43,-1.41,-6.32
17.533,2.16,-1.29,-4.28
17.534,1.18,-2.39,0.55
17.603,0.43,-1.45,-2.79
17.605,0,7.77,-10.83
17.607,5.06,20.01,-20.01
17.677,0.24,20.01,-9.26
17.678,0.16,20.01,-13.26
17.748,1.33,16.32,-6.59
17.749,2.59,10.36,0.55
17.821,5.45,0.2,0.16
17.822,0.26,-0.82,-0.31
17.824,0.94,-1.26,-2.59
17.894,0.45,0,-1.29
17.896,0.43,2.59,-4.79
17.968,0.8,15.69,-14.16
17.969,8.12,9.1,-4.39
18.041,4,18.24,-2.71
18.043,0.24,16.87,-4.63
18.045,0.47,16.71,-7.88
18.115,0.39,12.91,-9.92
18.185,1.84,10.4,-9.92
18.187,0.45,9.06,-7.37
18.189,0.41,0.43,-5.49
18.262,1.22,-1.96,-2.82
18.264,2.86,-2.08,0.27
18.335,0.2,-1.33,-5.45
18.337,5.02,5.06,-13.06
18.409,0.83,18.79,-15.57
18.48,0.98,20.01,-15.61
18.482,1.33,13.57,-5.06
18.552,0.16,10.16,-3.3
18.554,-5.69,2.39,-1.37
18.556,0.08,-4.51,3.33
18.627,0.08,-3.33,-0.24
18.629,0.84,-2.08,-1.77
18.631,0.75,3.88,-1.33
18.702,0.88,0.94,-10.24
18.704,0.83,20.01,2.9
18.775,0.22,6.83,0.27
18.777,8.47,20.01,-2.2
18.849,0.57,19.06,-4.35
18.851,0.51,17.5,-8.67
18.921,3.49,15.81,-8.71
18.923,0.37,10.9,-4.16
18.925,0.75,4.35,-7.1
18.996,0.12,-2.67,-6.67
18.998,0.55,-2.24,-3.84
19.07,2,-0.12,-1.61
19.072,0.37,-0.27,-1.02
19.074,0.82,-2.75,-2.47
19.146,4.28,14.95,-16.48
19.219,0.5,20.01,-20.01
19.221,0.31,20.01,-7.18
19.223,0.12,20.01,-7.92
19.295,2,15.18,-5.14
19.298,5.22,6.86,-0.12
19.371,4.63,-1.06,0.43
19.373,0.65,-2.67,-0.08
19.375,0.86,-4.43,-1.41
19.449,0,3.22,-4.35
19.45,0.59,3.8,-0.55
19.525,0.63,8.08,-20.01
19.527,9.89,19.97,-3.88
19.529,0.51,19.61,-2.79
19.603,0.18,17.57,-5.81
19.605,0.22,17.73,-4.9
19.679,1.84,14.71,-6.94
19.68,-4.67,14.91,-9.14
19.753,0.3,8.83,-12.36
19.755,0.22,6.35,-7.34
19.757,1.18,-1.96,-5.37
19.832,1.77,-2.67,-3.02
19.833,1.1,-2.67,0.98
19.907,0.43,-1.88,-3.18
19.909,0.71,5.77,-7.85
19.91,3.33,16.99,-13.69
19.985,0.9,20.01,-20.01
19.987,0.55,20.01,-11.89
20.06,0.24,18.36,-6.43
20.062,0.79,12.79,-1.69
20.136,5.3,2.12,0.82
20.137,1.84,-0.55,-0.9
20.139,0.71,-2.47,0.35
20.213,0.69,-2.67,-1.22
20.215,0.67,2.31,-0.86
20.291,0.29,-0.43,-7.65
20.292,0.63,18.71,0.78
20.294,0.08,7.69,-6.79
20.368,5.26,20.01,-7.41
20.37,0.49,18.2,-7.53
20.443,1.26,17.89,-7.53
20.445,2.59,16.99,-12.28
20.519,0.73,12.71,-13.89
20.521,0.08,5.96,-4.28
20.522,0.16,-1.8,-6.71
20.597,1.02,-1.77,-1.92
20.599,2.31,-2.31,-2.39
20.673,0.39,-2.04,-2.86
20.675,0.16,6.47,-8.47
20.677,4.75,19.06,-15.65
20.752,0.55,19.14,-19.77
20.754,0.59,20.01,-12.94
20.829,0.2,18.08,-6.32
20.831,0,14.44,-3.69
20.905,3.41,3.14,-0.47
20.907,1.14,-3.69,0.12
20.984,0.24,-2.55,0.27
20.986,-0.35,1.92,-2.71
21.063,16,0.43,-11.89
21.065,0.9,20.01,3.18
21.066,0.26,11.65,6.43
21.141,0.82,17.46,-5.92
21.143,0.51,19.1,-5.02
21.22,0.78,13.53,-8.47
21.224,4.63,18.71,-17.34
21.226,0.45,10.59,-6.55
21.3,0.94,3.06,-7.02
21.303,0.14,-2.94,-3.02
21.304,-0.75,-1.45,-4.39
21.38,0.78,-2.55,0
21.454,0.9,-2.59,-1.33
21.456,0.77,5.1,-10.08
21.458,1.88,20.01,-15.42
21.534,0.24,20.01,-20.01
21.535,-0.63,19.81,-13.26
21.611,3.92,15.38,-9.26
21.613,2.63,10.75,-0.94
21.689,3.65,2.47,-1.41
21.691,-0.63,-2.08,-0.67
21.692,0.92,-2.71,1.96
21.768,0.47,-0.67,-0.63
21.77,2.55,2.63,-1.65
21.772,0.47,1.65,-19.89
21.852,7.88,20.01,-8.75
21.854,0.79,3.73,9.26
21.93,0.08,20.01,-17.02
21.932,0.24,16.2,-5.26
21.934,0.47,12.71,-8.24
22.011,1.37,15.18,-15.73
22.013,0.73,11.14,-2.31
22.088,2.59,3.18,-8.47
22.089,0.71,-1.69,-3.33
22.091,0.04,-1.65,-4.55
22.166,0.27,-1.41,-0.67
22.168,0.16,-2.28,-5.02
22.243,0.08,9.22,-10.98
22.244,0.75,20.01,-20.01
22.246,-20.01,20.01,-9.85
22.323,2.08,20.01,-15.65
22.325,0.39,15.46,-9.3
22.405,0.12,8.94,-2.71
22.406,1.96,2.39,-1.22
22.484,0.16,-1.88,-2.35
22.486,0.82,-2.39,-2.24
22.564,0.04,0.43,1.14
22.566,0.65,2.43,-10.32
22.568,0.16,20.01,-13.61
22.645,67,2.47,3.77
22.648,3.73,20.01,-8.39
22.726,0.04,17.65,-3.8
22.728,0.16,19.61,-12.24
22.729,2.67,9.1,-3.37
22.807,4,12.75,-10.47
22.809,0.31,5.45,-5.65
22.886,0.08,-2.28,-5.57
22.888,2.51,-2.47,0.67
22.89,1.73,-2.31,-2.43
22.969,0.59,-0.04,-2.59
22.971,0.37,0.67,-4.2
23.049,0.08,8.47,-12.08
23.051,0.67,19.85,-20.01
23.13,2,20.01,-8.63
23.132,0.86,17.85,-11.73
23.134,1.49,11.81,-7.96
23.212,0.12,7.22,-0.82
23.213,2.04,2.04,0.55
23.215,0.9,-2.16,-1.41
23.293,0.94,-4.39,0
23.295,1.69,1.22,-3.96
23.372,0.63,3.33,-5.92
23.374,0.75,18.01,-20.01
23.375,7.45,5.33,-6.9
23.454,4.39,19.53,-5.18
23.456,0.31,15.77,-8.87
23.458,0.94,18.12,-9.92
23.537,1.61,10.51,-8.32
23.538,0.63,11.69,-13.49
23.617,0.94,8.59,-9.77
23.619,0.47,-0.24,-5.69
23.699,0.2,-2.35,-1.49
23.7,0.31,-0.71,-5.81
23.702,0.37,0.27,-0.59
23.781,0.39,-2.98,0.16
23.782,0.16,0.67,-14.36
23.861,2.59,20.01,-20.01
23.863,19.46,20.01,-20.01
23.865,0.24,14.95,-20.01
23.944,3.33,9.77,-13.06
23.946,3.22,6.63,-4.9
23.947,4,2.86,-5.73
24.028,0.35,-1.65,0.71
24.03,0,-1.22,2.43
24.109,1.02,-5.3,3.1
24.111,1.14,3.8,-3.61
24.113,0.94,-1.45,-9.38
24.194,0.94,20.01,-12.91
24.195,0.43,1.88,-8.28
24.197,3.37,18.48,-15.02
24.278,0.39,14.47,-9.49
24.28,0.39,13.65,-12.71
24.36,2.47,11.61,-12.32
24.362,3.92,8.87,-9.77
24.364,0.12,4.16,-5.26
24.445,0.18,-1.77,-8.59
24.447,0.28,-1.96,1.41
24.531,3.53,-2.35,-1.26
24.533,0,-2.31,-0.55
24.536,51,-0.78,-6.75
24.615,1.26,11.53,-20.01
24.618,0.81,2.12,-20.01
24.699,4.75,10.47,-20.01
24.701,0.08,8.47,-18.04
24.785,24,9.38,-14.71
24.787,0.08,3.41,-2.47
24.789,5.18,0.67,-0.04
24.871,0.08,-1.8,-0.08
24.952,0.73,2.16,-17.02
24.954,0.16,4.47,-19.46
25.035,3.69,8.83,-4.04
25.036,4.28,11.14,-19.93
25.118,0.41,8.67,-18.99
25.12,2.71,6.63,-13.26
25.122,2.82,7.73,-19.73
25.203,0.2,-1.96,-2.2
25.204,0.86,-3.45,-8.75
25.206,0.92,-1.18,-2.35
25.287,2,-1.84,-1.57
25.289,0.47,0.51,2.35
25.291,0.88,-4.82,0.08
25.374,0.59,4.35,-10.94
25.376,0.59,3.65,-20.01
25.457,2.39,-11.41,-19.93
25.459,5.88,-3.37,-20.01
25.46,0.04,-3.14,-16.95
25.541,1.96,-0.04,-8.36
25.543,4.12,3.69,-3.61
25.625,0.67,1.77,0.12
25.627,0.55,1.45,2.28
25.628,0,-2.16,3.96
25.709,0.86,-4.35,-8.47
25.712,0.33,-4.94,-5.41
25.714,0.53,0.71,-19.73
25.801,0.3,-4.82,-1.41
25.803,0.37,0.12,-12.87
25.805,0.89,-17.57,-3.65
25.886,0.57,-9.61,-17.97
25.888,0.75,-7.18,-10.71
25.971,4.63,-5.92,-2
25.973,6.98,-9.38,-4.04
25.975,4.2,-6.55,-3.45
26.059,1.49,-8.08,-1.73
26.063,1.37,-4.82,-4.16
26.065,0.71,-2.47,-2.79
26.147,7.14,-7.06,7.88
26.239,16.44,-15.22,20.01
26.241,13.1,-16.36,7.61
26.242,6.43,-0.63,-5.45
26.328,7.85,-3.53,3.73
26.33,0.35,-5.02,-4.98
26.332,0.59,-4.43,-3.77
26.417,0,-2.2,-4.86
26.419,0.08,-3.73,-1.22
26.42,2.51,-3.14,3.73
26.504,3.65,-3.3,3.49
26.506,7.1,-4.79,6.2
26.508,7.65,-5.61,2.79
26.591,12.67,-15.89,2.75
26.594,17.53,-14.51,2.16
26.677,13.02,-7.22,3.3
26.679,14.87,-5.81,7.49
26.681,8.87,-10.28,8.12
26.764,13.81,-6.71,-9.02
26.766,3.02,-2,-4.31
26.768,3.41,-3.57,-0.75
26.851,0.98,-2.71,-2.86
26.852,10.83,6.59,-2.51
26.935,0.9,-3.22,2.9
26.937,5.37,-6.04,12.43
26.939,18.51,-3.37,18.24
27.023,20.01,-20.01,-20.01
27.025,20.01,-19.81,0.51
27.027,9.85,-4.16,8.08
27.109,0.61,-3.02,0.47
27.111,0,-2.55,-2.39
27.195,1.14,-3.18,-3.88
27.197,0.94,-2.28,-6.32
27.199,0.65,-2.75,-5.49
27.283,0.67,-4.28,5.45
27.285,5.3,-3.92,13.18
27.286,9.81,-0.04,6.55
27.374,5.88,-4.43,6.2
27.376,20.01,-15.06,8.87
27.462,12.55,-7.61,9.14
27.464,16.55,-6.28,8.08
27.466,-18.28,-4.94,-5.57
27.551,8.08,-4.79,9.18
27.553,5.06,-1.06,-0.75
27.639,2.59,0.2,-4.16
27.64,0.35,-0.16,-3.53
27.642,0.43,-0.78,-3.26
27.727,2,-1.69,1.61
27.729,6.2,-1.69,9.77
27.812,17.61,-4.51,3.14
27.814,20.01,-20.01,5.41
27.816,9.81,-9.26,-1.37
27.899,9.77,-5.41,4.04
27.901,0,-6.98,-2.86
27.902,0.63,-1.33,-5.02
27.986,0.26,-2.08,-1.92
27.988,0.9,-0.39,-4.47
27.989,0.16,-0.82,-2.35
28.072,1.18,-0.43,0.47
28.074,2.51,-1.02,1.61
28.075,9.41,-9.3,20.01
28.158,11.38,-2,4.24
28.16,12.87,-5.26,12.16
28.249,20.01,-19.65,-0.04
28.251,14.55,-4.51,7.45
28.252,16.08,-5.57,0.35
28.335,14.47,-2.98,-1.41
28.336,8.32,-3.69,5.69
28.338,1.96,-1.45,-2.43
28.422,0.35,-1.77,-3.92
28.424,0.2,-1.65,-1.29
28.426,0.75,-1.37,1.26
28.511,2.59,-2.04,6.94
28.513,10.43,-6.16,20.01
28.599,0.22,-2.9,10.32
28.601,12.24,-12.08,1.8
28.603,13.93,-1.02,13.1
28.688,3.3,-7.3,5.73
28.69,5.57,-4.98,-6.94
28.692,0,-0.98,-2.75
28.781,0.71,-0.59,-3.22
28.782,0.1,0,-6.32
28.867,0.75,-1.26,-2.12
28.869,1.06,-1.65,4
28.87,-0.59,-0.47,1.14
28.956,5.81,-4.82,15.57
28.958,6.28,-2.31,2.28
28.96,18.75,-3.53,20.01
29.045,2.43,-19.42,16.4
29.047,18.36,-6.12,11.61
29.049,16.59,0,5.18
29.137,20.01,-14.28,-3.3
29.14,10.71,-1.96,0.63
29.227,0.35,-2.79,-1.92
29.229,0.55,-2.47,0.71
29.231,0.75,-0.9,-1.33
29.232,0.59,-1.02,-0.55
29.319,2.43,-2.86,8.55
29.321,9.77,-3.3,18.2
29.41,0.99,-4.39,12.28
29.412,12.47,-12.08,17.61
29.414,19.61,-3.88,19.53
29.499,5.14,-3.02,8.59
29.501,2.24,-6.08,-2.08
29.504,14,-2.55,-2
29.591,0.69,-4.31,-1.73
29.593,0.29,-2.35,-4.31
29.595,0.31,-2.79,1.65
29.685,0.08,-1.33,4.39
29.687,1.61,-2.35,7.65
29.689,12.24,-3.57,15.69
29.776,12.59,-0.51,-14.55
29.778,20.01,-7.96,19.89
29.78,7.92,-3.18,12.2
29.867,18.63,-3.18,2.28
29.869,14.04,-3.49,6.98
29.955,17.57,-4.43,-0.71
29.957,11.61,-4.08,0.12
29.958,5.69,-2.08,-1.33
30.045,3.41,-1.96,-3.45
30.047,3.18,-1.77,-5.18
30.048,2.28,-0.51,-1.77
30.136,4.71,-2.47,12.47
30.138,11.69,-1.61,20.01
30.14,0.96,-1.22,13.77
30.231,17.18,-18.36,11.69
30.233,19.26,-5.37,-0.27
30.234,11.41,-5.84,3.37
30.322,6.51,-2.94,4.98
30.324,0.55,-2.79,-2.39
30.41,0.73,-2.24,-4.24
30.412,0.06,-2.9,-0.16
30.414,0.1,-1.41,0.2
30.415,0,-0.9,1.77
30.504,2.63,-1.37,5.81
30.506,18.67,-5.65,20.01
30.593,7.77,-6.43,1.65
30.595,9.02,-3.61,19.93
30.597,9.85,-0.12,11.61
30.687,8.63,-2.71,14.79
30.689,20.01,-11.61,4.35
30.69,20.01,-19.02,1.02
30.781,12.16,-11.89,4.2
30.783,7.14,-1.8,2.28
30.785,3.73,-0.86,-3.22
30.874,2.08,-2.79,-2.82
30.876,0.35,-3.02,-3.02
30.877,0.67,-3.33,2.63
30.966,0.98,-3.14,10.2
30.968,9.26,-3.22,20.01
31.055,20.01,-19.97,-3.61
31.057,19.61,-11.26,12.4
31.059,7.69,-14.59,10.98
31.061,3.45,-4.08,8.51
31.15,0.98,-0.59,-3.49
31.151,0.02,-4.04,-8.04
31.241,0,-5.02,1.73
31.243,0.08,-1.96,-4.63
31.245,0.04,-1.8,-1.06
31.247,0.71,-1.41,3.57
31.335,13.42,2.2,13.77
31.337,14.2,-6.83,5.65
31.427,8.36,0.94,13.69
31.429,11.65,0.47,14
31.431,0.26,-2,15.18
31.524,10.71,-4.82,3.73
31.526,20.01,-15.69,4.35
31.528,8.2,-5.57,-0.39
31.619,3.92,1.22,-5.49
31.621,3.92,-2.9,-0.59
31.623,2.39,-3.84,-1.92
31.714,0.55,-4.28,-3.96
31.716,1.45,-5.3,15.49
31.717,3.18,-0.9,15.38
31.808,10.59,-5.33,20.01
31.81,0.28,-20.01,-19.42
31.812,11.34,-4.94,-3.77
31.902,14.95,2.43,15.89
31.904,1.45,-0.51,-0.63
31.906,14,-2.51,-0.35
32,0.31,-0.2,-7.61
32.002,0.12,-2.98,-1.84
32.004,0.78,-1.26,0.75
32.096,0.82,-0.63,4.43
32.098,0.63,-1.02,5.45
32.1,12,-0.2,17.02
32.193,0.47,-5.61,-1.92
32.194,16.08,2.9,9.53
32.196,11.69,-1.53,17.97
32.288,16.24,-6.75,9.3
32.289,19.61,-3.26,8.9
32.291,20.01,-13.02,-6.28
32.382,5.37,-3.96,0.27
32.384,1.14,-0.59,-4.51
32.385,1.26,-2.24,0.2
32.479,0.04,-1.02,-2.59
32.481,0.02,-1.14,-1.37
32.483,2.39,-2.71,11.45
32.575,16.4,-0.67,20.01
32.577,20.01,-20.01,-9.92
32.578,11.22,-13.34,10.04
32.67,7.61,-1.92,5.57
32.761,0.35,2.79,-10.08
32.764,0.71,-4.24,0.2
32.766,0.1,-2.67,-1.57
32.767,0.49,-1.53,0.27
32.859,0.2,-1.33,4.04
32.861,2.12,-1.41,6.35
32.863,0.69,-10,2.67
32.955,2.67,-4.39,8.08
32.957,16.67,4.94,17.26
32.959,14.51,-0.71,18.63
33.052,20.01,-8.43,2.28
33.054,0.06,-9.73,5.69
33.056,0.27,-16.12,1.53
33.148,7.14,-5.02,3.69
33.15,1.57,0.04,-4.71
33.151,1.96,-1.45,-2.39
33.243,1.06,-1.37,-0.67
33.245,0.02,-1.06,-1.57
33.246,3.96,-2.04,15.85
33.341,15.85,0.31,20.01
33.343,20.01,-20.01,12.98
33.345,11.57,0.75,9.53
33.436,18.12,-8.51,-2.71
33.438,0.45,-0.35,6.08
33.44,0.39,1.26,-7.37
33.538,0.43,-1.84,-5.84
33.54,0.55,-1.26,-2.86
33.542,0.47,-0.67,-0.67
33.636,0.12,-1.26,4.94
33.638,0.88,-0.35,0.2
33.639,5.88,-7.61,20.01
33.734,7.26,2.51,1.45
33.736,20.01,-7.73,4.75
33.737,20.01,-12.98,12.71
33.834,13.77,-2.35,11.89
33.836,11.92,-2.71,8.28
33.838,20.01,-12.16,-1.84
33.932,4.39,-12.28,-0.31
33.934,2.94,-0.9,-6.71
34.027,0.86,-1.02,-5.22
34.03,-2.71,-2.9,5.77
34.031,3.22,-1.22,11.3
34.125,10.63,-0.71,20.01
34.127,15.3,-1.8,19.97
34.129,20.01,-20.01,-9.26
34.13,6.94,4.71,-4.94
34.224,6.59,3.1,-1.88
34.226,3.65,-2.2,5.41
34.318,0.39,-0.43,-5.45
34.319,0.39,-1.57,-3.92
34.321,0.78,-1.96,-0.71
34.415,0.04,-1.96,5.61
34.417,0.51,-1.33,-0.71
34.418,8.71,-6.12,20.01
34.42,5.06,3.18,-3.61
34.515,19.77,4,0.94
34.517,20.01,-5.96,6.79
34.519,16.16,3.8,8.83
34.613,12.28,-0.86,16.59
34.616,20.01,-5.73,1.41
34.618,9.45,-16.36,2.12
34.715,1.92,-4.39,-3.49
34.717,1.61,-0.55,-4.43
34.72,0.9,-0.67,-5.14
34.815,1.92,-1.53,0.82
34.818,0.1,-1.53,2.63
34.82,5.88,0.98,11.49
34.915,16.79,0.75,20.01
34.917,11.22,-2.08,13.65
34.918,20.01,-18.71,3.3
35.015,0.28,-0.71,10.67
35.017,6.83,-3.14,10.08
35.019,0.59,-1.33,-5.33
35.106,0.63,-1.45,-6.32
35.108,0.18,-2,-4.04
35.11,0.73,-1.49,1.49
35.208,0.75,-0.16,1.14
35.21,1.26,-0.9,3.1
35.212,11.22,4.08,6
35.306,2.94,-3.61,0.78
35.308,-12.04,1.29,15.73
35.31,3.14,-0.39,10.2
