"NAME:","run_1_1.csv"
"EXPERIMENT TIME:","2022-05-25 22:17"
"ACTIVITY TYPE:","Running"
"COUNT OF ACTUAL STEPS:","150"
""
"Time [sec]","ACC X","ACC Y","ACC Z"
"935.437","-0.86","-7.61","5.33"
"935.469","3.33","-8.04","5.73"
"935.501","1.26","-2.71","-1.69"
"935.533","0.00","2.67","-1.80"
"935.565","1.06","4.39","-1.49"
"935.597","1.33","1.29","-1.69"
"935.629","1.22","-10.32","-10.12"
"935.661","6.32","-20.01","0.31"
"935.693","-16.20","-20.01","20.01"
"935.725","-3.06","-19.26","3.84"
"935.757","2.63","-14.87","0.16"
"935.789","4.08","-12.55","4.94"
"935.821","0.90","-6.55","2.16935854"
"935.977","-0.71","-1.53","-0.94"
"936.009","1.18","-5.45","-1.26"
"936.041","1.61","-20.01","5.37"
"936.073","-0.67","-20.01","5.96"
"936.105","-1.29","-14.91","3.49"
"936.137","-2.12","-17.50","0.27"
"936.169","-1.10","-14.16","-1.65"
"936.201","1.45","-14.00","5.37"
"936.233","1.37","-11.26","2.28"
"936.265","1.53","-6.00","3.06"
"936.297","4.28","-6.24","2.43"
"936.329","0.82","-1.65","-0.98"
"936.361","0.12","2.47","-0.94"
"936.393","0.35","3.49","-0.86"
"936.425","0.51","2.24","-0.78"
"936.457","1.14","-13.02","-6.79"
"936.489","6.67","-20.01","1.80"
"936.521","-15.93","-20.01","20.01"
"936.553","-1.92","-16.40","1.73"
"936.585","3.30","-13.57","1.18"
"936.617","3.53","-10.79","2.43"
"936.649","1.41","-6.32","2.20"
"936.681","-0.12","-2.63","0.35"
"936.713","-0.31","-1.37","-2.63"
"936.745","-0.47","0.94","-1.37"
"936.777","-1.49","3.26","-1.84"
"936.809","0.90","-3.33","-1.14"
"936.841","0.16","-16.83","6.75"
"936.873","-2.39","-20.01","7.22"
"936.905","2.94","-13.49","1.45"
"936.937","0.08","-19.61","3.02"
"936.969","-1.18","-14.79","3.41"
"937.001","1.33","-13.53","3.02"
"937.033","1.26","-10.83","3.49"
"937.065","1.65","-6.90","3.45"
"937.097","2.98","-5.88","1.65"
"937.129","0.98","-1.49","-0.12"
"937.161","-0.08","2.67","-0.63"
"937.193","-0.16","2.86","-1.45"
"937.225","0.82","-0.75","-3.30"
"937.257","2.12","-20.01","-9.22937289"
"937.321","-12.16","-20.01","20.01"
"937.353","-0.82","-16.40","2.24"
"937.385","3.45","-14.98","1.41"
"937.417","3.77","-11.26","3.57"
"937.449","0.31","-4.71","1.18"
"937.481","-0.59","-1.84","-1.22"
"937.513","-0.20","1.22","-1.57"
"937.545","-0.47","1.33","-0.78"
"937.577","-0.86","-2.20","-2.20"
"937.609","1.41","-5.06","-2.28"
"937.641","2.00","-16.16","8.04"
"937.673","-3.14","-18.16","10.55"
"937.705","3.77","-13.14","1.45"
"937.737","0.04","-20.01","0.39937769"
"937.799","2.20","-14.12","5.22"
"937.829","0.59","-12.79","2.20"
"937.861","2.20","-7.96","3.30"
"937.893","3.41","-5.81","3.22"
"937.925","1.41","-2.35","-0.31"
"937.957","0.59","0.86","-0.86"
"937.989","0.24","2.75","-2.82"
"938.021","0.94","1.06","-1.45"
"938.053","2.20","-5.92","-6.08"
"938.085","3.26","-20.01","-9.38"
"938.117","-1.61","-20.01","19.53"
"938.149","-4.35","-20.01","13.10"
"938.181","4.35","-14.67","-0.12"
"938.213","4.00","-11.81","1.06"
"938.245","1.53","-6.51","2.43"
"938.277","-0.98","-2.59","2.08"
"938.309","-0.47","-1.06","-1.41"
"938.341","-0.08","1.26","-2.08"
"938.373","-1.10","1.53","-1.29"
"938.405","1.14","-4.86","-5.33"
"938.437","1.45","-9.30","-1.65"
"938.469","-6.63","-20.01","20.01"
"938.501","2.31","-13.02","1.41"
"938.533","2.24","-18.63","-0.94"
"938.565","-1.69","-15.65","5.18"
"938.597","2.63","-14.36","5.88"
"938.629","1.45","-12.67","4.31"
"938.661","0.27","-9.02","1.77"
"938.693","0.94","-5.37","2.08"
"938.725","2.16","-4.43","0.55"
"938.757","0.78","-1.02","-0.35"
"938.789","0.31","2.31","-1.02"
"938.821","-0.27","2.28","-1.53"
"938.853","-0.27","-5.49","-6.51"
"938.885","4.43","-20.01","-3.57"
"938.917","-11.18","-20.01","20.01"
"938.949","-2.71","-17.30","7.18"
"938.981","3.14","-16.20","-0.78"
"939.013","5.22","-12.75","6.12"
"939.045","2.63","-9.02","4.71"
"939.077","-0.63","-4.51","0.43"
"939.109","-0.04","-0.43","-3.14"
"939.141","-0.16","1.14","-1.33"
"939.173","-0.75","1.57","-1.80"
"939.205","0.63","-4.59","-2.28"
"939.237","2.43","-7.88","-1.37"
"939.269","-2.63","-20.01","18.75"
"939.301","-0.12","-11.92","0.20"
"939.333","0.31","-12.43","0.04"
"939.365","-1.29","-20.01","2.28"
"939.397","-1.61","-14.04","4.43"
"939.429","1.65","-13.06","3.61"
"939.461","1.33","-9.34","2.35"
"939.493","3.37","-6.32","4.98"
"939.525","2.63","-4.90","0.94"
"939.557","0.31","-1.45","-0.86"
"939.589","-0.78","2.59","-0.71939621"
"939.682","-0.59","-19.14","-12.08"
"939.714","3.33","-20.01","10.24"
"939.746","-9.45","-20.01","19.93"
"939.778","0.75","-16.55","1.26"
"939.81","4.35","-13.30","2.43"
"939.842","2.20","-7.88","3.61"
"939.874","-0.08","-4.31","1.84"
"939.906","-0.27","-1.92","-2.04"
"939.938","-0.08","1.29","-1.92"
"939.97","0.00","2.35","-3.02"
"940.002","-0.63","-2.12","-2.82"
"940.034","1.45","-3.84","-4.00"
"940.066","2.31","-12.87","-3.88"
"940.098","-1.80","-18.55","7.14"
"940.13","-0.08","-14.00","2.24"
"940.162","-0.16","-19.06","0.24"
"940.194","-0.59","-13.73","0.82"
"940.226","-0.98","-13.14","6.24"
"940.258","0.00","-11.57","3.37"
"940.29","1.26","-6.43","4.16"
"940.322","3.14","-5.77","2.12"
"940.354","1.02","-1.84","-1.02"
"940.387","1.18","3.02","-1.77"
"940.42","1.88","2.86","1.10940451"
"941.249","3.02","-0.20","-3.14"
"941.281","3.49","-17.02","-8.75"
"941.313","7.85","-20.01","-1.49"
"941.345","-11.89","-20.01","19.85"
"941.377","0.08","-15.97","-1.80"
"941.408","4.04","-12.28","-0.04"
"941.438","5.61","-10.12","7.53941470"
"941.502","-0.47","-2.71","-2.67941532"
"941.565","0.20","2.43","-0.24"
"941.598","-2.00","-0.12","-1.69"
"941.63","0.27","-4.94","-3.22"
"941.662","1.18","-10.08","-0.47"
"941.694","-1.96","-20.01","18.63"
"941.726","1.26","-11.34","3.53"
"941.758","0.59","-19.81","-0.47"
"941.79","-2.43","-14.95","1.45"
"941.822","-2.43","-12.00","4.35"
"941.854","-2.28","-12.28","3.22"
"941.886","1.22","-8.47","6.00"
"941.918","3.45","-6.24","2.00"
"941.95","0.78","-2.35","-0.35"
"941.982","0.08","0.71","-0.43"
"942.014","1.18","4.59","-3.33"
"942.046","1.22","-3.18","-4.12"
"942.078","2.04","-19.18","-7.49"
"942.11","-0.16","-20.01","9.10"
"942.142","-11.92","-20.01","20.01"
"942.174","-0.04","-17.14","1.92"
"942.206","4.16","-14.12","2.67"
"942.238","3.80","-10.47","3.02"
"942.27","1.26","-5.81","2.20"
"942.302","-0.16","-2.59","-1.14"
"942.334","-0.24","1.61","-2.00"
"942.366","0.20","2.98","-2.39"
"942.398","-0.16","-2.08","-3.65"
"942.43","1.77","-5.61","-2.71"
"942.462","2.16","-19.42","7.06"
"942.494","-0.12","-18.95","8.04"
"942.526","4.31","-13.57","3.06"
"942.558","-0.63","-20.01","1.88"
"942.59","-1.41","-15.14","0.35"
"942.622","-0.39","-12.98","3.61"
"942.654","-0.86","-11.61","4.28"
"942.686","1.06","-7.65","3.02"
"942.718","3.61","-6.16","3.06"
"942.75","1.65","-2.35","-0.24"
"942.782","0.16","2.59","0.00"
"942.814","0.31","5.41","-1.80"
"942.846","7.37","2.28","-10.40"
"942.878","1.06","-13.77","-7.10"
"942.91","5.81","-20.01","1.92"
"942.942","-13.85","-20.01","20.01"
"942.974","-1.37","-16.87","2.82"
"943.006","3.26","-13.30","0.63"
"943.038","3.73","-10.40","1.92"
"943.07","1.57","-5.84","3.77"
"943.102","-0.24","-4.59","0.20"
"943.134","0.08","-1.18","-1.73"
"943.166","-0.04","0.78","-1.06"
"943.198","0.04","-0.98","-5.26"
"943.23","2.16","-4.51","-0.71"
"943.262","-2.04","-19.02","6.71943292"
"943.356","0.63","-20.01","2.90"
"943.386","2.08","-14.04","-0.90"
"943.416","3.80","-12.04","6.04"
"943.448","-1.26","-11.10","3.73"
"943.48","-1.96","-7.10","3.61"
"943.512","1.57","-6.00","0.35"
"943.544","1.41","-2.63","-0.35"
"943.576","0.31","0.51","0.35"
"943.608","-1.02","5.84","-1.10"
"943.64","0.20","0.59","-1.88"
"943.672","2.86","-9.65","-6.51"
"943.704","10.16","-20.01","-9.49"
"943.736","-16.28","-20.01","20.01"
"943.768","-1.77","-18.48","4.47"
"943.8","6.94","-16.36","1.29"
"943.832","3.53","-10.79","3.96"
"943.864","1.29","-6.28","2.98"
"943.896","0.39","-3.30","-1.18"
"943.928","-0.63","0.35","-2.43"
"943.96","0.82","2.79","-2.94"
"943.992","-1.18","0.90","-1.41"
"944.024","0.71","-3.65","-1.77"
"944.056","1.14","-13.81","-1.61"
"944.088","-4.71","-20.01","20.01"
"944.12","0.43","-12.75","3.80"
"944.152","0.08","-19.97","1.22"
"944.184","-2.04","-14.79","0.24"
"944.216","0.08","-13.34","2.67"
"944.248","-0.35","-13.18","6.00"
"944.28","-0.27","-8.67","1.92"
"944.312","2.08","-6.43","3.92"
"944.344","1.45","-2.98","-0.47"
"944.376","-0.63","1.37","-0.31"
"944.408","0.86","7.22","-3.88"
"944.44","2.86","1.14","-0.63"
"944.472","0.08","-10.12","-7.14"
"944.504","5.57","-20.01","-1.33"
"944.536","-12.47","-20.01","20.01"
"944.568","-4.31","-20.01","4.55"
"944.6","1.02","-15.81","-0.59"
"944.632","3.33","-11.22","4.47"
"944.664","1.33","-7.92","2.43"
"944.696","0.94","-4.86","0.90"
"944.728","0.24","-2.98","-1.37"
"944.76","-0.04","1.06","-1.41"
"944.792","0.63","-0.04","-1.65"
"944.824","0.51","-2.94","-1.14"
"944.856","0.39","-6.24","-1.29"
"944.888","-0.27","-16.79","3.92"
"944.92","-2.12","-20.01","14.24"
"944.952","-1.26","-18.24","1.73"
"944.984","0.12","-14.20","-1.65"
"945.016","2.90","-12.51","1.61"
"945.048","0.12","-10.75","5.77"
"945.08","-1.53","-7.57","3.65"
"945.112","2.59","-6.24","0.24"
"945.144","1.22","-2.59","-0.98"
"945.176","-0.27","1.92","-1.37945208"
"945.268","1.65","-10.47","-6.20"
"945.3","4.75","-20.01","2.75"
"945.332","-7.22","-20.01","20.01"
"945.364","-3.37","-20.01","5.53"
"945.396","6.75","-15.81","2.12"
"945.428","3.65","-11.45","3.45"
"945.46","1.33","-6.86","1.88"
"945.492","-0.67","-2.71","-0.59"
"945.524","-0.98","0.04","-2.16"
"945.556","-0.27","1.77","0.04"
"945.588","-0.98","2.16","-0.98"
"945.62","0.12","-1.57","-1.65"
"945.652","2.28","-6.94","-1.57"
"945.684","-11.53","-20.01","20.01"
"945.716","1.49","-14.00","6.79"
"945.748","0.35","-17.46","0.12"
"945.78","-1.80","-15.18","0.08"
"945.812","0.75","-11.96","2.31"
"945.844","-1.26","-11.57","7.02"
"945.876","0.08","-9.45","1.77"
"945.908","2.28","-6.24","3.92"
"945.94","2.67","-4.67","0.82"
"945.972","0.67","0.04","-0.94"
"946.004","0.04","5.96","-2.75"
"946.036","2.28","0.67","-1.06"
"946.068","0.51","-7.14","-6.20"
"946.1","7.18","-20.01","-2.24"
"946.132","-11.26","-20.01","20.01"
"946.164","-3.30","-20.01","4.98"
"946.196","1.96","-14.98","-0.51"
"946.228","2.31","-11.06","2.94"
"946.261","-0.08","-7.73","2.28"
"946.294","-0.51","-3.80","1.06946325"
"947.115","-0.59","-0.39","-2.75"
"947.148","-2.67","0.90","-0.55"
"947.18","-1.69","1.57","-0.63"
"947.212","1.45","-7.02","-7.96"
"947.244","0.04","-5.10","-0.67"
"947.276","0.94","-20.01","13.14"
"947.308","2.28","-13.30","3.65"
"947.34","0.86","-16.24","1.18"
"947.372","-1.22","-17.93","2.59"
"947.404","-0.39","-13.26","1.73"
"947.436","-0.94","-13.22","5.77"
"947.468","0.27","-9.81","2.90"
"947.5","3.33","-7.10","2.75"
"947.532","2.24","-3.77","-0.86"
"947.564","0.35","0.08","0.47"
"947.596","0.82","3.53","-1.41"
"947.628","1.84","1.73","3.92"
"947.66","2.79","-5.61","-5.84"
"947.692","1.96","-20.01","-6.71"
"947.724","-4.16","-20.01","20.01"
"947.756","-6.75","-20.01","8.51"
"947.788","0.55","-16.04","0.63"
"947.82","3.57","-12.16","3.22"
"947.852","2.12","-8.51","1.45"
"947.884","0.35","-3.96","1.69"
"947.916","-0.31","-1.57","-2.20"
"947.948","-0.35","0.78","-1.61"
"947.98","-1.37","2.28","-1.29"
"948.012","-0.47","-1.41","-2.51"
"948.044","1.69","-4.94","-2.28"
"948.076","-0.27","-20.01","6.71"
"948.108","-0.08","-15.22","6.32"
"948.14","-0.04","-14.00","0.78"
"948.172","-0.04","-19.97","3.02"
"948.204","-0.31","-13.49","1.88"
"948.236","-0.39","-12.63","5.26"
"948.268","0.04","-12.28","2.79"
"948.3","1.69","-7.96","4.31"
"948.332","3.65","-6.39","2.90"
"948.364","0.59","-1.45","-0.51"
"948.396","-1.06","1.49","-0.20"
"948.428","1.53","4.82","-0.90"
"948.46","0.78","1.88","-3.02"
"948.492","2.35","-16.04","-6.51"
"948.524","5.41","-20.01","9.41"
"948.556","-9.89","-20.01","20.01"
"948.588","-4.55","-20.01","4.20"
"948.62","4.31","-15.69","1.06"
"948.652","3.61","-10.67","4.24"
"948.684","1.29","-6.32","1.88"
"948.716","0.35","-3.02","-1.41"
"948.748","0.12","1.10","-2.47"
"948.78","0.08","5.06","-3.84"
"948.812","-1.65","-0.08","-2.39"
"948.844","-0.12","-4.55","-4.31"
"948.876","1.61","-7.65","-0.31948907"
"949.031","0.24","-12.00","0.63"
"949.063","1.45","-12.87","6.47"
"949.095","-1.22","-8.47","4.24"
"949.127","1.18","-6.39","1.45"
"949.159","1.14","-3.06","-0.31"
"949.191","-0.08","-0.20","0.43"
"949.223","-0.20","6.12","-2.51"
"949.255","-0.04","1.84","-0.90"
"949.287","1.77","-8.16","-5.26"
"949.319","7.73","-20.01","-6.43"
"949.351","-5.41","-20.01","20.01"
"949.383","-2.47","-19.89","6.24"
"949.415","7.02","-15.02","1.80"
"949.447","4.63","-11.89","1.29"
"949.479","2.79","-6.35","2.43"
"949.511","-0.04","-2.08","-0.86"
"949.543","-0.75","1.06","-2.79"
"949.575","-0.63","5.69","-4.71"
"949.607","-1.65","-0.71","0.12"
"949.639","0.43","-3.49","-1.96"
"949.671","1.26","-14.16","3.65"
"949.703","-1.57","-20.01","11.45"
"949.735","2.31","-11.96","5.10"
"949.767","0.90","-20.01","0.63"
"949.799","1.18","-15.02","1.22"
"949.831","2.08","-13.14","5.77"
"949.863","0.00","-12.40","3.41"
"949.896","-1.10","-6.63","1.57"
"949.928","3.14","-5.88","2.28"
"949.96","1.33","-1.77","-0.08"
"949.992","-0.35","0.86","-0.67"
"950.024","0.24","4.94","0.08"
"950.056","0.67","1.14","-1.96"
"950.088","0.51","-13.38","-6.63"
"950.12","3.30","-20.01","1.41"
"950.152","-15.65","-20.01","20.01"
"950.184","-3.37","-18.71","4.39"
"950.216","2.63","-15.26","2.00"
"950.248","5.22","-12.00","5.18"
"950.28","2.47","-7.06","2.71"
"950.312","1.77","-2.71","-0.94"
"950.344","-0.04","-0.27","-2.86"
"950.376","-0.24","0.63","-1.02"
"950.408","-1.49","3.30","-1.33"
"950.44","1.80","-3.26","-1.73"
"950.472","-1.22","-5.61","-1.18"
"950.504","-1.69","-18.51","4.28"
"950.536","0.00","-17.02","7.26"
"950.568","-0.16","-20.01","1.96"
"950.6","-0.24","-14.87","-0.20"
"950.632","3.26","-12.63","1.57"
"950.664","2.79","-12.16","5.69"
"950.696","-0.55","-8.12","2.90"
"950.726","1.84","-5.22","2.31950756"
"950.82","-0.08","4.67","-1.14"
"950.85","0.55","2.04","0.24"
"950.882","0.94","-4.94","-5.10"
"950.914","-1.69","-20.01","-11.02"
"950.946","-4.12","-20.01","20.01"
"950.978","-5.33","-20.01","13.10"
"951.01","0.24","-16.00","-0.12"
"951.042","3.33","-12.12","2.31"
"951.074","1.45","-8.16","2.90"
"951.106","0.12","-4.59","2.94"
"951.138","-1.33","-2.20","-1.65"
"951.17","0.00","0.24","-2.28"
"951.202","0.67","1.45","-1.92"
"951.234","0.16","-1.33","-1.92"
"951.266","1.26","-6.59","-0.35"
"951.298","-2.90","-19.06","8.90"
"951.33","-2.08","-14.98","3.49"
"951.362","0.55","-17.57","2.71"
"951.394","-1.65","-17.26","5.14"
"951.426","3.80","-14.44","2.31"
"951.458","3.33","-12.24","5.77"
"951.49","-1.29","-8.71","2.04"
"951.522","-0.71","-5.14","3.49"
"951.554","2.16","-4.94","0.00"
"951.586","0.86","-1.49","-0.47"
"951.618","0.16","0.51","-2.71"
"951.65","0.35","1.41","0.20"
"951.682","1.14","-6.98","-5.81"
"951.714","3.73","-20.01","-7.85"
"951.746","-8.63","-20.01","20.01"
"951.778","-4.94","-19.53","8.36"
"951.81","0.55","-15.22","0.31"
"951.842","5.61","-13.85","5.06"
"951.874","3.33","-8.98","4.12"
"951.906","0.43","-4.20","0.86"
"951.938","-0.78","-1.73","-1.10"
"951.97","0.55","1.22","-2.82"
"952.002","-0.39","2.00","-1.45"
"952.034","1.92","-2.94","-0.75"
"952.066","0.75","-8.94","-1.02"
"952.098","-3.22","-20.01","15.34"
"952.131","-1.06","-10.36","1.80"
"952.164","0.75","-15.61","0.24952194"
"953.012","-1.29","-15.69","0.59"
"953.045","-1.02","-10.51","0.63"
"953.077","-3.37","-11.53","5.96"
"953.109","-0.55","-9.26","3.02"
"953.141","2.47","-6.67","4.31"
"953.173","3.45","-5.18","0.08"
"953.205","0.71","-1.02","0.08"
"953.237","-0.43","2.43","7.26"
"953.269","-0.47","1.22","4.47"
"953.301","3.92","-8.90","-7.22"
"953.333","7.10","-20.01","-1.53"
"953.365","-7.69","-20.01","20.01"
"953.397","-7.81","-20.01","8.36"
"953.429","1.80","-15.02","0.31"
"953.461","4.12","-12.24","2.55"
"953.493","2.94","-8.36","1.61"
"953.525","1.88","-3.06","3.22"
"953.557","-1.22","-0.75","-2.16"
"953.589","-0.31","1.14","-0.94"
"953.621","-0.63","1.88","-1.65"
"953.653","0.98","-4.12","-3.61"
"953.685","1.41","-9.22","-1.69"
"953.717","-3.10","-20.01","8.55"
"953.749","-0.78","-15.53","9.53"
"953.781","1.33","-20.01","2.94"
"953.813","0.31","-15.97","0.82"
"953.845","-0.27","-10.55","1.02"
"953.877","-5.06","-12.28","3.92"
"953.909","-4.35","-8.24","5.45"
"953.941","4.00","-8.55","3.53"
"953.973","2.94","-4.55","-0.86"
"954.005","0.24","1.14","-1.26"
"954.037","2.90","6.12","-6.63"
"954.069","0.59","-2.31","12.63"
"954.101","4.28","-5.61","-8.71"
"954.133","5.02","-20.01","-1.49"
"954.165","-9.49","-20.01","20.01"
"954.197","-6.55","-20.01","9.18"
"954.229","1.77","-12.94","1.45"
"954.261","3.10","-10.67","1.33"
"954.293","1.49","-7.41","1.18"
"954.325","-0.12","-2.24","2.24"
"954.357","-1.06","-1.61","-1.33"
"954.389","-0.08","0.59","-2.31"
"954.42","-1.45","1.37","0.47954450"
"954.482","1.02","-5.61","-1.45954514"
"954.574","1.88","-18.44","1.96"
"954.606","-1.33","-17.61","2.75"
"954.638","-0.55","-12.94","3.14"
"954.67","-0.78","-13.06","4.82"
"954.702","-1.49","-8.67","2.90"
"954.734","1.29","-5.49","3.96"
"954.766","5.88","-5.73","-0.78"
"954.798","1.77","-1.37","-1.18"
"954.83","0.04","0.20","-0.24"
"954.862","1.45","3.45","-1.73"
"954.894","1.61","-4.55","-3.45"
"954.926","-0.78","-18.51","-5.14"
"954.958","-0.86","-20.01","13.18"
"954.99","-6.59","-20.01","11.06"
"955.022","-2.00","-15.61","-0.04"
"955.054","2.24","-12.28","2.59"
"955.087","1.92","-8.47","2.71"
"955.119","0.75","-4.20","0.24"
"955.151","0.08","-1.77","-1.29"
"955.183","-0.43","1.80","-2.24"
"955.215","-1.49","2.04","0.31"
"955.247","1.49","-5.22","-3.18"
"955.279","2.43","-6.32","-0.98"
"955.311","-2.28","-19.93","10.90"
"955.343","0.47","-19.22","5.22"
"955.375","-0.04","-16.48","3.02"
"955.407","-1.45","-19.53","3.22"
"955.439","-1.92","-13.38","0.86"
"955.471","0.39","-13.34","5.65"
"955.503","-1.14","-10.98","2.79"
"955.535","1.02","-5.73","5.37"
"955.567","2.28","-4.82","-0.27"
"955.599","0.63","-1.41","-0.71"
"955.631","-0.16","0.78","-0.16"
"955.663","1.29","4.12","-0.86"
"955.695","0.94","-2.86","-1.96"
"955.727","3.57","-20.01","-8.39"
"955.759","1.02","-20.01","12.32"
"955.791","-9.53","-20.01","20.01"
"955.823","-2.90","-17.50","4.08"
"955.855","3.73","-13.02","3.41"
"955.887","2.67","-9.45","0.82"
"955.919","1.96","-4.86","2.16"
"955.951","0.35","-2.31","-0.78"
"955.983","-0.08","0.63","-2.43"
"956.015","2.39","5.06","-6.63"
"956.047","-0.75","0.20","-2.00"
"956.079","1.80","-5.73","-1.88"
"956.111","0.51","-15.93","5.14"
"956.143","-0.75","-20.01","6.12"
"956.175","2.24","-13.38","3.22"
"956.207","0.27","-20.01","1.88"
"956.239","-0.47","-14.24","-0.12"
"956.271","0.12","-12.98","4.98"
"956.301","-1.18","-12.79","4.35956332"
"956.396","1.53","-3.53","0.43"
"956.426","0.63","-0.31","0.20"
"956.458","1.69","1.57","-0.04"
"956.491","2.47","1.18","0.67"
"956.523","3.33","-14.24","-5.61"
"956.555","4.31","-20.01","0.71"
"956.587","-10.75","-20.01","20.01"
"956.619","-4.86","-20.01","3.37"
"956.651","0.86","-14.67","0.27"
"956.683","2.39","-10.47","3.57"
"956.715","1.29","-7.22","2.63"
"956.747","0.59","-4.04","0.86"
"956.779","0.04","-0.51","-2.67"
"956.811","1.06","0.27","-1.33"
"956.843","-1.45","1.61","-2.82"
"956.875","0.31","-2.47","-1.53"
"956.907","1.22","-9.77","-2.47"
"956.939","1.73","-20.01","7.06"
"956.971","2.16","-13.81","9.38"
"957.003","0.90","-20.01","3.26"
"957.035","-0.47","-15.26","-0.35"
"957.067","-0.39","-12.16","0.43"
"957.099","-0.43","-12.71","6.79"
"957.131","-0.86","-7.57","2.51"
"957.163","2.43","-6.28","2.67"
"957.195","1.77","-3.69","-0.51"
"957.227","0.27","0.16","-0.63"
"957.259","1.29","3.92","-0.12"
"957.291","2.47","-0.04","-1.29"
"957.323","1.77","-8.12","-4.63"
"957.355","4.43","-20.01","0.51"
"957.387","-5.10","-20.01","20.01"
"957.419","-4.59","-20.01","8.28"
"957.451","1.37","-14.47","2.55"
"957.483","2.31","-10.75","2.90"
"957.515","1.22","-6.43","2.90"
"957.547","0.71","-2.90","-0.47"
"957.579","0.12","-0.47","-2.51"
"957.611","-0.16","0.71","-1.57"
"957.643","-1.41","0.27","0.98"
"957.675","1.14","-4.43","-0.90"
"957.707","0.90","-5.69","-0.31"
"957.739","-2.63","-20.01","14.12"
"957.771","2.20","-13.93","7.22"
"957.803","0.39","-20.01","3.45"
"957.835","-0.82","-16.51","0.08"
"957.867","-0.43","-12.67","1.10"
"957.899","-2.55","-12.59","6.79"
"957.931","-1.57","-8.90","3.65"
"957.963","2.24","-6.71","3.26"
"957.995","3.18","-4.04","0.24"
"958.029","0.31","-0.20","-0.98"
"958.061","-0.43","11.73","-10.16958093"
"958.885","1.88","3.49","0.82"
"958.917","5.33","-8.71","-10.12"
"958.949","4.31","-20.01","-8.87"
"958.981","-0.47","-20.01","15.38"
"959.013","-11.69","-20.01","20.01"
"959.045","-2.71","-18.04","4.79"
"959.077","4.12","-14.36","2.79"
"959.109","1.84","-9.69","0.90"
"959.141","-0.31","-2.67","2.55"
"959.173","-0.51","-1.92","-2.04"
"959.205","0.27","1.26","-3.53"
"959.237","0.75","4.43","-6.51"
"959.269","0.94","0.35","-3.18"
"959.301","1.33","-5.37","-3.02"
"959.333","-0.35","-20.01","6.59"
"959.365","0.43","-19.02","6.43"
"959.397","3.65","-16.44","1.96"
"959.429","0.12","-20.01","2.35"
"959.461","-0.78","-12.36","-1.77"
"959.493","-1.57","-13.49","4.94"
"959.525","-2.24","-10.63","4.08"
"959.557","1.18","-7.06","4.79"
"959.589","2.59","-5.14","-0.16"
"959.621","1.06","-1.80","-0.82"
"959.653","-0.24","0.43","-0.67"
"959.685","1.53","8.12","-3.61"
"959.717","2.20","-1.29","-3.41"
"959.749","4.59","-20.04","-5.22"
"959.781","2.31","-20.01","6.90"
"959.813","-12.47","-20.01","19.02"
"959.845","-2.79","-16.59","2.90"
"959.877","1.88","-14.00","2.82"
"959.909","1.02","-9.30","2.47"
"959.941","0.55","-5.26","1.41"
"959.973","1.18","-2.90","-0.71"
"960.004","0.31","0.08","-2.90"
"960.034","0.00","0.04","-1.02"
"960.066","0.86","1.61","-3.10960098"
"960.158","-7.69","-20.01","13.57"
"960.19","0.98","-15.18","3.84"
"960.222","0.20","-19.69","2.47"
"960.254","0.04","-15.49","2.39"
"960.286","0.67","-11.14","4.79"
"960.318","-1.65","-11.57","2.28"
"960.35","-1.45","-7.57","4.12"
"960.382","2.82","-6.75","2.79"
"960.414","1.14","-3.61","-1.06"
"960.446","-0.04","1.41","-1.45"
"960.478","1.53","1.77","-3.37"
"960.51","2.79","1.96","-0.20"
"960.542","2.35","-9.34","-7.37"
"960.574","2.16","-20.01","5.26"
"960.606","-16.51","-20.01","20.01"
"960.638","-4.31","-19.14","4.24"
"960.67","3.33","-14.36","2.71"
"960.702","4.35","-12.04","3.06"
"960.734","1.14","-6.94","2.04"
"960.766","-0.47","-2.94","0.24"
"960.798","-0.39","-0.67","-1.88"
"960.83","0.35","0.39","-2.39"
"960.862","-0.08","1.65","-1.53"
"960.894","2.08","-4.59","-3.92"
"960.926","0.43","-7.45","-0.59"
"960.958","-1.02","-20.01","13.57"
"960.99","1.29","-15.30","8.28"
"961.022","0.43","-19.61","2.55"
"961.054","-1.80","-17.65","1.26"
"961.086","-0.63","-12.47","0.20"
"961.118","-0.51","-13.26","6.08"
"961.15","-0.98","-10.32","3.14"
"961.182","2.47","-6.12","2.63"
"961.214","2.35","-3.92","0.35"
"961.246","0.39","-0.86","-1.06"
"961.278","0.86","0.20","-0.90"
"961.31","2.59","2.67","1.02"
"961.342","1.73","-8.08","-5.41"
"961.374","6.94","-20.01","4.12"
"961.406","-2.55","-17.34","11.77"
"961.438","-11.10","-20.01","16.28"
"961.47","-5.02","-20.01","7.22"
"961.502","2.51","-12.08","2.43"
"961.534","0.94","-7.85","0.67"
"961.566","0.24","-4.20","1.73"
"961.598","-0.12","-2.47","-1.73"
"961.63","-0.08","-0.16","-1.73"
"961.662","0.75","1.10","-2.43"
"961.694","0.51","0.75","-3.02"
"961.726","1.10","-3.73","-1.45"
"961.758","1.29","-17.22","-0.08"
"961.79","3.14","-17.61","6.12"
"961.822","1.77","-16.91","4.31"
"961.854","-1.02","-19.22","2.08"
"961.884","-0.71","-13.22","-1.88961917"
"962.041","0.75","-1.96","-0.51"
"962.073","-1.26","5.88","-3.96"
"962.105","-1.22","4.31","-1.06"
"962.137","-0.67","0.63","-2.39"
"962.169","1.57","-11.22","-7.49"
"962.201","2.47","-20.01","2.94"
"962.233","-9.22","-20.01","20.01"
"962.265","-1.65","-17.38","2.67"
"962.297","4.67","-14.87","4.20"
"962.329","2.75","-10.47","2.35"
"962.361","0.35","-5.57","1.57"
"962.393","0.43","-2.79","0.27"
"962.425","0.00","-0.31","-2.16"
"962.457","0.55","1.06","-0.43"
"962.489","-0.78","2.20","-0.94"
"962.521","1.69","-2.75","-2.31"
"962.553","5.06","-17.73","-5.06"
"962.585","0.78","-20.01","13.93"
"962.617","2.20","-16.44","6.35"
"962.649","0.00","-20.01","1.92"
"962.681","-1.61","-15.42","-2.24"
"962.713","1.18","-13.85","4.16"
"962.745","-0.24","-12.83","5.81"
"962.777","-1.53","-8.16","0.78"
"962.809","1.06","-3.80","3.61"
"962.841","3.26","-4.47","1.80"
"962.873","0.04","2.31","-1.73"
"962.905","1.77","8.20","-3.69"
"962.937","2.04","3.02","-2.04"
"962.969","1.73","-9.77","-6.24"
"963.001","8.71","-20.01","-9.38"
"963.033","-10.47","-20.01","20.01"
"963.065","-4.59","-20.01","6.98"
"963.097","-1.14","-15.81","0.27"
"963.129","3.65","-12.83","3.65"
"963.161","2.24","-9.73","3.45"
"963.193","0.47","-3.61","2.12"
"963.225","0.31","-1.02","-2.28"
"963.257","-0.27","1.49","-2.24"
"963.289","-0.55","1.37","-1.77"
"963.321","-0.78","0.71","-2.39"
"963.353","1.14","-4.63","-0.27"
"963.385","-1.29","-16.12","8.08"
"963.417","0.90","-20.01","12.43"
"963.449","5.96","-16.12","9.34"
"963.481","-0.08","-16.51","-1.22"
"963.513","-1.18","-12.55","-1.26"
"963.545","-2.24","-13.06","7.14"
"963.577","-1.41","-10.79","5.65"
"963.609","1.18","-7.37","2.67"
"963.641","2.31","-4.24","-0.47"
"963.673","0.90","-1.26","-0.75"
"963.705","-0.71","3.45","-2.94"
"963.736","1.77","4.12","-1.61963766"
"963.826","1.61","-20.01","1.57"
"963.858","-9.49","-20.01","19.93"
"963.89","-5.30","-20.01","7.53963920"
"964.284","-0.16","-20.01","1.26"
"964.317","0.08","-11.57","-1.92"
"964.347","-0.67","-12.28","3.18964377"
"965.239","1.06","-6.51","4.24"
"965.272","3.65","-6.12","2.71"
"965.303","1.22","-3.26","-1.22965333"
"966.219","3.53","-5.18","-5.26"
"966.252","0.51","-20.01","-9.02966283"
"967.202","2.98","-11.41","3.73"
"967.235","-0.04","-7.02","2.75"
"967.267","-0.59","-3.41","1.06"
"967.299","0.31","-2.39","-2.43"
"967.331","0.35","0.31","-2.63"
"967.363","-0.20","0.63","-1.92"
"967.395","1.73","-1.53","-2.63"
"967.427","1.92","-5.73","1.80"
"967.458","-1.53","-19.69","11.57967488"
"967.58","-1.26","-14.47","-1.37"
"967.612","-0.63","-13.61","3.57"
"967.644","-2.00","-10.20","4.43"
"967.677","0.16","-7.45","4.28"
"967.709","2.67","-4.98","0.55"
"967.741","1.02","-2.24","-0.67"
"967.773","-1.80","5.73","-3.30"
"967.805","1.29","3.30","-2.24"
"967.837","-0.12","0.35","-1.65"
"967.869","2.86","-17.10","-2.04"
"967.901","1.33","-19.46","-0.12"
"967.933","-9.02","-20.01","19.46"
"967.965","-1.80","-16.55","1.49"
"967.997","2.12","-14.20","4.16"
"968.029","1.88","-10.12","3.53"
"968.061","0.20","-5.65","1.92"
"968.093","0.16","-2.82","-0.59"
"968.125","0.00","-0.55","-2.82"
"968.157","-0.31","0.20","-0.71"
"968.189","-1.69","0.20","-0.98"
"968.221","1.88","-3.10","-2.39"
"968.253","2.24","-9.85","2.08"
"968.285","-2.31","-20.01","4.08"
"968.317","0.63","-10.55","2.82"
"968.349","-0.31","-20.01","1.65"
"968.382","-0.04","-16.20","0.04"
"968.414","-0.59","-11.49","4.63"
"968.446","-2.28","-12.94","4.04"
"968.478","-1.49","-9.18","2.98"
"968.51","3.33","-6.63","3.14"
"968.542","1.41","-3.18","-0.98"
"968.574","0.63","-0.24","-0.24"
"968.606","0.16","5.65","0.94"
"968.638","0.51","0.59","-0.90"
"968.67","2.31","-10.79","-2.08"
"968.702","2.86","-20.01","5.81"
"968.734","-4.63","-20.01","20.01"
"968.766","-7.02","-19.93","9.53"
"968.798","-0.78","-15.30","3.06"
"968.83","3.06","-11.18","1.69"
"968.862","2.28","-6.47","2.63"
"968.894","0.63","-2.67","1.22"
"968.926","0.08","-2.24","-1.92"
"968.958","0.12","-0.04","-1.88"
"968.99","0.27","-1.49","-1.26"
"969.022","1.10","-3.02","-0.67"
"969.054","0.35","-6.12","-1.10"
"969.086","-2.67","-16.79","7.26"
"969.118","1.14","-17.53","2.75"
"969.15","-0.31","-19.81","4.35"
"969.182","-0.67","-16.12","1.37"
"969.214","2.24","-13.65","2.04"
"969.246","-0.04","-12.47","4.51"
"969.278","-1.29","-8.63","2.86"
"969.31","0.94","-6.32","3.96"
"969.342","2.51","-4.67","0.43969372"
"969.497","2.82","-20.01","-5.33"
"969.53","-5.06","-20.01","20.01"
"969.562","-7.30","-20.01","9.34"
"969.594","-1.45","-15.14","1.49"
"969.626","2.90","-13.26","4.00"
"969.658","1.53","-9.49","2.86"
"969.69","0.24","-5.45","2.35"
"969.722","-0.08","-1.33","-2.43"
"969.754","0.24","-0.94","-2.08"
"969.786","-0.59","0.43","-0.39"
"969.818","0.24","-1.84","-1.77"
"969.85","0.75","-5.37","-0.47"
"969.882","-2.98","-16.63","10.00"
"969.914","-0.24","-15.18","3.57"
"969.946","0.27","-17.85","3.18"
"969.978","-1.53","-19.85","4.59"
"970.01","-0.51","-13.57","1.14"
"970.042","2.47","-12.94","4.82"
"970.074","-0.24","-11.61","2.20"
"970.106","0.39","-7.26","4.71"
"970.138","3.06","-6.12","2.82"
"970.17","0.78","-2.00","-1.06"
"970.202","-0.35","1.96","-1.49"
"970.234","1.02","5.92","-1.96"
"970.266","1.57","-1.06","-3.10"
"970.298","1.80","-12.20","-5.49"
"970.33","3.33","-20.01","-0.35"
"970.362","-14.04","-20.01","20.01"
"970.394","-3.06","-18.51","4.28"
"970.426","3.45","-15.02","1.45"
"970.458","3.73","-10.94","2.67"
"970.49","1.26","-5.73","2.47"
"970.522","0.59","-3.10","0.39"
"970.554","0.12","-0.71","-2.67"
"970.586","-0.63","1.22","-0.86"
"970.618","-0.24","0.39","-0.47"
"970.65","0.82","-2.39","-3.30"
"970.682","0.51","-6.86","0.75"
"970.714","-1.18","-20.01","6.83"
"970.746","2.82","-13.81","6.24"
"970.778","-0.20","-19.97","4.31"
"970.81","-1.84","-17.26","0.98"
"970.842","0.04","-13.14","1.41"
"970.875","0.47","-12.71","5.96"
"970.907","-0.67","-9.65","2.04"
"970.939","1.10","-5.37","2.55"
"970.971","2.98","-4.86","0.94"
"971.003","0.71","-1.96","-1.22"
"971.035","-0.24","1.22","-0.67"
"971.067","0.08","3.57","-0.59"
"971.099","0.16","-0.16","-3.37"
"971.131","0.82","-20.01","-9.02"
"971.163","4.00","-20.01","0.51"
"971.195","-10.75","-20.01","20.01971225"
"971.318","1.02","-7.10","2.04"
"971.35","-0.55","-3.53","0.90"
"971.382","-0.71","-1.22","-1.53"
"971.414","0.00","0.86","-2.47"
"971.446","-1.02","1.84","-1.73"
"971.478","1.14","-2.12","-5.14"
"971.51","1.53","-7.34","-0.24"
"971.542","-1.26","-20.01","17.77"
"971.574","0.47","-12.94","5.96"
"971.606","0.90","-16.51","0.75"
"971.638","-1.41","-19.42","1.37"
"971.67","-0.08","-12.55","-0.08"
"971.702","0.12","-12.12","8.00"
"971.734","-0.31","-11.65","3.69"
"971.766","1.02","-6.98","3.33"
"971.798","3.18","-5.41","1.73"
"971.83","1.18","-1.49","-1.14"
"971.862","0.00","2.86","-2.35"
"971.894","0.31","4.94","-2.75"
"971.926","0.63","-1.73","0.00"
"971.958","0.47","-12.55","-7.85"
"971.99","3.02","-20.01","3.33"
"972.022","-12.43","-20.01","20.01"
"972.054","-2.98","-17.06","4.63"
"972.086","3.53","-13.10","1.14"
"972.118","2.00","-9.22","2.47"
"972.15","-1.33","-4.94","3.69"
"972.182","-1.22","-2.94","0.86"
"972.214","-0.24","-1.65","-2.75"
"972.248","0.20","0.47","-2.24972281"
"973.093","0.55","-3.10","0.82"
"973.125","0.55","-0.55","-0.71"
"973.157","1.61","-9.18","0.71"
"973.189","-2.04","-20.01","3.26"
"973.221","0.82","-15.57","4.86"
"973.253","-0.63","-20.01","3.53"
"973.285","0.35","-15.14","-1.57"
"973.317","2.82","-13.89","4.86"
"973.349","-1.02","-13.26","4.86"
"973.381","-2.28","-7.92","2.39"
"973.413","0.71","-5.84","3.30"
"973.445","2.12","-4.28","-0.35"
"973.477","0.47","-0.75","-0.78"
"973.509","0.24","2.12","1.45"
"973.541","0.67","2.51","-1.69"
"973.573","0.75","0.86","-4.59"
"973.605","-1.88","-20.01","-10.98"
"973.637","1.57","-19.06","8.47"
"973.669","-7.73","-20.01","13.61"
"973.701","-1.96","-16.83","1.53"
"973.733","3.33","-13.77","3.61"
"973.765","2.47","-9.85","1.61"
"973.797","0.63","-6.16","1.06"
"973.829","0.16","-2.86","0.51"
"973.861","0.16","-0.82","-2.82"
"973.893","0.20","0.16","-1.80"
"973.925","-0.75","1.02","-2.71"
"973.957","2.08","-3.49","-2.04"
"973.989","3.77","-20.01","6.00"
"974.021","-2.24","-19.77","8.47"
"974.053","3.14","-14.12","1.37"
"974.085","0.47","-20.01","3.18"
"974.117","-0.78","-12.98","-0.90"
"974.149","-1.65","-13.10","3.33"
"974.181","-2.35","-11.96","3.61"
"974.213","-2.12","-7.88","3.57"
"974.245","2.55","-7.10","4.12"
"974.277","1.77","-3.88","-1.10"
"974.309","1.18","0.82","-2.24"
"974.341","1.06","2.00","-1.84"
"974.373","0.27","3.53","2.90"
"974.405","3.57","-7.65","-7.69"
"974.437","5.81","-20.01","-4.55"
"974.469","-7.26","-20.01","20.01"
"974.501","-6.16","-20.01","6.35"
"974.533","0.31","-14.08","-0.16"
"974.565","5.06","-13.30","2.90"
"974.597","3.73","-9.34","3.49"
"974.629","0.94","-4.20","2.08"
"974.661","-1.18","-1.37","-0.78"
"974.693","-0.27","-0.04","-2.08"
"974.725","-0.90","1.33","-0.94"
"974.757","1.06","-1.80","-4.28"
"974.789","1.77","-4.16","-1.65"
"974.821","-0.90","-20.01","8.47"
"974.853","-0.20","-16.75","7.45"
"974.884","1.06","-16.91","2.12"
"974.914","-0.90","-20.01","1.02974946"
"975.039","-1.18","-7.02","2.59"
"975.071","1.37","-5.45","2.63"
"975.103","2.08","-3.61","-0.98"
"975.135","0.47","-0.20","-1.18"
"975.167","-0.31","1.73","-1.45"
"975.199","0.94","0.00","-0.04"
"975.231","3.18","-10.51","-7.65"
"975.263","6.39","-20.01","-0.43"
"975.295","-4.67","-20.01","20.01"
"975.327","-5.81","-20.01","6.28"
"975.359","-1.57","-16.04","3.14"
"975.391","3.61","-12.63","4.31"
"975.423","1.80","-8.87","1.57"
"975.455","0.47","-4.43","1.73"
"975.487","-0.12","-1.57","-0.71"
"975.519","-0.04","1.06","-3.10"
"975.551","-0.82","1.92","-0.67"
"975.583","0.39","-0.98","-2.04"
"975.615","2.35","-7.37","-6.00"
"975.647","0.47","-20.01","11.96"
"975.679","1.41","-13.14","5.45"
"975.711","1.18","-18.16","1.06"
"975.743","-1.29","-18.44","2.51"
"975.775","-2.31","-13.65","-0.82"
"975.807","-0.08","-14.16","5.02"
"975.839","-1.06","-10.47","3.84"
"975.871","-0.08","-6.71","2.47"
"975.903","2.59","-5.18","1.65"
"975.935","1.29","-2.75","-0.35"
"975.967","0.00","1.06","-0.71"
"975.999","0.78","0.63","-0.12"
"976.031","1.14","0.75","-1.41"
"976.063","3.80","-9.22","-6.20"
"976.095","9.22","-20.01","-3.45"
"976.127","-10.59","-20.01","20.01"
"976.159","-3.10","-19.46","3.53"
"976.191","-1.57","-15.46","2.28"
"976.223","3.10","-12.36","4.71"
"976.255","1.53","-8.00","1.10"
"976.287","-0.16","-3.65","1.57"
"976.319","-0.27","-2.12","-1.77"
"976.351","0.08","1.02","-1.84"
"976.383","0.94","2.82","-5.06"
"976.415","-0.35","0.75","-1.33"
"976.447","2.79","-8.98","-0.08"
"976.479","2.39","-20.01","2.59"
"976.511","3.06","-13.26","5.02"
"976.543","0.98","-17.30","2.59"
"976.575","-0.98","-18.40","2.28"
"976.607","-1.96","-13.02","-2.63"
"976.639","-1.57","-14.12","3.45"
"976.672","-1.22","-12.71","5.81"
"976.704","0.67","-7.26","3.33"
"976.736","3.26","-6.04","1.26"
"976.768","1.45","-3.06","-0.43"
"976.8","0.12","0.78","-0.86976832"
"976.862","0.47","-0.16","-1.18"
"976.893","3.84","-12.47","-5.69"
"976.925","2.16","-20.01","2.90"
"976.957","-7.41","-20.01","20.01"
"976.989","-5.92","-20.01","6.04"
"977.021","0.24","-15.02","3.30"
"977.053","3.65","-12.36","3.02"
"977.085","2.28","-7.81","1.10"
"977.117","1.61","-2.94","-0.04"
"977.149","0.20","-0.63","-2.39"
"977.181","-0.78","1.29","-2.75"
"977.213","-1.02","2.12","-1.49"
"977.245","0.55","-0.35","-1.65"
"977.277","-0.82","-6.98","-1.69"
"977.309","4.31","-20.01","6.12"
"977.341","0.71","-14.32","9.89"
"977.373","0.27","-16.95","1.77"
"977.405","-0.63","-15.30","-1.57"
"977.437","-1.92","-11.85","0.98"
"977.469","-0.31","-13.18","6.04"
"977.501","1.84","-9.10","4.39"
"977.533","1.73","-6.00","1.69"
"977.565","1.80","-5.61","-1.10"
"977.597","0.24","-0.86","-0.27"
"977.629","0.20","1.02","-1.53"
"977.661","2.31","4.16","-1.92"
"977.693","1.22","-0.98","-4.28"
"977.725","-2.08","-20.01","-5.22"
"977.757","-8.16","-19.26","20.01"
"977.789","-7.18","-20.01","9.34"
"977.821","-1.06","-15.69","2.00"
"977.853","3.61","-12.08","3.92"
"977.885","2.47","-9.69","1.65"
"977.917","0.43","-5.26","1.02"
"977.949","-0.59","-2.00","-0.27"
"977.981","0.00","-0.51","-2.47"
"978.013","-0.43","0.78","-1.80"
"978.045","-0.94","0.98","-1.96"
"978.077","1.45","-3.37","-3.92"
"978.11","3.02","-20.01","6.98"
"978.143","-2.20","-17.38","6.47978175"
"978.207","0.04","-19.93","1.49978237"
"978.987","1.77","-14.00","2.16"
"979.02","-0.39","-19.42","2.59"
"979.052","-0.98","-15.73","2.79"
"979.084","1.92","-12.83","1.57"
"979.116","1.26","-12.40","5.10"
"979.148","-0.67","-9.14","2.71"
"979.18","2.04","-6.47","2.00"
"979.212","2.04","-3.80","-0.31"
"979.244","0.27","-0.47","-1.22"
"979.276","-0.75","1.84","-1.37"
"979.308","-0.31","1.73","-1.53"
"979.34","2.12","-10.00","-3.77"
"979.372","-0.63","-20.01","-6.94"
"979.404","-6.59","-20.01","20.01"
"979.436","-5.49","-19.93","7.69"
"979.468","-1.53","-15.18","0.12"
"979.5","2.82","-12.32","4.00"
"979.532","1.33","-8.04","3.80"
"979.564","-0.67","-4.08","1.73"
"979.596","-0.27","-1.10","-2.39"
"979.628","0.75","0.63","-3.06"
"979.66","0.20","-0.08","-1.02"
"979.692","-0.24","1.22","-2.04"
"979.724","2.90","-3.02","-2.55"
"979.756","4.28","-18.67","1.69"
"979.788","-0.08","-20.01","8.28"
"979.82","0.59","-17.18","1.33"
"979.852","-1.33","-20.01","2.98"
"979.884","-1.84","-13.73","-0.86"
"979.916","-0.78","-13.10","5.61"
"979.948","-1.61","-12.20","3.49"
"979.98","0.00","-7.53","2.35"
"980.012","2.12","-4.47","3.02"
"980.044","2.43","-3.69","0.67"
"980.076","0.55","-0.63","-1.22"
"980.108","0.39","2.12","-1.92"
"980.14","0.63","0.43","-2.86"
"980.172","3.49","-12.79","-7.02"
"980.204","6.24","-20.01","-0.27"
"980.236","-10.51","-20.01","20.01"
"980.268","-5.45","-19.73","3.80"
"980.3","-0.04","-14.98","1.77"
"980.332","3.92","-12.87","4.67"
"980.364","2.86","-9.26","2.51"
"980.396","0.43","-4.98","1.69"
"980.428","-0.20","-1.61","-1.88"
"980.46","0.31","1.02","-2.67"
"980.491","0.12","0.98","-1.26980521"
"980.613","-5.92","-20.01","8.28"
"980.645","2.75","-12.63","2.04"
"980.677","-0.12","-20.01","2.39"
"980.709","-0.59","-14.32","-0.43"
"980.741","0.90","-14.51","2.90"
"980.773","-0.75","-13.42","5.30"
"980.805","-0.86","-9.34","2.71"
"980.837","1.49","-5.96","3.22"
"980.869","2.94","-4.16","1.69"
"980.901","0.86","-0.71","-0.82"
"980.933","0.04","0.86","-0.71"
"980.965","0.67","0.24","-0.47"
"980.997","1.06","-2.75","-5.92"
"981.029","0.51","-20.01","1.80"
"981.061","-4.35","-19.34","19.61"
"981.093","-8.12","-20.01","8.87"
"981.125","-3.88","-16.67","4.35"
"981.157","1.06","-12.55","3.61"
"981.189","2.20","-9.77","1.53"
"981.221","0.98","-6.08","1.06"
"981.253","0.59","-3.06","0.55"
"981.286","0.04","-1.29","-1.96"
"981.318","-0.04","0.12","-1.18"
"981.35","0.71","-0.47","-2.12"
"981.382","2.16","-5.57","0.20"
"981.414","0.55","-14.20","3.02"
"981.446","-2.47","-14.98","9.41"
"981.478","1.49","-15.61","0.16"
"981.51","1.37","-20.01","2.67"
"981.542","0.04","-14.00","0.82"
"981.574","2.43","-14.87","4.35"
"981.606","-0.20","-12.16","3.69"
"981.638","-0.39","-7.77","2.79"
"981.671","2.86","-6.55","3.73"
"981.703","2.67","-3.88","-0.51"
"981.735","0.08","0.04","-0.98"
"981.767","-0.27","1.61","-0.47"
"981.799","0.78","0.78","-1.73"
"981.831","5.49","-9.92","-8.43"
"981.863","4.35","-20.01","-4.67"
"981.895","-11.77","-20.01","20.01"
"981.927","-5.10","-20.01","4.00"
"981.959","3.02","-16.00","0.20"
"981.991","4.94","-12.91","2.82"
"982.023","0.12","-7.69","3.37"
"982.055","-0.35","-4.31","2.31"
"982.087","-0.27","-2.28","-1.69"
"982.119","0.04","0.63","-2.12"
"982.151","-0.51","2.08","-2.94"
"982.183","1.22","-5.65","-3.57"
"982.215","1.22","-6.20","-2.75"
"982.247","-2.31","-16.48","6.75"
"982.279","2.98","-16.36","4.71"
"982.311","-0.39","-18.32","5.14"
"982.344","-0.94","-18.12","2.24"
"982.376","-0.51","-13.69","-0.39"
"982.406","-0.43","-15.10","5.33982436"
"982.498","2.39","-6.12","2.24"
"982.53","2.43","-4.00","-0.20"
"982.562","-0.04","0.00","-0.39"
"982.594","0.12","1.92","-1.41"
"982.626","-0.51","0.82","-2.12"
"982.658","3.49","-12.91","-4.75"
"982.69","1.14","-20.01","-2.31"
"982.722","-8.83","-20.01","20.01"
"982.754","-6.59","-20.01","8.51"
"982.786","1.96","-14.91","2.59"
"982.818","4.43","-13.34","2.79"
"982.85","2.28","-9.10","1.53"
"982.882","-0.78","-3.37","1.69"
"982.914","-0.20","-1.88","-1.45"
"982.946","0.67","1.18","-3.88"
"982.978","-0.82","-1.77","-0.35"
"983.01","-1.22","1.65","-2.16"
"983.042","1.26","-3.41","-2.24"
"983.074","1.65","-20.01","2.79"
"983.106","-1.65","-19.81","6.00"
"983.138","4.47","-14.20","1.06"
"983.17","-2.47","-19.57","4.43"
"983.202","-0.12","-13.38","1.29"
"983.234","2.35","-12.67","6.20"
"983.266","-0.55","-11.34","2.39"
"983.298","-0.27","-6.86","2.90"
"983.33","2.55","-5.22","3.14983362"
"983.394","0.20","0.31","-1.57"
"983.427","0.98","0.43","-1.77"
"983.459","0.55","0.20","0.63"
"983.491","4.35","-12.40","-5.57"
"983.523","9.77","-20.01","-12.12"
"983.555","-9.30","-20.01","20.01"
"983.587","-4.20","-18.48","3.53"
"983.619","1.06","-13.42","-0.59"
"983.651","3.73","-11.69","2.08"
"983.683","2.43","-8.12","1.77"
"983.715","0.71","-3.73","3.26"
"983.747","0.31","-2.47","-1.96"
"983.779","-0.16","0.59","-1.69"
"983.811","-4.63","2.00","-1.29"
"983.843","0.08","-0.04","-2.08"
"983.875","1.61","-8.67","-0.20"
"983.907","1.45","-18.67","7.77"
"983.939","1.92","-14.95","7.92"
"983.971","2.00","-17.97","3.02"
"984.004","-1.06","-16.36","1.33"
"984.037","-0.78","-12.43","2.08984068"
"984.846","-0.51","-13.89","-0.39"
"984.878","0.82","-12.79","1.61"
"984.91","-0.75","-12.16","6.75"
"984.942","-0.75","-8.04","2.16"
"984.974","2.28","-5.69","0.98"
"985.006","2.00","-3.30","0.04"
"985.038","1.26","-0.51","-0.08"
"985.07","0.67","3.65","-0.59"
"985.102","1.96","1.02","-0.43"
"985.134","1.84","-10.00","-6.63"
"985.166","0.55","-20.01","-0.75"
"985.198","0.75","-20.01","11.30"
"985.23","-7.14","-20.01","11.22"
"985.262","0.43","-14.98","1.65"
"985.294","3.96","-12.08","2.04"
"985.326","1.22","-7.92","2.86"
"985.358","-1.10","-3.84","2.16"
"985.39","-0.24","-2.47","-1.45"
"985.422","0.16","0.12","-2.59"
"985.454","-0.35","-1.33","-0.71"
"985.486","-0.59","0.27","-1.80"
"985.518","2.90","-1.49","-5.69"
"985.55","2.20","-10.98","-0.08"
"985.582","-2.67","-20.01","6.16"
"985.614","-2.39","-15.30","8.63"
"985.646","-1.73","-19.50","1.61"
"985.678","-1.02","-14.24","-0.63"
"985.71","0.12","-11.92","3.26"
"985.742","0.00","-11.85","6.39"
"985.774","0.04","-8.24","2.39"
"985.806","2.39","-5.49","3.22"
"985.838","2.59","-4.55","0.71"
"985.87","0.39","-1.49","-1.10"
"985.902","-0.63","1.53","-1.33"
"985.934","0.67","1.92","-2.35"
"985.966","1.18","-5.92","-5.69"
"985.998","1.29","-20.01","-13.77"
"986.03","-6.08","-20.01","20.01"
"986.061","-7.06","-20.01","11.77"
"986.091","1.02","-14.91","0.90986123"
"986.185","1.69","-4.90","2.51"
"986.216","0.16","-2.43","-0.90"
"986.249","0.24","0.63","-2.59"
"986.281","0.27","-0.39","-2.08"
"986.313","-0.51","0.47","-0.27"
"986.345","0.12","-2.12","-3.33"
"986.377","-0.35","-12.71","7.18"
"986.409","-5.53","-20.01","12.98"
"986.441","4.16","-14.12","4.63"
"986.473","-0.24","-19.97","2.82"
"986.505","-0.71","-15.02","2.04"
"986.537","1.92","-14.91","2.86"
"986.569","-1.14","-13.57","5.57"
"986.601","-1.73","-9.57","1.65"
"986.633","-0.16","-5.30","4.51"
"986.665","3.30","-6.55","3.18"
"986.697","0.82","-2.08","-1.06"
"986.729","0.00","2.94","-3.22"
"986.761","0.67","8.51","-0.55"
"986.793","2.51","-0.31","-0.31"
"986.825","4.59","-15.97","-3.80"
"986.857","0.20","-20.01","2.90"
"986.889","-6.55","-20.01","20.01"
"986.921","-5.61","-20.01","4.94"
"986.953","0.75","-14.75","3.65"
"986.985","2.67","-12.16","3.53"
"987.017","0.75","-6.51","1.88"
"987.049","0.55","-3.41","0.67"
"987.081","-0.20","-1.96","-1.45"
"987.113","-0.16","1.57","-2.59"
"987.145","-0.04","3.10","-1.96"
"987.177","0.27","0.16","-0.35"
"987.209","1.80","-3.96","-1.61"
"987.241","-1.53","-19.22","9.53"
"987.273","1.96","-20.01","8.67"
"987.305","0.86","-18.12","6.47"
"987.337","0.08","-16.59","0.31"
"987.369","0.47","-12.91","-2.00"
"987.401","-1.14","-13.61","5.92"
"987.433","-1.77","-11.02","5.10"
"987.465","0.16","-7.81","0.82"
"987.497","3.80","-6.00","3.33"
"987.529","2.86","-4.00","0.00"
"987.561","0.55","-0.47","-1.33"
"987.593","0.27","0.86","-0.94"
"987.625","0.94","1.14","-3.02"
"987.657","3.61","-11.92","-6.98"
"987.689","7.53","-20.01","2.59"
"987.721","-10.43","-20.01","20.01"
"987.753","-4.98","-19.97","3.61"
"987.785","0.67","-14.12","-0.71"
"987.817","3.84","-12.87","3.26"
"987.849","1.14","-9.49","3.84"
"987.881","-0.94","-5.06","2.39"
"987.912","1.37","-3.14","-1.14987942"
"987.974","-0.78","1.57","-2.51988006"
"988.036","1.14","-2.98","-1.57"
"988.066","4.39","-15.30","1.10"
"988.098","-10.47","-18.95","8.36"
"988.13","4.79","-13.69","3.18"
"988.162","0.90","-20.01","2.20"
"988.194","-0.55","-14.16","0.20"
"988.226","-0.12","-13.77","3.18"
"988.258","-0.27","-13.42","5.33"
"988.29","-1.37","-8.75","3.18"
"988.322","0.55","-6.28","2.43"
"988.354","2.67","-4.86","0.82"
"988.386","0.94","-1.69","-0.59"
"988.418","-0.55","1.37","-0.98"
"988.45","-0.12","3.02","-2.04"
"988.482","3.26","-10.28","-5.84"
"988.514","-1.96","-20.01","-0.78"
"988.546","-6.04","-19.26","19.57"
"988.578","-6.98","-18.71","6.94"
"988.61","-3.22","-18.63","3.92"
"988.642","3.49","-13.57","6.39"
"988.674","2.67","-10.98","2.31"
"988.706","0.86","-6.83","0.63"
"988.738","1.69","-4.08","0.82"
"988.77","0.31","-1.57","-1.80"
"988.802","-0.43","0.31","-1.53"
"988.834","-0.75","0.82","-0.67"
"988.866","2.00","-3.02","-3.69"
"988.898","2.20","-14.32","4.24"
"988.93","-3.37","-20.01","6.43"
"988.962","2.98","-14.83","1.29"
"988.994","-0.24","-19.73","2.98"
"989.026","-2.28","-14.44","2.71"
"989.058","2.16","-14.59","3.80"
"989.09","0.47","-11.65","4.00"
"989.122","0.24","-7.85","2.71"
"989.154","2.55","-5.96","2.90"
"989.186","2.04","-3.45","-0.08"
"989.218","0.27","-0.04","-0.86"
"989.25","0.04","0.98","-1.18"
"989.282","0.16","2.12","-2.12"
"989.314","5.30","-16.24","-3.26"
"989.346","4.28","-20.01","-6.16"
"989.378","-8.75","-17.06","19.18"
"989.41","-4.16","-17.18","3.30"
"989.442","-2.12","-16.95","3.73"
"989.474","2.98","-12.83","6.47"
"989.506","1.96","-9.92","2.39"
"989.538","-0.20","-5.77","1.14"
"989.57","-0.20","-2.71","0.43"
"989.602","0.00","-1.29","-2.04"
"989.634","-0.24","0.55","-1.14"
"989.666","1.10","-1.14","-0.86"
"989.698","2.35","-5.96","-0.12"
"989.73","-2.90","-19.97","9.14"
"989.762","-0.94","-13.26","4.00"
"989.792","2.55","-13.77","-0.75"
"989.823","-1.26","-20.01","4.35"
"989.855","-2.28","-14.63","3.65"
"989.888","3.37","-13.69","3.57989919"
"990.314","3.26","-12.00","2.86990344"
"990.734","0.27","-12.94","6.75"
"990.767","0.31","-10.63","2.28"
"990.799","0.55","-6.83","3.80"
"990.831","2.82","-4.98","0.43"
"990.863","1.49","-1.92","-0.35"
"990.895","0.59","0.55","-1.10"
"990.927","0.71","1.53","-1.69"
"990.959","0.51","-6.67","-1.49"
"990.991","-0.51","-20.01","-5.22"
"991.023","-2.82","-20.01","19.69"
"991.055","-8.36","-20.01","7.96"
"991.087","-0.39","-16.95","2.94"
"991.119","4.90","-14.75","4.71"
"991.151","1.84","-9.41","2.12"
"991.183","0.12","-5.06","1.26"
"991.215","-0.08","-2.16","0.16"
"991.247","0.67","-1.14","-2.94"
"991.279","-0.39","1.22","-1.96"
"991.311","-0.94","0.35","0.51"
"991.343","4.28","-5.30","-1.53"
"991.375","1.06","-17.81","8.43"
"991.407","-8.43","-20.01","10.43"
"991.439","3.57","-11.22","-0.55"
"991.471","0.20","-20.01","2.86"
"991.503","-3.26","-14.32","2.39"
"991.535","0.75","-14.16","2.00"
"991.567","2.63","-12.75","4.04"
"991.599","0.55","-9.41","3.49"
"991.631","1.61","-7.37","3.26"
"991.663","2.71","-5.14","0.51"
"991.695","1.33","-1.80","-0.78"
"991.727","-0.12","1.14","-1.37991758"
"991.852","-7.37","-20.01","20.01"
"991.884","-5.49","-18.28","7.88"
"991.916","-0.04","-15.22","0.39"
"991.948","4.82","-13.93","5.26"
"991.98","2.90","-11.10","3.57"
"992.012","0.43","-6.32","1.18"
"992.044","0.47","-3.53","0.86"
"992.076","-0.75","-1.26","-3.33"
"992.108","0.59","0.35","-2.35"
"992.14","-2.75","3.65","-1.14"
"992.172","0.20","-5.26","1.41"
"992.204","2.04","-13.02","5.18"
"992.236","-4.16","-20.01","5.30"
"992.268","4.31","-12.55","2.24"
"992.3","0.47","-20.01","2.67"
"992.332","-2.12","-14.44","2.43"
"992.364","0.82","-14.47","3.02"
"992.396","1.06","-13.89","4.67"
"992.428","0.55","-10.16","2.82"
"992.46","3.33","-6.51","4.04"
"992.492","2.79","-4.90","0.39"
"992.524","1.57","-0.94","-2.12"
"992.556","0.59","0.08","-1.14"
"992.588","1.02","3.77","4.35"
"992.62","0.98","0.24","-4.08"
"992.652","0.24","-16.79","-8.55"
"992.684","-1.61","-20.01","4.51"
"992.716","-14.04","-20.01","19.69"
"992.748","-2.79","-17.22","2.08"
"992.78","5.06","-14.36","4.35"
"992.812","3.30","-10.79","3.80"
"992.844","-1.10","-6.24","2.00"
"992.877","-0.35","-2.90","1.61"
"992.909","-0.31","-2.04","-2.86"
"992.941","0.04","0.86","-2.79"
"992.973","-4.39","2.04","1.14"
"993.005","0.47","0.78","-2.98"
"993.037","2.67","-7.02","0.08"
"993.069","-9.06","-18.51","10.71"
"993.101","3.37","-9.61","2.08"
"993.133","1.69","-20.01","4.24"
"993.165","-1.88","-17.22","3.92"
"993.197","-0.16","-14.36","1.53"
"993.229","1.96","-14.28","5.81"
"993.261","-0.39","-10.43","2.79"
"993.293","0.00","-6.59","2.67"
"993.325","2.43","-5.02","2.98"
"993.357","1.02","-2.47","-0.59"
"993.389","-0.71","5.45","-5.57"
"993.421","-0.08","1.92","-2.00"
"993.453","1.65","-1.49","-1.49"
"993.485","3.61","-16.00","-0.75"
"993.515","3.53","-20.01","7.92993547"
"993.579","-5.88","-20.01","7.92993609"
"993.67","1.26","-7.73","0.39"
"993.703","-0.43","-3.53","2.82"
"993.735","-0.24","-2.00","-0.59"
"993.767","1.10","-0.35","-3.37"
"993.799","0.27","-0.08","-1.06"
"993.831","0.94","-0.63","-1.61"
"993.863","0.51","-8.32","-0.20"
"993.895","-0.51","-19.97","12.55"
"993.927","2.98","-10.67","4.00"
"993.959","3.57","-13.65","-0.86"
"993.991","-0.04","-20.01","6.94"
"994.023","-2.20","-13.30","1.26"
"994.055","0.63","-15.30","2.63"
"994.087","1.37","-13.57","4.28"
"994.119","-0.27","-8.36","3.77"
"994.151","2.59","-5.88","2.71"
"994.183","1.84","-3.77","-0.35"
"994.215","0.35","-1.02","-1.57"
"994.247","-1.41","1.14","0.16"
"994.279","-0.39","6.71","-3.41"
"994.311","-0.16","-1.22","0.04"
"994.343","-0.55","-20.01","-8.87"
"994.375","-0.63","-20.01","20.01"
"994.407","-7.10","-15.93","7.14"
"994.439","2.59","-15.85","1.96"
"994.471","5.61","-14.00","6.43"
"994.503","2.39","-8.20","2.16"
"994.535","-0.51","-4.24","-0.47"
"994.567","-4.86","7.73","-13.49"
"994.599","0.71","-6.16","9.57"
"994.631","0.35","-3.41","2.98"
"994.663","-1.65","-4.94","2.43"
"994.695","0.51","-3.26","-0.78"
"994.727","-0.51","-6.75","-1.65"
"994.759","-1.18","-20.01","8.12"
"994.791","0.16","-16.67","7.41"
"994.823","0.16","-19.61","2.12"
"994.855","2.51","-14.12","0.82"
"994.887","4.90","-12.20","5.33"
"994.919","1.92","-10.90","4.39"
"994.951","0.20","-7.88","0.86"
"994.983","0.35","-4.82","2.16"
"995.015","1.49","-3.33","0.51"
"995.047","-0.59","0.39","-1.65"
"995.079","0.16","0.67","-2.51"
"995.111","0.00","-0.35","-1.92"
"995.143","3.45","-15.69","-7.92"
"995.175","7.81","-20.01","0.63"
"995.207","-12.08","-20.01","20.01"
"995.239","-2.39","-17.61","3.26"
"995.271","3.65","-14.79","0.43"
"995.303","3.53","-12.67","5.69"
"995.335","-0.20","-7.65","3.88"
"995.367","-0.27","-3.26","-0.78995397"
"995.46","0.08","2.94","-0.31"
"995.492","0.12","-0.31","-1.33"
"995.524","0.59","-4.82","-5.02"
"995.556","-1.65","-20.01","13.06"
"995.588","1.57","-16.16","6.20"
"995.62","-0.71","-15.38","1.41"
"995.652","-2.31","-18.32","0.55"
"995.684","-1.80","-12.36","-0.47"
"995.716","1.18","-15.22","7.92"
"995.749","1.92","-12.83","3.14"
"995.782","2.39","-7.53","2.55"
"995.813","5.18","-5.81","6.12995847"
"995.909","1.80","0.94","-1.37995939"
"996.627","1.53","-8.04","3.65"
"996.659","3.65","-6.71","2.90"
"996.691","1.61","-3.37","-1.29"
"996.723","0.08","-0.51","-0.94"
"996.755","1.33","0.86","-2.67"
"996.787","0.63","-2.28","-1.65"
"996.819","0.47","-13.38","1.45"
"996.851","-5.77","-20.01","9.14"
"996.883","-10.00","-19.53","6.04"
"996.915","-5.45","-14.67","4.31"
"996.947","1.57","-13.26","3.77"
"996.979","3.84","-10.36","2.71"
"997.011","3.10","-5.73","1.96"
"997.043","2.12","-2.90","0.24"
"997.075","0.27","-0.67","-3.22"
"997.107","-0.63","0.98","-0.98"
"997.139","1.06","-1.84","-2.75"
"997.171","1.06","-3.06","-3.14"
"997.203","2.31","-20.01","20.01"
"997.236","0.20","-12.04","1.45997267"
"997.357","-1.33","-10.12","4.98"
"997.389","-1.26","-10.75","0.35"
"997.421","-1.26","-8.83","0.35"
"997.453","1.22","-6.94","4.04"
"997.485","2.67","-5.84","2.16"
"997.517","2.28","-4.20","-0.16"
"997.549","0.94","-2.28","-1.88"
"997.581","0.86","-1.88","-2.90"
"997.613","2.43","-9.38","1.80"
"997.645","-2.51","-20.01","4.24"
