NAME:,run_5_1.csv,,
EXPERIMENT TIME:,24/05/2022 19:36,,
ACTIVITY TYPE:,Running,,
COUNT OF ACTUAL STEPS,150,,
,,,
Time [sec],ACC X,ACC Y,ACC Z
2350.01,-8.71,2.47,3.18
2350.05,-8.63,2.47,3.22
2350.1,-8.47,2.31,3.22
2350.14,-8.71,2.71,3.3
2350.18,-8.47,2.43,3.3
2350.22,-8.67,2.55,3.18
2350.26,-8.47,2.24,3.06
2350.31,-8.63,2.59,3.22
2350.35,-8.51,2.55,3.3
2350.39,-8.67,2.55,3.06
2350.43,-8.43,2.43,3.3
2350.47,-8.79,2.51,3.18
2350.52,-8.51,2.28,3.1
2350.56,-8.67,2.55,3.18
2350.6,-8.39,2.47,3.33
2350.64,-8.67,2.51,3.18
2350.68,-8.51,2.12,3.26
2350.73,-8.71,2.35,3.41
2350.77,-9.34,1.65,2.86
2350.81,-9.3,1.69,3.14
2350.85,-8.59,2.59,3.73
2350.89,-8.83,2.2,3.1
2350.94,-9.18,2.28,2.43
2350.98,-8.83,2.98,1.92
2351.02,-8.59,2.79,0.51
2351.06,-8.55,0.75,-0.04
2351.1,-14.16,2.9,-1.65
2351.15,-11.1,2.82,0.31
2351.19,-10.08,2.67,1.02
2351.23,-10,2.63,-0.43
2351.27,-9.41,2.04,0.12
2351.31,-9.1,3.14,-0.67
2351.36,-8.28,2.86,-0.55
2351.4,-8.79,2.12,-1.69
2351.44,-9.92,1.53,-2.75
2351.48,-10.28,2.59,-2.51
2351.52,-9.69,2.39,-1.49
2351.57,-10.63,2.9,-1.73
2351.61,-14,1.73,-3.02
2351.65,-11.06,3.14,-4.51
2351.69,-1.26,3.22,0.08
2351.73,-14.28,5.45,11.22
2351.78,0.9,9.06,-1.26
2351.82,-6.35,2.08,1.61
2351.86,-9.77,3.61,3.77
2351.9,-9.49,4.39,4.55
2351.94,-11.1,6.2,6.63
2351.99,-17.53,-0.04,9.57
2352.03,-8.98,3.33,9.34
2352.07,-18.24,4.35,10.51
2352.11,-16.63,-0.04,-2.24
2352.15,0.51,-4.47,-6.59
2352.2,-2.71,2.59,-2.31
2352.24,-3.61,-1.8,-1.37
2352.28,-9.34,0.59,-0.94
2352.32,-20.01,20.01,20.01
2352.36,-12.98,1.22,-3.73
2352.41,-19.85,1.14,0.59
2352.45,-6.16,2.39,6.12
2352.49,0.86,-0.9,1.73
2352.53,5.61,0.12,-1.26
2352.57,5.61,-3.96,-4.08
2352.62,-1.41,-3.33,1.41
2352.66,2.2,0.63,-6.2
2352.7,-9.18,15.1,4.28
2352.74,-6.51,1.84,1.92
2352.78,-18.32,1.22,14.2
2352.83,-19.26,1.45,12.28
2352.87,-17.18,0.24,8.94
2352.91,-20.01,1.57,-9.1
2352.95,-3.84,-6.08,-3.53
2352.99,1.02,-4.79,-5.06
2353.04,-1.06,-2.86,-5.3
2353.08,0.16,-1.65,-4.86
2353.12,-9.81,-6.39,1.8
2353.16,-20.01,20.01,20.01
2353.2,-18.44,2.75,5.02
2353.25,-10.24,3.57,2.55
2353.29,-10,3.8,3.02
2353.33,1.18,3.37,2.04
2353.37,2.55,0.16,0.55
2353.41,9.49,-4,-0.75
2353.46,9.57,-5.53,-3.02
2353.5,8.83,3.02,-14.44
2353.54,-17.53,7.1,20.01
2353.58,-18.01,20.01,4.63
2353.62,-20.01,-0.86,7.69
2353.67,-20.01,0.94,12.08
2353.71,-18.16,6.86,-12.55
2353.75,-3.61,-5.14,-2.31
2353.79,-4.24,-5.49,-5.22
2353.83,0.71,-1.49,-7.26
2353.88,-3.14,1.06,-1.61
2353.92,-10.94,-3.88,0
2353.96,-20.01,20.01,20.01
2354,-11.41,8.67,10.12
2354.04,-9.65,8.87,2.67
2354.09,-4.75,2.43,2.59
2354.13,1.18,1.18,0.63
2354.17,2.47,-4.67,-0.47
2354.21,11.26,-2.75,-8.43
2354.25,-2.2,-14.04,12.2
2354.29,5.3,0.9,-8.39
2354.34,-0.08,5.61,-2.16
2354.38,-10.16,3.49,10.04
2354.42,-20.01,5.22,7.65
2354.46,-17.5,6.2,5.33
2354.5,-16.04,-1.73,-8.94
2354.55,-3.14,-4.28,-6.67
2354.59,-5.1,-5.37,-3.22
2354.63,-0.12,-3.33,-7.3
2354.67,-3.92,-3.18,-5.53
2354.71,-19.46,8.43,4.75
2354.76,-20.01,5.92,20.01
2354.8,-11.73,5.33,-3.41
2354.84,-13.53,2.31,0.43
2354.88,-2.55,2.51,4.28
2354.92,3.22,-7.37,11.34
2354.97,11.65,-4.55,-15.42
2355.01,2.67,-1.18,0.51
2355.05,-7.61,-20.01,20.01
2355.09,-20.01,13.89,20.01
2355.13,-9.26,14.75,8.83
2355.18,-20.01,2.39,7.41
2355.22,-20.01,2.98,11.06
2355.26,-14.28,2.39,-0.75
2355.3,-5.53,-2.43,-4.79
2355.34,-2.55,-3.96,-8
2355.39,-2.2,-1.65,-3.84
2355.43,-2.43,-1.14,-5.06
2355.47,-12.94,-4.39,1.77
2355.51,-20.01,20.01,20.01
2355.55,-16.4,2.55,8.2
2355.6,-11.38,6.71,3.49
2355.64,-3.61,1.88,1.33
2355.68,1.37,-0.71,5.3
2355.72,7.34,-7.26,-3.45
2355.76,15.42,-12.83,16.67
2355.81,-5.18,-20.01,20.01
2355.85,-1.73,-13.85,20.01
2355.89,-20.01,11.49,20.01
2355.93,-14.24,0.94,9.26
2355.97,-20.01,1.77,7.18
2356.02,-20.01,2.67,8.36
2356.06,-14.32,2.04,-6.12
2356.1,-2.82,-3.3,-6.43
2356.14,-4.9,-1.22,-5.73
2356.18,-0.86,-1.92,-7.88
2356.23,-17.93,-1.69,0.63
2356.27,-20.01,5.77,7.69
2356.31,-20.01,7.77,20.01
2356.35,-12.2,6.86,0.9
2356.39,-9.89,1.88,-0.31
2356.44,-0.27,3.22,2
2356.48,1.37,-2.51,4.86
2356.52,14.79,-3.96,-5.33
2356.56,0.78,7.81,-13.61
2356.6,6.28,-5.84,-1.49
2356.65,-20.01,13.26,9.26
2356.69,-17.61,18.2,13.49
2356.73,-20.01,0.82,9.14
2356.77,-19.69,2.39,4.82
2356.81,-15.42,-1.53,-4.47
2356.86,-4.39,-0.55,-4.35
2356.9,-0.94,-4.59,-6.51
2356.94,-2.51,-2.94,-3.8
2356.98,-0.78,-8.67,-11.06
2357.02,-17.5,2.43,-2.51
2357.07,-20.01,20.01,20.01
2357.11,-11.53,4.2,6
2357.15,-9.96,5.06,3.61
2357.19,-4.86,1.49,1.73
2357.23,0.67,-0.08,4.47
2357.28,7.22,-3.06,-6.35
2357.32,12.51,-10.67,5.18
2357.36,-2.82,6.51,-4.28
2357.4,-18.95,14.87,19.73
2357.44,-20.01,8.75,9.34
2357.49,-20.01,-0.12,10.2
2357.53,-20.01,-0.31,6.39
2357.57,-9.26,-1.14,-0.94
2357.61,-7.77,-6.32,-3.92
2357.65,1.88,-4.86,-15.97
2357.7,-4.35,-1.57,-5.18
2357.74,-4.08,-1.06,-5.3
2357.78,-13.34,0.71,-1.61
2357.82,-20.01,13.73,20.01
2357.86,-13.26,1.65,5.45
2357.91,-12.32,7.06,2.59
2357.95,-8.43,0.98,0.71
2357.99,0.98,1.77,2.04
2358.03,4.04,-5.33,0.51
2358.07,8.39,-6.43,-6.32
2358.11,-4.08,4.98,-7.49
2358.16,8.87,12,-18.44
2358.2,-20.01,-0.27,20.01
2358.24,-18.63,4.51,8.71
2358.28,-19.69,-0.04,6.86
2358.32,-15.38,1.61,-1.22
2358.37,-11.53,-1.57,-3.26
2358.41,-4.35,-3.8,-9.89
2358.45,-4.67,-1.57,-3.06
2358.49,-2.16,-1.29,-4.47
2358.53,-11.92,-5.69,1.88
2358.58,-20.01,7.96,14.47
2358.62,-19.53,-0.16,9.26
2358.66,-13.45,6.79,3.88
2358.7,-9.89,0.31,0.08
2358.75,-1.06,1.18,3.45
2358.79,2.71,-3.1,2
2358.83,12.51,-1.22,-6.04
2358.87,-0.08,-9.89,0.75
2358.91,-4.47,-2,3.8
2358.96,-20.01,10.79,20.01
2359,-11.92,11.89,3.84
2359.04,-20.01,-1.26,4.12
2359.08,-18.44,3.06,6.16
2359.12,-14,5.73,-4.28
2359.17,-4.86,-2.98,-5.1
2359.21,-4.55,-1.96,-7.22
2359.25,-4.9,-2.24,-7.02
2359.29,-7.88,-3.18,-4.82
2359.33,-16.44,1.45,4.28
2359.38,-20.01,13.77,20.01
2359.42,-10.94,7.69,7.37
2359.46,-10.63,3.96,3.06
2359.5,-5.49,-0.08,0.31
2359.54,0.94,0.24,1.26
2359.58,2.71,-5.1,-2.59
2359.63,10.08,4.2,-4.75
2359.67,-1.06,-6.32,4.47
2359.71,-3.49,-3.14,9.3
2359.75,-20.01,20.01,19.22
2359.79,-12.2,1.65,7.61
2359.84,-20.01,3.22,9.38
2359.88,-20.01,2.24,5.18
2359.92,-14.79,4.79,-4.16
2359.96,-5.33,-4.24,-2.67
2360,-2.9,-3.33,-7.18
2360.05,-2.43,-3.1,-4.75
2360.09,-3.02,-1.84,-4.43
2360.13,-12.51,-2.43,0.94
2360.17,-20.01,20.01,20.01
2360.21,-10.51,5.53,9.14
2360.26,-11.89,6.79,3.33
2360.3,-3.73,1.73,2.51
2360.34,1.49,-0.31,1.33
2360.38,3.73,-7.34,-1.33
2360.42,9.1,1.26,-6.2
2360.47,2.47,11.89,-12.2
2360.51,-7.3,1.77,11.3
2360.55,-20.01,17.18,20.01
2360.59,-14.08,-0.39,5.3
2360.63,-20.01,-0.24,7.92
2360.68,-15.85,2.16,2.94
2360.72,-13.02,3.33,-9.77
2360.76,-3.1,-3.92,-4.98
2360.8,-6.47,-12.91,-6.63
2360.84,-6.51,4.16,-8.08
2360.89,-15.26,-4.35,3.69
2360.93,-20.01,18.04,20.01
2360.97,-14.2,4.86,14.12
2361.01,-11.45,8.47,6.16
2361.05,-7.02,-0.24,0.43
2361.1,0.75,0.78,0.43
2361.14,1.41,-3.26,-2.2
2361.18,5.06,-3.06,-4.75
2361.22,-3.41,-5.3,0.78
2361.26,-5.96,0.55,7.02
2361.3,-20.01,13.02,19.73
2361.35,-9.02,13.65,5.69
2361.39,-20.01,1.8,10.43
2361.43,-20.01,0.86,11.61
2361.47,-17.53,10.04,-2.79
2361.51,-7.22,-7.73,-0.86
2361.56,-4.24,-6.12,-5.41
2361.6,4.71,-4.79,-10.24
2361.64,-9.14,1.06,-6.28
2361.68,-14.67,1.61,6.79
2361.73,-20.01,20.01,20.01
2361.77,-9.53,1.37,1.14
2361.81,-14,3.61,1.96
2361.85,-3.37,3.14,3.49
2361.89,3.02,-0.27,3.61
2361.94,7.77,-5.33,-4.98
2361.98,7.14,-10.16,-0.63
2362.02,1.73,2.12,-12.75
2362.06,7.49,4.63,8.04
2362.1,-20.01,13.53,5.84
2362.14,-17.69,0.39,8.36
2362.19,-20.01,-0.55,8.39
2362.23,-20.01,1.26,8.32
2362.27,-15.38,8.79,-9.02
2362.31,-2.94,-5.41,-5.37
2362.35,-4.04,-2.79,-6.04
2362.4,-5.45,-2.24,-6.59
2362.44,-10.36,-4.51,-1.18
2362.48,-19.77,3.88,5.73
2362.52,-20.01,14.08,20.01
2362.56,-11.38,5.18,2.63
2362.61,-12.43,4.2,4.2
2362.65,-4.43,0.04,0.82
2362.69,1.49,1.26,0.67
2362.73,1.41,-6.24,0.75
2362.77,6.35,-0.08,-3.49
2362.81,-1.18,-1.65,-1.73
2362.86,-4.86,1.65,6.2
2362.9,-20.01,10.51,19.89
2362.94,-14,0.75,6.63
2362.98,-20.01,1.61,9.14
2363.02,-19.89,2.12,6.51
2363.07,-15.61,5.84,-7.18
2363.11,-4.24,-5.61,-4.2
2363.15,-1.84,-7.45,-7.06
2363.19,-3.61,-2.71,-4.9
2363.24,-8.63,-5.14,-4.51
2363.28,-14.36,-1.33,5.22
2363.32,-20.01,19.42,20.01
2363.36,-13.69,0.47,6.55
2363.4,-11.85,4.28,6.08
2363.45,-8.43,1.14,0.82
2363.49,-1.8,0.82,-0.51
2363.53,0.75,-1.57,1.65
2363.57,8.28,-1.96,-3.73
2363.61,2.2,-8.87,0.9
2363.66,-3.69,-0.59,5.33
2363.7,-20.01,11.22,15.77
2363.74,-13.65,4.51,7.41
2363.78,-18.63,0.82,7.26
2363.82,-14.95,6.43,5.88
2363.86,-17.73,1.96,-0.63
2363.91,-7.3,-3.77,-5.65
2363.95,-5.45,-3.41,-7.81
2363.99,-3.33,-1.45,-5.14
2364.03,-0.24,-0.94,-5.53
2364.07,-8.79,-4.71,2.08
2364.12,-20.01,16.04,20.01
2364.16,-14.98,11.49,5.33
2364.2,-18.87,2.71,4.71
2364.24,-9.41,0.08,0.59
2364.28,0.24,2,2.47
2364.33,5.88,-5.37,1.73
2364.37,9.61,-0.82,-5.49
2364.41,-2.9,-8.2,1.14
2364.45,-4.94,-2.12,5.1
2364.49,-13.65,4.82,13.34
2364.54,-15.46,11.96,13.26
2364.58,-17.34,-1.49,4.98
2364.62,-20.01,3.49,8.94
2364.66,-16.87,1.84,-1.29
2364.7,-11.41,-2.86,-9.45
2364.75,-2.47,-3.37,-6.83
2364.79,-4.71,-0.31,-5.84
2364.83,-5.06,-0.2,-3.3
2364.87,-13.65,-3.37,3.84
2364.91,-20.01,17.81,20.01
2364.95,-19.65,-1.41,7.18
2365,-11.45,3.69,3.14
2365.04,-7.65,-0.27,0.63
2365.08,0.47,1.41,1.22
2365.12,4.04,-3.22,3.1
2365.16,9.92,-0.16,-3.37
2365.2,4.51,-4.9,-0.43
2365.25,-4.39,-5.06,4.47
2365.29,-16.87,2.98,17.14
2365.33,-14.28,6.28,8.36
2365.37,-18.08,1.02,6.94
2365.41,-20.01,-0.78,6.63
2365.45,-14.4,-1.73,6.04
2365.5,-18.59,9.14,-5.33
2365.54,-6.08,-5.02,-5.22
2365.58,-4.16,-5.26,-7.34
2365.62,-3.41,-4.79,-8.79
2365.66,-10.36,-0.43,-1.88
2365.71,-20.01,2.82,7.06
2365.75,-20.01,13.96,19.61
2365.79,-8.98,5.1,-0.31
2365.83,-11.18,2.43,2.43
2365.87,-2.24,0.75,2.04
2365.92,2.24,-0.12,1.18
2365.96,2.82,-7.1,-0.67
2366,2.43,-4.51,0.63
2366.04,3.14,13.69,-18.59
2366.08,-8.79,0.67,10.24
2366.13,-20.01,14.79,20.01
2366.17,-14.36,-0.47,5.49
2366.21,-18.4,0.78,7.96
2366.25,-15.73,1.02,7.06
2366.29,-18.87,14.24,-4.86
2366.34,-6.39,-5.53,-5.77
2366.38,-4.28,-3.53,-8.75
2366.42,-4.94,-8.55,-9.06
2366.46,-11.92,-3.02,2.04
2366.5,-20.01,-2.75,12.47
2366.55,-20.01,12.59,20.01
2366.59,-11.53,4.63,-1.53
2366.63,-10.75,3.8,2.59
2366.67,-0.94,2.31,6.9
2366.72,2.43,-10.24,4.2
2366.76,15.38,-8.28,-13.1
2366.8,-4.51,-3.06,-2.08
2366.84,6.59,-1.37,-6.71
2366.88,-20.01,-0.82,20.01
2366.93,-15.77,13.93,11.85
2366.97,-20.01,-4.47,5.96
2367.01,-19.26,-1.41,2.94
2367.05,-15.81,6.35,-7.92
2367.09,2,-4.43,-3.45
2367.13,-3.8,0.94,-7.06
2367.18,-5.49,-3.3,-5.88
2367.22,-9.77,-6.39,0.2
2367.26,-13.73,2.39,4.79
2367.3,-20.01,18.16,20.01
2367.34,-13.38,1.65,1.33
2367.39,-11.96,3.18,4.35
2367.43,-3.41,-0.08,0.16
2367.47,2.98,1.02,1.02
2367.51,4.82,-7.37,-3.45
2367.55,2.94,-2.39,-3.02
2367.59,0.12,4.08,-9.61
2367.64,-8,-1.41,12.24
2367.68,-20.01,18.44,20.01
2367.72,-14.24,0.86,7.18
2367.76,-20.01,-1.1,9.96
2367.8,-20.01,0.51,2.55
2367.85,-17.81,0.78,-12.79
2367.89,-3.69,-5.02,-6.51
2367.93,-3.02,-3.49,-4.2
2367.97,-3.3,0.51,-4.67
2368.01,-8.43,-2.63,4.31
2368.06,-20.01,10.28,20.01
2368.1,-15.61,5.84,1.57
2368.14,-16.83,5.45,2.35
2368.18,-6.28,2.04,4.79
2368.22,1.77,-2.08,7.53
2368.27,5.22,-2.9,-0.47
2368.31,15.34,-12.79,-0.82
2368.35,8.39,-8.32,-2.75
2368.39,-16.32,10.24,2.16
2368.43,-20.01,3.41,16.59
2368.48,-14.87,1.61,8.63
2368.52,-20.01,-3.84,7.88
2368.56,-19.57,2.51,6.94
2368.6,-16.55,7.34,-13.1
2368.64,-4.75,-2.9,-5.02
2368.69,-2.08,-2.55,-4.12
2368.73,-2.24,-3.57,-5.37
2368.77,-11.3,0.27,-1.73
2368.81,-20.01,6.2,9.53
2368.85,-20.01,8.08,18.04
2368.9,-18.16,3.02,0.63
2368.94,-9.92,1.61,3.41
2368.98,-0.39,0.94,3.69
2369.02,3.73,-9.49,6.71
2369.06,10.28,6,-13.85
2369.11,-14.4,-0.63,17.34
2369.15,-10,-2.24,8.59
2369.19,-20.01,6.51,19.34
2369.23,-13.69,9.89,8.24
2369.27,-16.2,0.86,6.43
2369.32,-20.01,-0.86,6.47
2369.36,-15.97,5.3,-0.55
2369.4,-11.65,-7.96,-11.85
2369.44,-3.61,-4.71,-5.65
2369.49,-0.71,-3.26,-6.59
2369.53,-2.31,0.24,-4.86
2369.57,-10.63,-3.45,3.84
2369.61,-20.01,5.84,12.36
2369.65,-17.34,2.79,7.92
2369.69,-16.2,5.92,4.86
2369.74,-8.2,1.22,2.47
2369.78,-1.69,1.37,2.47
2369.82,2.79,-4.31,3.02
2369.86,8.36,-3.18,-5.45
2369.91,-0.04,-7.81,-0.43
2369.95,0.9,2.9,-10.98
2369.99,-20.01,12.98,18.95
2370.03,-12.28,3.96,8.98
2370.07,-17.3,4.16,5.92
2370.11,-20.01,-0.82,10.28
2370.16,-19.93,1.02,11.22
2370.2,-19.53,-2.39,-6.24
2370.24,-2.63,-5.02,-6.39
2370.28,-4.9,-3.41,-4.59
2370.32,-2.86,-0.59,-6.16
2370.37,-7.1,-1.53,-3.65
2370.41,-20.01,2.59,6.04
2370.45,-20.01,15.06,18.83
2370.49,-13.81,-1.02,-6.35
2370.53,-13.69,4.16,4.16
2370.58,-2.31,1.45,4.94
2370.62,4.35,-2.2,3.69
2370.66,8.36,-6.08,-5.61
2370.7,-2.28,-15.77,-4.31
2370.74,-2.79,9.45,-6.71
2370.79,-10.94,2.94,15.57
2370.83,-20.01,17.61,17.46
2370.87,-12.04,0.78,6.86
2370.91,-20.01,-1.61,8.51
2370.95,-20.01,3.45,5.37
2371,-17.1,0.98,-13.57
2371.04,-3.45,-5.84,-4.79
2371.08,-3.96,-2.67,-4.51
2371.12,-0.16,0.12,-6.2
2371.16,-8.24,-5.18,1.33
2371.21,-20.01,3.84,0.16
2371.25,-20.01,13.38,20.01
2371.29,-13.96,3.96,4.35
2371.33,-11.65,3.53,3.14
2371.37,-3.57,1.37,3.49
2371.42,1.22,0.27,1.69
2371.46,4.39,-4.75,0.24
2371.5,8.98,1.22,-4.75
2371.54,-2.12,-5.06,-1.88
2371.58,-8,9.77,3.8
2371.63,-20.01,13.42,16.04
2371.67,-11.89,1.41,7.65
2371.71,-20.01,-0.43,10.08
2371.75,-20.01,2.43,7.53
2371.79,-16.51,6.51,-15.53
2371.83,-4.75,-5.69,-0.43
2371.88,-2.43,-4.59,-4.98
2371.92,1.06,-0.59,-5.84
2371.96,-2.98,-3.37,-4.67
2372,-15.34,-0.82,1.57
2372.04,-20.01,15.57,20.01
2372.09,-13.49,5.1,8.71
2372.13,-11.45,5.69,5.96
2372.17,-3.65,2.82,2.86
2372.21,1.92,1.8,1.1
2372.25,4.98,-6.2,-3.88
2372.3,5.26,-4.12,-2.67
2372.34,0.47,2.63,-6.98
2372.38,-15.3,9.3,14.55
2372.42,-20.01,7.14,16.4
2372.47,-11.69,0.08,6.79
2372.51,-20.01,0.59,9.77
2372.55,-17.46,1.02,5.65
2372.59,-16.51,6.79,-13.69
2372.63,-3.02,-5.81,-2.55
2372.68,-2.2,-3.92,-4.16
2372.72,-1.69,-1.96,-6.9
2372.76,-10,-2.94,-2.55
2372.8,-18.87,2.08,5.02
2372.84,-20.01,10.75,19.89
2372.89,-16.36,5.61,0.71
2372.93,-11.02,2.82,3.22
2372.97,-3.49,1.57,3.14
2373.01,3.22,-2.16,2.63
2373.05,8.63,-5.84,-6.24
2373.09,3.69,-9.02,-0.75
2373.14,-5.02,-4.82,4.24
2373.18,-19.85,9.73,18.2
2373.22,-15.81,9.57,10.12
2373.26,-16.83,-1.1,7.06
2373.3,-20.01,1.57,8.98
2373.35,-17.53,0.86,-0.16
2373.39,-15.49,6.04,-15.02
2373.43,-1.96,-7.69,-3.49
2373.47,-1.22,-12.12,-7.34
2373.51,-2.2,1.49,-6.39
2373.56,-12.63,-3.22,5.26
2373.6,-20.01,7.34,18.59
2373.64,-17.14,3.22,12.24
2373.68,-14.67,6.04,3.53
2373.73,-7.26,3.22,2.59
2373.77,-0.24,3.18,3.45
2373.81,3.8,-0.98,1.26
2373.85,10.67,-7.06,-4.75
2373.89,-3.65,-8.36,1.18
2373.94,-4.75,1.22,1.65
2373.98,-20.01,12.28,18.59
2374.02,-14.71,9.57,6.94
2374.06,-20.01,0.9,7.69
2374.1,-20.01,2.82,9.65
2374.15,-12.24,-0.04,-3.14
2374.19,-6.79,-3.57,-0.55
2374.23,-1.84,-5.96,-7.14
2374.27,-3.14,-7.85,-7.61
2374.31,-2.47,-0.27,-6.98
2374.35,-15.93,-1.49,6.28
2374.4,-20.01,13.3,20.01
2374.44,-15.77,3.41,10.16
2374.48,-12.87,6.59,4.79
2374.52,-4.55,2.43,3.49
2374.56,2.12,1.49,2.82
2374.61,4.43,-3.45,0.39
2374.65,8.04,-4.82,-5.14
2374.69,-2.55,5.49,-6.98
2374.73,-5.69,1.65,8.67
2374.77,-20.01,9.53,20.01
2374.82,-11.18,0.27,7.69
2374.86,-20.01,-0.71,11.14
2374.9,-20.01,2.63,9.57
2374.94,-19.69,5.61,-13.65
2374.98,-4.43,-6.9,-5.26
2375.03,-3.3,-5.65,-3.77
2375.07,0.31,-5.81,-7.92
2375.11,-5.3,-1.61,-3.41
2375.15,-15.14,-1.14,4.24
2375.19,-20.01,13.14,20.01
2375.24,-16.32,5.14,7.73
2375.28,-13.49,5.45,5.92
2375.32,-5.65,1.57,2.9
2375.36,1.53,1.18,1.14
2375.4,2.86,-3.53,0.55
2375.45,8.2,-4.35,-5.53
2375.49,-3.53,-7.14,0.35
2375.53,3.96,8.47,-8.59
2375.57,-20.01,17.26,20.01
2375.61,-11.18,2.35,7.1
2375.66,-19.61,1.65,8.16
2375.7,-19.77,0.27,9.49
2375.74,-16.12,1.26,6.04
2375.78,-19.3,6.43,-9.1
2375.82,-3.49,-7.14,-1.88
2375.86,-3.96,-11.02,-6.35
2375.91,-4.94,3.02,-7.41
2375.95,-13.1,-0.04,-3.02
2375.99,-20.01,2.9,11.57
2376.03,-15.42,12.51,13.49
2376.07,-12.98,3.96,3.96
2376.12,-10.47,1.57,2.12
2376.16,-2.51,0.43,3.77
2376.2,2.28,-7.88,4.55
2376.24,8.43,-1.26,-8.55
2376.28,-1.61,-9.77,-0.59
2376.33,-9.57,3.92,8.51
2376.37,-13.45,6.86,11.81
2376.41,-13.53,19.85,10.98
2376.45,-15.06,-0.2,9.61
2376.5,-20.01,1.61,4.59
2376.54,-19.53,2.86,-5.06
2376.58,-7.02,-5.02,-0.59
2376.62,-3.57,-5.14,-6.9
2376.66,-5.92,-6.32,-5.57
2376.71,-3.18,-0.86,-4.86
2376.75,-11.38,-3.1,3.57
2376.79,-20.01,10.79,20.01
2376.83,-14.2,8.16,8.79
2376.87,-14,4.35,4.98
2376.92,-6.83,0.67,0.55
2376.96,0.94,0.12,3.96
2377,1.88,-5.84,1.41
2377.04,10.47,-0.12,-6.39
2377.08,-4.51,-7.69,-3.1
2377.13,-10.9,2,10.12
2377.17,-20.01,11.77,10.43
2377.21,-13.34,15.61,5.61
2377.25,-18.99,-0.31,9.14
2377.29,-20.01,2.63,6.94
2377.33,-18.04,6.32,-4.43
2377.38,-4.51,-4.86,-1.33
2377.42,-2.16,-4.9,-4.31
2377.46,-2.71,-7.69,-10.67
2377.5,-2.63,-0.08,-7.88
2377.54,-15.77,-1.02,4.12
2377.59,-20.01,20.01,20.01
2377.63,-11.18,2.79,7.18
2377.67,-12,5.37,6.51
2377.71,-6.71,0.35,1.88
2377.75,1.37,0.27,2.12
2377.8,4.79,-3.06,-3.02
2377.84,-0.63,-7.85,-2.94
2377.88,-0.98,5.3,-7.02
2377.92,-11.45,6.35,8.08
2377.96,-20.01,9.73,16.36
2378.01,-7.92,6.71,6.9
2378.05,-16.79,2.82,10.36
2378.09,-20.01,-0.55,7.61
2378.13,-20.01,13.65,-11.02
2378.17,-5.18,-7.69,-2.59
2378.22,-1.88,-7.45,-5.1
2378.26,-3.06,-9.38,-6.39
2378.3,-5.33,1.8,-6.55
2378.34,-11.45,-2.35,4.43
2378.38,-20.01,12.75,20.01
2378.43,-15.81,7.61,10.55
2378.47,-15.61,5.69,5.49
2378.51,-8.28,1.73,3.1
2378.55,0.04,1.1,2.55
2378.59,3.41,-6.12,3.77
2378.64,11.34,-1.14,-6.12
2378.68,-1.45,-10.71,-0.04
2378.72,-6.55,-2.67,-0.31
2378.76,-20.01,15.77,20.01
2378.8,-9.57,4.98,6.63
2378.85,-13.06,0.9,8.79
2378.89,-20.01,2.16,10.75
2378.93,-15.69,4.75,4.43
2378.97,-15.3,-6.16,-5.06
2379.01,-4.59,-6,-7.3
2379.06,-5.96,-7.22,-5.45
2379.1,-2.71,0.75,-5.57
2379.14,-12.43,-3.92,3.06
2379.18,-20.01,11.41,18.48
2379.22,-19.22,9.81,13.26
2379.27,-10.9,4,6.04
2379.31,-9.65,3.06,4.04
2379.35,-2.35,0.08,2.55
2379.39,3.45,-0.86,-0.04
2379.43,6.94,-5.22,-4.43
2379.48,3.65,-0.78,-0.12
2379.52,-5.26,4.82,3.65
2379.56,-13.77,10.98,16.2
2379.6,-19.46,19.93,6.94
2379.64,-19.77,3.41,9.49
2379.69,-20.01,1.77,9.14
2379.73,-19.34,-0.86,2.51
2379.77,-19.97,3.49,-15.26
2379.81,-0.39,-5.61,-1.26
2379.85,-1.57,-14.55,-3.37
2379.9,-0.67,0.24,-6.47
2379.94,-10.12,-3.14,-0.2
2379.98,-20.01,-0.27,4.86
2380.02,-20.01,20.01,20.01
2380.06,-13.61,4.39,2.59
2380.11,-11.92,4.08,4.98
2380.15,-3.37,0.27,1.45
2380.19,2.71,-1.26,2.43
2380.23,4.94,-2.2,-4.24
2380.27,7.22,-1.26,-2.31
2380.32,-1.14,-3.3,-4.47
2380.36,-8.59,2.94,6.59
2380.4,-20.01,17.65,20.01
2380.44,-10.55,0.78,7.22
2380.48,-20.01,-3.37,11.81
2380.53,-20.01,2.79,8.83
2380.57,-16.71,-3.18,-11.57
2380.61,-0.27,-5.1,-5.45
2380.65,-3.41,-3.69,-5.1
2380.69,0.43,-0.78,-5.26
2380.74,-5.41,-3.3,-4.63
2380.78,-16.51,0.75,4
2380.82,-20.01,20.01,20.01
2380.86,-9.69,5.49,2.28
2380.9,-11.18,4.31,4
2380.95,-4.47,-0.27,0.98
2380.99,2.71,-9.69,10.16
2381.03,12.59,-0.55,-12.63
2381.07,16.28,-9.69,0.71
2381.11,0.75,0.04,-11.38
2381.16,-2.86,4.59,1.77
2381.2,-20.01,18.87,18.12
2381.24,-11.69,0.47,6.28
2381.28,-20.01,-2.75,8.75
2381.32,-18.51,-1.8,9.85
2381.37,-7.49,6.24,-14.28
2381.41,-2.2,-4.51,-5.49
2381.45,-6.32,-4.04,-4.2
2381.49,-1.1,-0.08,-5.65
2381.53,-6.2,-2.28,-3.61
2381.58,-20.01,1.53,3.33
2381.62,-20.01,9.49,20.01
2381.66,-9.06,3.06,5.45
2381.7,-9.85,2.98,3.18
2381.74,-2.63,0.98,2.31
2381.79,3.18,-2.67,3.3
2381.83,9.89,-2.79,-8.39
2381.87,0.39,-8.47,-4.59
2381.91,6.04,10.9,-16.99
2381.95,-10.36,4.08,17.02
2382,-19.57,13.02,18.04
2382.04,-16.79,-0.75,8.98
2382.08,-20.01,-1.49,9.65
2382.12,-19.3,6.32,1.73
2382.16,-15.73,2.51,-17.65
2382.21,-3.33,-5.92,-7.69
2382.25,-4.94,-3.06,-2.12
2382.29,-4.12,0.98,-4.12
2382.33,-9.18,-2.55,-3.92
2382.37,-20.01,5.49,12.47
2382.42,-20.01,8.43,20.01
2382.46,-9.65,4.55,5.77
2382.5,-8.59,2.35,2.67
2382.54,-1.84,1.57,1.18
2382.58,2.63,-1.02,1.84
2382.63,7.3,-3.49,-5.02
2382.67,3.65,-16.95,-0.08
2382.71,5.57,8.94,-9.89
2382.75,-13.53,-0.04,16.12
2382.79,-15.93,7.34,11.73
2382.84,-19.5,-0.59,7.77
2382.88,-20.01,1.57,9.61
2382.92,-15.18,2.39,-2.63
2382.96,-8,-7.18,1.06
2383,-2.59,-3.02,-4.75
2383.05,-6.2,-7.41,-5.22
2383.09,0.35,-0.55,-6.94
2383.13,-14.95,-4.75,5.02
2383.17,-20.01,-1.61,19.38
2383.21,-20.01,8.75,17.34
2383.26,-7.1,4.08,4.31
2383.3,-8,1.37,1.49
2383.34,-2.75,2.75,0.86
2383.38,0.51,-1.92,2.82
2383.42,11.85,-5.18,-5.06
2383.47,-2.86,-4.67,-0.12
2383.51,-20.01,13.14,10.98
2383.55,-20.01,18.51,-0.63
2383.59,-12.91,8.87,9.26
2383.63,-18.04,-0.71,8.75
2383.68,-20.01,0.94,7.49
2383.72,-19.06,6.04,-6.47
2383.76,-7.34,-4.39,-4.59
2383.8,-2.55,-5.77,-4.94
2383.84,-3.96,-7.06,-8.16
2383.89,-3.57,-1.88,-5.26
2383.93,-13.42,-2.43,4.16
2383.97,-20.01,12.75,20.01
2384.01,-11.73,3.02,11.77
2384.05,-9.85,4.39,6.51
2384.1,-5.1,-0.59,2
2384.14,0.16,0,0.9
2384.18,4.55,-2.12,-4.47
2384.22,8.9,2.04,-3.69
2384.26,0.55,-7.65,1.1
2384.3,-7.73,-0.94,8.47
2384.35,-20.01,13.1,20.01
2384.39,-12.63,3.14,5.33
2384.43,-20.01,0.12,8.12
2384.47,-19.57,-1.02,10.08
2384.51,-20.01,16.36,-17.65
2384.56,-3.65,-6.12,-4.04
2384.6,-2.28,-5.61,-4.94
2384.64,-3.06,-3.1,-8.94
2384.68,-1.96,-2.2,-4.51
2384.73,-17.02,-3.14,7.65
2384.77,-20.01,20.01,20.01
2384.81,-12.87,2.31,3.57
2384.85,-13.38,3.77,4.43
2384.89,-5.37,0.59,2.47
2384.94,3.26,-0.67,4.16
2384.98,11.45,-3.92,-10.59
2385.02,5.33,-4.51,-6.08
2385.06,1.14,1.45,-7.06
2385.1,-8.12,-0.31,-1.69
2385.15,-18.71,-13.3,18.04
2385.19,-14.63,2.94,10.12
2385.23,-20.01,-3.37,8.9
2385.27,-16.75,-3.41,8.36
2385.31,-16.87,7.61,-15.81
2385.36,-2.43,-5.18,-7.3
2385.4,-4.28,-4.47,-4.71
2385.44,-1.88,-1.22,-6.59
2385.48,-5.49,-2.82,-5.69
2385.52,-20.01,-0.12,7.69
2385.56,-20.01,16.63,20.01
2385.61,-12.55,3.1,6.12
2385.65,-10.04,3.92,5.69
2385.69,-3.26,-0.86,1.22
2385.73,2.79,0.04,1.92
2385.77,3.96,-2.98,-4.67
2385.82,12.16,4.98,-6.24
2385.86,-0.04,-10.16,4.55
2385.9,-12.24,-0.71,8.2
2385.94,-20.01,13.53,11.85
2385.98,-10.87,0.9,8.36
2386.03,-20.01,-0.08,9.65
2386.07,-20.01,2.67,9.81
2386.11,-14,4.43,-5.49
2386.15,-5.61,-5.41,-2.98
2386.19,-5.61,-6.47,-8.32
2386.24,-2.35,-5.57,-7.69
2386.28,-4,-1.61,-6.28
2386.32,-11.06,-4.82,10.47
2386.36,-20.01,16.32,20.01
2386.4,-15.26,3.45,8.94
2386.45,-8.75,5.41,4.12
2386.49,-4.86,-0.71,1.14
2386.53,2.35,-4.35,6.79
2386.57,9.14,-3.14,-7.77
2386.61,1.37,-2.71,-5.73
2386.66,1.65,-9.45,0.35
2386.7,-18.28,0.51,13.65
2386.74,-20.01,15.1,-0.82
2386.78,-10.67,2.08,7.57
2386.82,-20.01,-2.47,8.83
2386.87,-20.01,1.14,12.04
2386.91,-19.89,6.43,-13.73
2386.95,-3.8,-5.45,-3.33
2386.99,-2.35,-3.49,-8.24
2387.03,-1.26,-2.82,-8.32
2387.08,-5.96,0.47,-5.81
2387.12,-12.12,-0.82,3.18
2387.16,-20.01,16.59,20.01
2387.2,-13.42,0.31,8.32
2387.24,-7.88,3.69,5.41
2387.29,-5.33,0.35,1.69
2387.33,0.2,1.06,2.16
2387.37,5.81,-4.24,-5.69
2387.41,13.18,3.73,-17.61
2387.45,-12.12,15.18,-3.33
2387.5,11.14,-11.69,18.91
2387.54,-14.59,15.89,2.16
2387.58,-15.14,3.88,10.94
2387.62,-19.89,-1.73,8.39
2387.66,-20.01,1.02,8.59
2387.71,-5.92,15.3,-19.73
2387.75,-5.22,-6,-1.8
2387.79,-0.47,-5.92,-6.9
2387.83,-2.9,-0.82,-8.55
2387.87,-4.59,-1.88,-4.86
2387.92,-14.36,-1.84,6.39
2387.96,-20.01,20.01,20.01
2388,-10.67,1.84,1.73
2388.04,-12.87,2.94,4.31
2388.08,-6.71,1.29,1.61
2388.13,2.98,1.14,2.94
2388.17,7.37,-4.08,-3.57
2388.21,8.12,0.12,-15.69
2388.25,-2.63,-4.82,0.67
2388.29,-15.81,-12.04,20.01
2388.33,-20.01,13.53,7.06
2388.38,-13.89,1.77,9.22
2388.42,-20.01,-3.3,9.49
2388.46,-20.01,2.31,3.33
2388.5,-14.32,4,-8.16
2388.54,-2.08,-2.75,-4.24
2388.59,-6,-8.28,-7.45
2388.63,-2.9,1.14,-6.32
2388.67,-9.65,-3.61,-2.98
2388.71,-20.01,-0.31,4.28
2388.75,-20.01,10.75,20.01
2388.8,-10.28,4.98,7.85
2388.84,-10.43,4.79,5.45
2388.88,-2.35,0.35,1.73
2388.92,1.53,-0.9,1.26
2388.96,4.94,-2.59,-5.22
2389.01,7.37,-6.28,-4.98
2389.05,1.88,4.94,-7.69
2389.09,-11.92,1.88,10.28
2389.13,-20.01,10.32,20.01
2389.17,-13.81,2.43,7.65
2389.22,-20.01,-3.65,10.67
2389.26,-20.01,-0.78,13.65
2389.3,-20.01,10.51,-13.81
2389.34,-0.47,-5.33,-7.41
2389.38,-4.75,-3.49,-4.86
2389.43,-2.55,-1.41,-4.35
2389.47,-1.88,-3.26,-2.67
2389.51,-15.22,-1.57,2.39
2389.55,-20.01,18.04,20.01
2389.59,-14.67,2.39,8.43
2389.64,-12.59,5.1,5.1
2389.68,-4.24,0.94,2.08
2389.72,1.02,0.9,1.8
2389.76,2.39,-2.31,-0.59
2389.8,9.45,-3.06,-3.06
2389.84,-0.9,-3.06,-3.45
2389.89,-2.71,-0.04,2.63
2389.93,-20.01,12.79,20.01
2389.97,-9.57,0.82,5.53
2390.01,-20.01,-4.71,8.36
2390.05,-18.28,0.16,9.89
2390.1,-20.01,14.83,-15.57
2390.14,-4,-7.65,-5.3
2390.18,-2.04,-4.82,-5.92
2390.22,-3.84,-5.57,-4.04
2390.26,-1.41,-1.26,-4.28
2390.31,-13.49,-2.94,3.41
2390.35,-20.01,9.49,20.01
2390.39,-12.24,6.71,7.92
2390.43,-14.4,7.18,5.69
2390.48,-6.94,2.75,2.86
2390.52,-0.24,1.73,1.26
2390.56,3.73,-5.45,1.73
2390.6,10.63,-3.8,-7.22
2390.64,-2.31,-9.65,0.86
2390.69,0.63,-6.67,7.26
2390.73,-20.01,15.73,20.01
2390.77,-11.49,8.59,8.47
2390.81,-19.97,0.16,9.38
2390.85,-20.01,1.73,11.3
2390.9,-17.42,4.12,-6.55
2390.94,-7.65,-6.55,-2.16
2390.98,-1.41,-5.22,-4.79
2391.02,-3.06,-2.71,-1.88
2391.06,1.06,-4.2,-5.81
2391.1,-2.98,-5.92,-4.31
2391.15,-20.01,2.75,4.75
2391.19,-20.01,8.75,20.01
2391.23,-15.85,9.14,11.34
2391.27,-13.26,6.83,6.16
2391.31,-2.47,1.73,1.61
2391.36,3.14,1.02,0.86
2391.4,3.96,-3.92,0
2391.44,12.51,-0.67,-7.37
2391.48,-3.26,-8.16,0.16
2391.52,0.43,0.12,-2.35
2391.57,-20.01,-8.32,20.01
2391.61,-9.1,5.18,9.53
2391.65,-14,-0.16,11.02
2391.69,-17.14,-0.86,8.55
2391.74,-20.01,5.26,8.51
2391.78,-11.06,-4.28,-5.49
2391.82,-1.57,-4.94,-3.41
2391.86,-2.75,-5.33,-5.45
2391.9,-4.39,-0.12,-8.39
2391.95,-5.61,-5.49,-4.86
2391.99,-20.01,-7.34,4.51
2392.03,-20.01,13.3,20.01
2392.07,-16.16,2.63,-3.02
2392.11,-12.24,5.37,9.57
2392.16,-2.31,0.43,4.71
2392.2,3.65,-1.65,2.55
2392.24,12.71,-4.86,-1.06
2392.28,13.1,-3.26,-2.51
2392.32,0.04,-0.94,-6.08
2392.36,-20.01,7.02,17.5
2392.41,-20.01,5.69,15.06
2392.45,-20.01,1.1,6.94
2392.49,-20.01,-0.59,8.28
2392.53,-10.9,0.82,0.63
2392.57,-10.59,0.08,-3.92
2392.62,-0.86,-5.02,-2.39
2392.66,-4.28,-9.92,-4.04
2392.7,-2.59,-1.45,-6.2
2392.74,-13.65,-4.59,-2.59
2392.78,-20.01,-0.31,5.49
2392.83,-20.01,7.96,17.53
2392.87,-7.81,4.67,4
2392.91,-6.9,5.41,2.31
2392.95,0.16,3.18,3.3
2392.99,5.96,-4.2,2.16
2393.04,9.34,-1.18,-19.06
2393.08,4.28,0,-4.9
2393.12,-17.57,-7.41,7.53
2393.16,-20.01,19.38,19.77
2393.2,-13.93,10.04,11.53
2393.25,-18.95,-1.02,7.96
2393.29,-18.87,-4.24,11.85
2393.33,-20.01,17.85,-7.92
2393.37,-6.55,-5.92,-6.59
2393.41,-6.04,-5.61,-5.33
2393.46,-2.71,-1.61,-7.92
2393.5,-1.06,0.39,-4.63
2393.54,-12.43,-1.45,6.43
2393.58,-20.01,20.01,20.01
2393.62,-11.38,-1.1,0.43
2393.67,-14.44,1.69,3.96
2393.71,-4.98,-1.37,3.84
2393.75,2.51,-5.14,6.12
2393.79,11.81,1.53,-7.65
2393.83,15.97,-3.53,-2.28
2393.88,5.49,-2.86,-0.9
2393.92,-19.1,3.92,19.1
2393.96,-0.47,17.5,2.28
2394,-18.79,10.2,10.04
2394.04,-20.01,-3.22,8.87
2394.09,-19.1,2.86,5.69
2394.13,-16.04,3.26,-7.85
2394.17,-1.29,-3.65,-4.08
2394.21,-6.2,-8.28,-3.18
2394.25,-0.86,-1.02,-6.75
2394.3,-1.41,-2.67,-7.69
2394.34,-17.85,-2.63,2.86
2394.38,-20.01,17.46,20.01
2394.42,-14.16,4.08,13.42
2394.46,-10.67,5.96,4.75
2394.51,-4.08,1.45,2.59
2394.55,2.82,-1.84,4.55
2394.59,6.47,-3.1,-5.22
2394.63,8,-1.29,-8.59
2394.68,-2.16,-7.34,4.94
2394.72,-11.89,-3.45,4.98
2394.76,-20.01,8.75,10.16
2394.8,-10.12,0.94,8.67
2394.84,-20.01,-4.55,11.34
2394.89,-20.01,0.43,11.61
2394.93,-18.83,10.12,-12.91
2394.97,-3.88,-6.08,-3.57
2395.01,-1.84,-4.16,-4.75
2395.05,-3.22,-3.8,-4.16
2395.09,0.47,-2.51,-7.02
2395.14,-12.55,-3.84,2.82
2395.18,-20.01,6.12,19.5
2395.22,-20.01,1.41,13.34
2395.26,-11.65,6.16,5.37
2395.3,-7.06,2.86,2.16
2395.35,0.63,2.24,4.28
2395.39,5.61,-6.08,-0.04
2395.43,8.67,-2.12,-11.57
2395.47,-0.59,-3.18,2.82
2395.51,-1.41,-10,-5.06
2395.56,-17.97,19.73,8.08
2395.6,-13.49,8.87,12.98
2395.64,-17.97,-1.06,7.45
2395.68,-20.01,2,7.45
2395.73,-17.81,3.69,2.55
2395.77,-7.06,-7.22,-3.8
2395.81,-1.53,-2,-3.61
2395.85,-5.14,-8,-5.96
2395.89,-3.57,1.77,-5.88
2395.94,-12.83,-5.22,1.18
2395.98,-20.01,9.73,20.01
2396.02,-19.46,1.88,14.67
2396.06,-10.51,5.18,5.37
2396.1,-8.32,1.8,2.71
2396.15,0.63,0.12,2.55
2396.19,3.96,-2.43,-1.69
2396.23,13.65,-0.43,-10
2396.27,-1.65,-4.08,2.9
2396.31,-1.77,3.26,-19.02
2396.35,-20.01,-19.93,20.01
2396.4,-15.1,5.53,13.49
2396.44,-20.01,-0.67,7.85
2396.48,-20.01,1.77,6.39
2396.52,-14.4,3.88,-0.31
2396.56,-5.61,-0.43,-1.73
2396.6,-4.28,-3.49,-6.28
2396.65,-5.81,-6.39,-9.45
2396.69,-4.35,2.51,-11.61
2396.73,-14.67,-2.35,2.86
2396.77,-20.01,-5.06,15.42
2396.81,-12.43,4.82,10.71
2396.86,-11.85,5.81,4.04
2396.9,-4.94,1.61,3.3
2396.94,2.35,-0.55,1.57
2396.98,5.53,-3.84,-5.49
2397.02,10.08,-2.51,-9.89
2397.07,0.94,-1.29,-5.18
2397.11,-3.3,-9.65,-3.61
2397.15,-19.69,16.95,-10.12
2397.19,-10.67,0.82,7.41
2397.24,-20.01,-1.69,9.26
2397.28,-20.01,4.98,7.69
2397.32,-13.26,7.77,-6.47
2397.36,-2.39,-3.18,-4.9
2397.4,-4.86,-4,-7.77
2397.45,-6.55,-3.84,-4.31
2397.49,-4.39,-1.18,-3.77
2397.53,-16.79,-2.51,3.14
2397.57,-20.01,16.36,20.01
2397.61,-11.49,4.67,6.04
2397.65,-11.61,4.55,2.59
2397.7,-4.63,0.86,1.06
2397.74,2.31,-6.59,8.12
2397.78,7.65,-4.16,-7.92
2397.82,7.53,-1.88,-7.34
2397.86,0.98,-5.06,-0.04
2397.91,-6.12,-5.02,10
2397.95,-14.59,10.51,11.34
2397.99,-14.51,3.1,7.92
2398.03,-20.01,0.78,9.85
2398.07,-17.69,-1.57,7.65
2398.12,-18.01,10.32,-2.24
2398.16,-6.35,-5.22,-3.57
2398.2,-3.22,-5.26,-6.71
2398.24,-5.49,-4.51,-7.73
2398.28,-4.31,0.55,-6.32
2398.33,-12,-4.86,5.49
2398.37,-20.01,0.75,18.44
2398.41,-11.49,5.06,9.22
2398.45,-14.83,5.69,5.57
2398.5,-7.22,2.04,1.41
2398.54,1.45,1.22,2.79
2398.58,5.73,-4.51,-3.92
2398.62,9.1,-2.82,-4.43
2398.66,5.57,-4.98,-8
2398.7,16.12,3.53,0.24
2398.75,-20.01,11.1,11.57
2398.79,-16.08,3.1,14.51
2398.83,-17.85,1.49,7.88
2398.87,-20.01,-3.26,9.06
2398.91,-16.67,2.12,3.18
2398.95,-10.98,-4.24,-5.61
2399,-0.75,-3.84,-4.67
2399.04,-6.63,-3.73,-3.88
2399.08,-0.75,-0.78,-5.57
2399.12,-3.57,-3.92,-4.63
2399.17,-13.34,0.12,1.73
2399.21,-20.01,9.53,20.01
2399.25,-12.79,4.47,9.06
2399.29,-9.06,4.12,2.75
2399.33,-3.14,0.78,2.67
2399.38,3.1,-2.16,2.55
2399.42,9.57,-1.73,-7.45
2399.46,7.81,-1.33,-11.26
2399.5,-4.28,-0.71,-2.98
2399.54,7.49,4.12,10.4
2399.58,-20.01,0.12,7.92
2399.63,-14.2,1.18,7.37
2399.67,-20.01,-3.61,11.14
2399.71,-17.18,6.16,3.92
2399.75,-14.47,4.28,-5.3
2399.79,-1.33,-3.26,-2.24
2399.84,-2.59,-3.8,-6.98
2399.88,-4.71,-6.83,-8.59
2399.92,-3.33,0.9,-6.12
2399.96,-13.93,-6.71,3.53
2400,-20.01,18.67,20.01
2400.05,-14,-0.2,7.41
2400.09,-9.53,4,5.33
2400.13,-3.33,3.26,4.43
2400.17,2.71,-0.63,2.2
2400.22,5.33,-2.71,-6.71
2400.26,3.33,-10.47,-3.1
2400.3,-3.18,-5.33,2.28
2400.34,-18.91,0.35,-1.49
2400.38,-20.01,7.85,20.01
2400.43,-11.69,1.26,9.34
2400.47,-20.01,0.86,8.39
2400.51,-20.01,-0.78,7.85
2400.55,-16.75,8.36,-7.37
2400.59,-5.65,-4.12,-4.28
2400.64,-2.35,-4.67,-5.77
2400.68,-3.33,-0.16,-3.53
2400.72,-2.2,-0.35,-6.47
2400.76,-13.18,-6.79,4.71
2400.8,-20.01,6.83,16.51
2400.84,-15.06,0.94,8.43
2400.89,-14.55,5.69,6.32
2400.93,-9.06,3.92,4.71
2400.97,-0.55,2.43,4.04
2401.01,4.47,-2.47,0.9
2401.05,14.79,-2.2,-8.47
2401.1,3.61,-8.59,-0.67
2401.14,0.59,0,-6.63
2401.18,-13.49,-0.98,-2.94
2401.22,-20.01,15.18,20.01
2401.26,-13.89,-0.31,7.34
2401.31,-19.46,-0.24,7.57
2401.35,-20.01,1.96,7.49
2401.39,-16.95,5.33,-8.9
2401.43,-3.49,-5.73,-2.24
2401.48,-3.33,-3.92,-7.22
2401.52,-1.77,-3.37,-8
2401.56,-1.14,0.04,-6.32
2401.6,-12.75,-2.16,2.47
2401.64,-20.01,12.4,20.01
2401.69,-16.32,1.65,10.75
2401.73,-14.95,7.3,5.02
2401.77,-5.57,2.51,3.61
2401.81,1.18,1.33,1.14
2401.85,3.26,-2.9,2.04
2401.89,10.51,-4.04,-4.82
2401.94,-2.67,-10.12,0.67
2401.98,2.9,0.67,-2.35
2402.02,-20.01,-15.3,20.01
2402.06,-9.22,7.88,8.75
2402.1,-19.3,-2.31,10.83
2402.15,-20.01,2.59,6.79
2402.19,-16.51,3.77,10
2402.23,-13.49,3.96,-3.22
2402.27,-4.63,-5.57,-5.88
2402.31,-5.41,-5.3,-6.16
2402.35,-0.47,-2.86,-6.71
2402.4,1.26,-0.82,-5.45
2402.44,-11.22,-2.43,2.47
2402.48,-20.01,6.43,20.01
2402.52,-13.93,3.22,9.22
2402.56,-15.38,8.47,7.92
2402.61,-7.49,3.14,5.02
2402.65,1.02,1.41,3.49
2402.69,5.81,-4.75,0.78
2402.73,12,-0.04,-10.59
2402.77,5.65,-3.18,1.37
2402.82,-1.1,-6.16,2.82
2402.86,-20.01,2,15.69
2402.9,-20.01,14.2,11.81
2402.94,-14.08,-1.26,8.32
2402.99,-20.01,0.24,10.98
2403.03,-17.38,1.37,7.06
2403.07,-15.34,6,-3.1
2403.11,-4.31,-4.28,-2
2403.15,-3.77,-8,-4.2
2403.2,-1.88,-2.9,-8.32
2403.24,-2.43,-0.55,-7.18
2403.28,-14.04,-4.28,5.53
2403.32,-20.01,2.55,20.01
2403.36,-15.89,6.24,10.67
2403.41,-13.02,4.82,4.08
2403.45,-3.65,3.22,7.69
2403.49,0.2,-8.47,7.18
2403.53,12.47,-4.67,-7.69
2403.57,18.01,3.02,-11.81
2403.61,3.18,-5.69,6.94
2403.66,-19.65,20.01,0.24
2403.7,-20.01,-6.51,18.12
2403.74,-16.79,5.73,16.36
2403.78,-20.01,3.26,9.53
2403.82,-20.01,-2.63,5.57
2403.87,-18.08,9.45,-0.63
2403.91,-6,-6.32,-3.49
2403.95,-1.84,-4.31,-6.12
2403.99,-5.57,-5.3,-4.98
2404.03,-2.67,-4.04,-7.69
2404.08,-18.71,-1.8,0.9
2404.12,-20.01,9.73,5.14
2404.16,-20.01,9.81,15.61
2404.2,-9.77,3.8,4.79
2404.25,-8.63,2.51,2.43
2404.29,-1.84,1.22,1.06
2404.33,2.79,-1.18,1.61
2404.37,11.3,-4.67,-5.81
2404.41,7.14,-5.61,1.18
2404.46,2.98,-15.46,11.06
2404.5,-17.1,-3.92,19.93
2404.54,-15.1,20.01,9.02
2404.58,-14.67,0.86,9.34
2404.62,-20.01,0.2,9.45
2404.67,-20.01,1.8,7.88
2404.71,-14.79,5.45,-9.57
2404.75,-7.81,-7.34,-0.82
2404.79,-3.26,-5.26,-5.57
2404.83,-0.59,-1.26,-6.94
2404.88,-1.8,0,-5.3
2404.92,-15.69,-2.47,3.37
2404.96,-20.01,20.01,20.01
2405,-14.79,2.12,12.67
2405.04,-12.32,5.18,5.41
2405.08,-4.86,1.92,3.65
2405.13,1.57,-0.59,4.51
2405.17,6.83,-0.98,-2.71
2405.21,9.81,0.47,-12.59
2405.25,-7.02,2.55,-4.31
2405.29,-1.49,3.57,-3.8
2405.34,-20.01,8.43,19.53
2405.38,-13.02,9.81,9.61
2405.42,-20.01,-1.06,11.38
2405.46,-20.01,-3.61,11.1
2405.5,-16.2,2.24,6.71
2405.55,-2.67,-9.61,-11.41
2405.59,-2,-3.92,-6.2
2405.63,-3.65,-6.35,-4.63
2405.67,-2.94,-0.9,-5.18
2405.72,-4.75,-3.65,-3.3
2405.76,-19.1,0.43,4.71
2405.8,-20.01,20.01,20.01
2405.84,-11.73,6.28,9.57
2405.88,-10.47,5.14,5.22
2405.93,-2.67,0.75,1.33
2405.97,1.26,-1.06,1.77
2406.01,8.9,-5.02,-6
2406.05,2.94,0.63,-8.87
2406.09,1.53,-0.71,-0.27
2406.14,-7.37,-4.86,20.01
2406.18,-20.01,20.01,13.18
2406.22,-15.02,2.9,8.94
2406.26,-20.01,-0.51,10.12
2406.3,-20.01,3.1,6.35
2406.34,-15.89,6.83,-4.24
2406.39,-4.55,-4.31,0.35
2406.43,-1.69,-5.22,-7.3
2406.47,-3.1,-3.69,-7.69
2406.51,-3.1,-1.53,-7.61
2406.55,-10.94,-5.84,-0.08
2406.6,-20.01,7.45,19.3
2406.64,-20.01,3.92,17.18
2406.68,-9.69,4.24,4.67
2406.72,-7.06,2.9,2.75
2406.76,-0.12,2.79,3.14
2406.81,2.28,-0.78,-0.47
2406.85,10.43,-5.02,-4.24
2406.89,0.63,-6.83,-6.28
2406.93,0.12,-4.12,2.24
2406.98,-5.06,-1.06,0.71
2407.02,-20.01,11.38,19.38
2407.06,-13.18,-0.78,7.65
2407.1,-19.81,3.18,8.04
2407.14,-15.49,1.65,9.77
2407.19,-20.01,7.37,-8.59
2407.23,-3.61,-5.92,-3.49
2407.27,-0.71,-5.02,-10.28
2407.31,-7.14,-5.53,-4.63
2407.35,-3.37,-0.75,-6.04
2407.4,-12.59,-5.22,3.77
2407.44,-20.01,6.86,20.01
2407.48,-15.46,0.27,9.41
2407.52,-8.2,-0.47,2.31
2407.56,-7.26,2.55,4.2
2407.6,-0.12,2.16,2.79
2407.65,4.51,-0.24,-3.14
2407.69,11.85,-4.86,-3.3
2407.73,0.47,-5.53,-0.16
2407.77,-4.98,-0.31,1.96
2407.81,-20.01,16.79,20.01
2407.86,-11.77,10.04,4.67
2407.9,-19.85,-2.24,7.57
2407.94,-20.01,2.55,9.81
2407.98,-15.57,4,-4.79
2408.02,-6.12,-5.18,-3.57
2408.07,-1.65,-4.12,-6
2408.11,-4.08,-2.47,-5.33
2408.15,-3.73,0.27,-6.55
2408.19,-15.53,-6.12,3.41
2408.24,-20.01,9.77,20.01
2408.28,-18.36,5.84,12.71
2408.32,-10.94,1.45,4.82
2408.36,-7.02,2.79,4.12
2408.4,0.9,1.53,2.24
2408.44,3.53,-0.94,-2.98
2408.49,10,-3.49,-5.45
2408.53,-0.82,-4.35,-2.55
2408.57,5.33,14.12,-19.22
2408.61,-20.01,-0.35,12.63
2408.65,-13.26,7.81,10.94
2408.7,-19.18,-1.77,7.06
2408.74,-20.01,0.94,9.26
2408.78,-19.46,10.79,1.49
2408.82,-9.57,-4.94,-3.33
2408.86,-2.35,-3.33,-7.02
2408.91,-6.35,-3.57,-5.96
2408.95,-4.47,0.12,-6.55
2408.99,-5.06,-2.86,-2.82
2409.03,-20.01,4.08,7.57
2409.07,-20.01,12.55,20.01
2409.12,-11.14,2.55,5.3
2409.16,-10.47,1.92,3.37
2409.2,-1.69,1.45,0.63
2409.24,2.31,-0.47,3.02
2409.28,8.83,-5.22,-5.06
2409.33,4.51,-10.47,4.82
2409.37,0,1.26,-5.26
2409.41,-8.32,-1.69,4.9
2409.45,-20.01,2.63,15.97
2409.49,-20.01,2.2,8.39
2409.54,-18.44,1.33,8.04
2409.58,-18.55,0.04,6.16
2409.62,-12.16,3.1,-6.94
2409.66,-1.57,-4,-5.57
2409.7,-5.45,-4.47,-5.65
2409.75,-4.2,-3.33,-7.1
2409.79,-6.35,-4.98,-5.45
2409.83,-19.73,1.88,5.81
2409.87,-20.01,19.14,20.01
2409.91,-12.98,5.69,7.3
2409.96,-10.83,3.69,4.9
2410,-5.22,0,0.78
2410.04,0.98,-0.55,2.04
2410.08,7.22,-4.67,-5.45
2410.12,5.96,-2.63,-6
2410.17,-0.67,-3.22,0.59
2410.21,-6.39,-4.67,18.12
2410.25,-20.01,11.49,19.57
2410.29,-13.22,5.22,4.31
2410.33,-19.5,0.08,7.41
2410.38,-17.89,2.55,10.32
2410.42,-17.85,5.88,-3.1
2410.46,-8.36,-7.37,-3.06
2410.5,0.08,-5.02,-8.98
2410.54,-5.77,-2.67,-5.14
2410.59,-5.1,-1.45,-7.22
2410.63,-7.69,-5.33,0.2
2410.67,-20.01,6.24,11.1
2410.71,-20.01,10.83,20.01
2410.75,-7.49,3.49,9.06
2410.8,-8.59,3.57,4.16
2410.84,-2.82,4.39,2.2
2410.88,0.35,1.88,0.2
2410.92,6.24,3.57,-8.98
2410.96,1.33,-6.12,-1.65
2411,4.04,5.02,-9.49
2411.05,-8.47,-2.63,7.26
2411.09,-20.01,6.55,12
2411.13,-18.79,-1.02,10.75
2411.17,-14.36,3.84,10.04
2411.22,-13.14,-2,7.61
