"NAME:","walk_3_1.csv"
"EXPERIMENT TIME:","23/05/2022 13:25"
"ACTIVITY TYPE:","Walking"
"COUNT OF ACTUAL STEPS","89"

"Time [sec]","ACC X","ACC Y","ACC Z"
"63.99","-5.73","8.32","-0.16"
"64.02","-5.77","8.28","-0.04"
"64.04","-5.81","8.20","0.08"
"64.062938","-5.69","8.16","0.20"
"64.10","-5.73","8.16","0.00"
"64.132941","-5.77","8.24","0.04"
"64.172943","-5.77","8.20","-0.08"
"64.22","-5.69","8.24","-0.04"
"64.24","-5.77","8.28","0.12"
"64.26","-5.73","8.39","-0.12"
"64.282948","-5.69","8.47","0.08"
"64.33","-5.61","8.28","-0.04"
"64.352951","-5.57","8.39","0.08"
"64.392953","-5.61","8.28","0.04"
"64.442955","-5.61","8.47","-0.12"
"64.48","-5.37","8.24","-0.24"
"64.50","-5.49","8.43","-0.27"
"64.53","-5.45","8.32","-0.20"
"64.552960","-5.53","8.39","-0.20"
"64.592962","-5.73","8.36","-0.43"
"64.642964","-5.49","8.39","-0.43"
"64.682966","-5.22","8.55","0.00"
"64.72","-5.06","8.67","-0.27"
"64.752969","-4.90","8.83","-0.31"
"64.79","-4.98","8.87","-0.43"
"64.81","-4.86","8.87","-0.39"
"64.842973","-4.59","8.98","-0.43"
"64.88","-4.24","9.26","-0.55"
"64.90","-4.31","9.14","-0.43"
"64.92","-4.59","9.14","-0.47"
"64.952978","-4.59","9.34","-0.35"
"64.99","-4.28","9.53","-0.47"
"65.012981","-4.67","9.02","-0.51"
"65.062983","-5.61","7.73","-0.43"
"65.10","-6.43","8.75","-0.63"
"65.12","-6.86","9.53","-0.24"
"65.15","-6.43","8.90","0.16"
"65.17","-6.35","8.16","0.55"
"65.192989","-7.02","7.73","0.78"
"65.312993","-5.53","7.53","0.94"
"65.37","-6.20","8.12","1.26"
"65.402997","-6.08","7.88","1.41"
"65.44","-6.28","7.69","1.84"
"65.46","-6.08","7.92","1.84"
"65.483001","-5.77","8.12","1.49"
"65.533003","-5.77","7.85","2.24"
"65.573005","-6.24","8.94","2.08"
"65.623007","-6.75","9.14","3.06"
"65.66","-6.28","9.49","3.84"
"65.68","-6.20","9.10","3.53"
"65.70","-7.92","9.92","1.84"
"65.733012","-9.18","10.94","-1.33"
"65.77","-5.45","6.98","-0.16"
"65.793015","-2.82","4.24","1.26"
"65.843017","-6.12","8.83","-1.65"
"65.883019","-6.04","8.87","-1.06"
"65.933021","-5.96","6.20","0.20"
"65.973023","-5.84","7.53","-0.16"
"66.04","-3.84","8.16","-0.55"
"66.063027","-4.39","8.28","-0.27"
"66.113029","-4.75","8.63","-0.39"
"66.153031","-5.14","8.63","-0.43"
"66.193033","-5.02","8.36","0.27"
"66.24","-4.12","8.55","0.35"
"66.263036","-4.86","9.06","-0.16"
"66.313038","-4.86","10.00","-1.10"
"66.35","-5.69","9.92","-0.35"
"66.37","-5.88","9.96","1.69"
"66.393042","-4.04","10.55","1.45"
"66.443044","-5.84","13.02","-3.06"
"66.483046","-5.96","8.43","-4.67"
"66.533048","-6.47","5.61","0.12"
"66.57","-4.43","10.04","-0.43"
"66.593051","-4.47","10.59","-1.26"
"66.64","-4.55","6.55","-0.55"
"66.663054","-5.02","6.35","-0.04"
"66.70","-5.88","6.90","0.16"
"66.733057","-5.77","6.90","0.35"
"66.773059","-6.12","7.34","0.55"
"66.82","-5.65","7.14","0.86"
"66.84","-6.04","7.34","0.86"
"66.86","-5.02","7.85","1.49"
"66.883064","-4.67","7.96","2.04"
"66.933066","-6.35","7.73","2.35"
"66.97","-5.88","8.39","1.10"
"66.993069","-6.94","9.45","0.94"
"67.043071","-5.37","10.40","3.61"
"67.083073","-9.06","12.16","-1.96"
"67.123075","-8.16","7.65","-2.43"
"67.17","-5.45","5.61","-1.29"
"67.193078","-7.49","8.47","-1.77"
"67.233080","-5.06","8.32","-0.59"
"67.28","-4.94","6.90","-0.04"
"67.30","-4.71","5.73","0.16"
"67.32","-5.18","7.57","-0.20"
"67.353085","-4.98","8.08","-0.86"
"67.393087","-4.47","7.96","-0.35"
"67.43","-4.63","8.00","-0.04"
"67.463090","-4.55","8.00","-0.08"
"67.503092","-4.67","8.36","-0.12"
"67.543094","-5.45","8.16","-0.27"
"67.593096","-5.02","9.45","0.47"
"67.63","-4.43","10.59","-0.63"
"67.65","-4.75","10.28","0.04"
"67.68","-5.14","10.28","0.51"
"67.703101","-5.57","9.73","1.10"
"67.74","-5.02","11.30","-1.22"
"67.77","-4.35","10.04","-3.69"
"67.79","-5.53","8.79","-3.73"
"67.813106","-7.88","7.73","-3.18"
"67.853108","-6.04","9.38","-0.39"
"67.90","-4.51","9.73","-1.10"
"67.92","-3.69","7.45","-0.27"
"67.94","-3.06","6.32","0.55"
"67.96","-3.37","6.90","0.35"
"67.993114","-4.71","6.94","0.82"
"68.03","-6.51","6.59","0.82"
"68.05","-6.55","6.86","0.75"
"68.08","-6.20","7.34","0.71"
"68.103119","-5.45","7.92","0.75"
"68.143121","-5.06","7.61","1.92"
"68.19","-4.39","7.88","2.16"
"68.21","-4.86","8.08","2.04"
"68.23","-5.73","7.92","1.96"
"68.25","-6.28","8.36","1.80"
"68.28","-6.47","9.14","1.22"
"68.303128","-6.94","9.10","1.02"
"68.473134","-4.90","7.69","-2.20"
"68.51","-5.45","8.59","-1.14"
"68.53","-5.41","8.32","-0.98"
"68.56","-5.84","7.65","-0.51"
"68.583139","-5.45","5.92","-0.04"
"68.623141","-5.92","7.88","-0.51"
"68.67","-4.47","8.08","-0.51"
"68.69","-4.12","8.08","-0.08"
"68.71","-4.12","8.20","-0.12"
"68.733146","-4.00","7.96","-0.16"
"68.783148","-4.55","8.20","-0.27"
"68.82","-4.59","8.32","-0.16"
"68.843151","-4.67","8.08","-0.08"
"68.893153","-5.77","9.73","-0.04"
"68.93","-5.10","9.57","-0.04"
"68.95","-4.71","10.16","-0.98"
"68.98","-5.10","10.12","-0.39"
"69.003158","-5.61","9.89","1.53"
"69.04","-4.24","12.98","-1.77"
"69.06","-5.06","11.96","-2.24"
"69.09","-4.43","9.96","-3.65"
"69.113163","-5.73","7.96","-3.22"
"69.153165","-6.35","7.26","-1.06"
"69.20","-5.73","10.32","-0.43"
"69.22","-4.90","9.96","-0.94"
"69.243169","-3.61","7.88","-0.71"
"69.283171","-4.39","7.45","0.35"
"69.333173","-5.92","6.94","0.71"
"69.37","-5.88","7.22","0.43"
"69.393176","-5.57","7.49","0.82"
"69.44","-5.41","7.73","1.06"
"69.46","-5.10","7.34","1.37"
"69.48","-5.10","7.57","1.53"
"69.513181","-5.14","8.00","1.73"
"69.553183","-6.28","8.16","1.06"
"69.593185","-6.32","8.75","0.78"
"69.64","-5.92","10.67","3.45"
"69.66","-5.37","11.38","2.63"
"69.68","-6.98","11.73","0.47"
"69.703190","-9.96","12.28","-1.06"
"69.75","-4.98","7.45","0.47"
"69.773193","-3.06","5.65","0.27"
"69.813195","-6.79","7.85","-2.00"
"69.88","-5.77","7.57","-0.16"
"69.90","-6.00","6.79","-0.31"
"69.933200","-5.77","6.94","0.04"
"69.97","-4.12","8.00","-0.24"
"69.99","-3.49","8.16","-0.39"
"70.01","-3.77","8.04","-0.47"
"70.043205","-4.04","8.43","-0.47"
"70.08","-4.47","8.47","-0.31"
"70.103208","-4.75","8.83","-0.39"
"70.153210","-4.71","8.20","-0.51"
"70.19","-4.90","8.28","0.27"
"70.21","-5.10","9.73","0.16"
"70.24","-4.55","9.81","0.00"
"70.263215","-4.16","9.53","-0.67"
"70.30","-5.53","9.73","-0.43"
"70.33","-5.84","9.53","1.10"
"70.35","-4.39","10.28","1.18"
"70.373220","-5.26","11.92","-1.65"
"70.42","-5.65","9.38","-4.90"
"70.44","-6.86","8.16","-4.24"
"70.46","-7.85","6.83","-1.18"
"70.48","-5.45","8.08","-0.75"
"70.50","-5.02","9.85","-0.51"
"70.53","-4.90","10.55","-0.51"
"70.55","-4.12","9.06","-0.51"
"70.573229","-3.84","6.43","0.35"
"70.623231","-5.26","7.49","-0.24"
"70.66","-5.84","7.45","0.78"
"70.68","-5.61","7.65","0.55"
"70.71","-5.33","7.69","0.35"
"70.733236","-5.37","7.65","0.47"
"70.77","-5.77","7.10","1.33"
"70.79","-5.65","6.67","0.98"
"70.82","-5.06","7.45","1.57"
"70.843241","-5.22","8.36","2.39"
"70.88","-6.86","7.30","2.04"
"70.913244","-6.79","8.00","1.84"
"70.953246","-5.77","9.02","1.73"
"70.99","-5.18","11.45","2.31"
"71.023249","-6.16","13.49","1.06"
"71.063251","-9.30","9.65","-2.31"
"71.10","-5.49","3.69","0.20"
"71.133254","-7.02","6.71","-0.75"
"71.17","-5.57","9.45","-1.37"
"71.19","-5.81","9.02","-0.90"
"71.213258","-5.65","7.81","-0.35"
"71.263260","-5.10","8.04","0.12"
"71.30","-4.00","8.36","-0.47"
"71.32","-3.96","8.04","0.08"
"71.35","-4.35","8.59","-0.16"
"71.37","-4.43","8.20","-0.27"
"71.39","-4.94","8.24","-0.16"
"71.413267","-5.02","8.32","-0.20"
"71.57","-5.10","9.45","-0.24"
"71.59","-5.30","9.81","-0.71"
"71.61","-5.49","9.57","-0.20"
"71.63","-5.53","9.10","1.02"
"71.653276","-5.61","9.53","1.14"
"71.70","-4.75","10.83","-1.80"
"71.723279","-4.86","9.30","-2.98"
"71.763281","-7.49","6.83","-2.08"
"71.813283","-5.96","8.75","0.00"
"71.853285","-4.71","9.81","-0.59"
"71.90","-4.31","6.79","0.47"
"71.92","-4.98","7.06","0.51"
"71.94","-5.77","7.49","0.94"
"71.96","-6.00","7.61","0.78"
"71.99","-5.92","7.34","0.71"
"72.01","-6.16","7.10","1.02"
"72.033293","-6.12","7.37","0.94"
"72.073295","-5.41","6.90","1.37"
"72.12","-5.49","7.10","1.73"
"72.14","-5.49","7.88","1.84"
"72.16","-5.61","8.12","1.37"
"72.183300","-5.88","8.08","1.02"
"72.23","-6.71","8.83","1.53"
"72.25","-6.55","9.22","1.65"
"72.27","-6.35","10.32","2.39"
"72.293305","-5.14","10.04","3.26"
"72.34","-8.98","11.77","-0.59"
"72.36","-9.41","9.41","-1.02"
"72.38","-8.16","7.81","-0.08"
"72.41","-4.79","7.10","0.35"
"72.433311","-2.47","5.92","0.47"
"72.473313","-6.90","8.87","-1.06"
"72.52","-6.00","7.73","-0.08"
"72.543316","-5.84","7.37","0.31"
"72.583318","-5.26","7.34","0.20"
"72.63","-4.16","7.96","-0.20"
"72.65","-3.96","7.92","0.04"
"72.67","-4.51","8.24","-0.08"
"72.693323","-4.90","8.39","-0.20"
"72.74","-4.63","8.71","0.47"
"72.763326","-4.75","8.59","0.31"
"72.81","-5.10","8.39","-0.08"
"72.83","-5.14","8.32","0.31"
"72.853330","-4.75","9.22","0.55"
"72.89","-4.82","10.12","0.35"
"72.92","-4.67","9.92","0.47"
"72.94","-5.14","10.08","0.75"
"72.963335","-5.02","9.38","1.49"
"73.00","-5.69","10.32","0.55"
"73.033338","-5.41","10.36","0.12"
"73.07","-5.18","8.90","-2.55"
"73.093341","-6.12","8.75","-2.31"
"73.143343","-6.12","8.67","-0.43"
"73.18","-5.37","9.92","-0.12"
"73.203346","-4.43","8.94","-0.20"
"73.253348","-4.43","7.49","0.47"
"73.29","-5.65","7.57","0.82"
"73.31","-5.81","7.37","1.29"
"73.34","-5.96","7.57","0.82"
"73.363353","-5.61","7.45","1.26"
"73.403355","-5.57","7.65","1.77"
"73.453357","-4.47","7.65","1.65"
"73.49","-5.30","8.28","1.88"
"73.51","-6.00","8.63","1.57"
"73.53","-6.32","7.92","0.94"
"73.563362","-7.22","8.79","0.78"
"73.60","-6.83","8.94","2.63"
"73.623365","-5.81","10.00","2.59"
"73.673367","-7.02","11.10","2.16"
"73.713369","-8.00","9.10","0.51"
"73.76","-5.53","8.08","0.98"
"73.783372","-4.28","6.32","0.67"
"73.82","-5.69","8.98","-0.67"
"73.84","-5.06","8.90","-0.82"
"73.87","-4.71","8.43","-0.51"
"73.89","-4.98","7.92","-0.35"
"73.91","-5.49","7.37","0.51"
"73.93","-5.69","7.69","0.27"
"73.953380","-5.26","7.73","0.31"
"74.003382","-4.16","8.04","0.24"
"74.04","-4.28","8.67","0.24"
"74.06","-4.79","8.75","-0.27"
"74.09","-5.14","8.47","0.20"
"74.113387","-4.90","8.24","0.31"
"74.15","-4.59","8.43","0.24"
"74.183390","-4.94","8.98","-0.35"
"74.223392","-5.37","8.90","0.43"
"74.26","-5.30","9.57","-0.04"
"74.293395","-5.14","10.04","-0.08"
"74.333397","-5.30","10.00","0.94"
"74.373399","-5.88","11.85","0.39"
"74.42","-3.92","10.28","-0.94"
"74.44","-4.98","8.55","-2.20"
"74.46","-6.12","7.02","-1.61"
"74.49","-6.55","6.00","-0.98"
"74.51","-6.12","6.86","-0.24"
"74.533406","-6.00","8.39","-0.47"
"74.69","-5.22","7.18","1.41"
"74.71","-5.61","7.30","0.86"
"74.733414","-5.77","7.37","1.10"
"74.783416","-5.49","7.65","1.18"
"74.823418","-5.18","7.73","1.53"
"74.87","-5.53","7.96","1.41"
"74.89","-6.04","7.88","1.33"
"74.91","-6.47","8.43","1.33"
"74.933423","-6.51","8.59","1.37"
"75.00","-5.73","10.71","3.57"
"75.02","-5.18","10.36","2.86"
"75.04","-7.34","10.36","1.88"
"75.073429","-8.59","11.22","0.24"
"75.11","-6.32","8.79","-0.75"
"75.13","-3.69","6.04","0.16"
"75.15","-3.77","6.04","-0.90"
"75.18","-6.12","7.69","-1.06"
"75.20","-6.24","8.43","-1.06"
"75.223436","-5.69","8.04","-0.75"
"75.27","-6.08","7.37","0.16"
"75.29","-5.45","7.10","0.71"
"75.31","-5.33","8.00","0.16"
"75.333441","-4.75","8.16","0.00"
"75.38","-4.47","7.96","0.27"
"75.403444","-4.55","8.16","0.12"
"75.44","-4.86","8.43","0.00"
"75.47","-4.47","8.83","0.04"
"75.493448","-4.79","8.98","-0.12"
"75.533450","-5.02","8.08","-0.16"
"75.583452","-5.02","8.04","0.27"
"75.623454","-4.79","10.04","-0.24"
"75.663456","-4.63","10.16","0.04"
"75.71","-5.88","10.24","0.90"
"75.733459","-5.96","10.55","0.63"
"75.78","-5.26","10.75","-1.65"
"75.803462","-4.94","8.75","-2.43"
"75.84","-5.96","6.39","-0.94"
"75.86","-5.10","6.47","-0.78"
"75.89","-5.37","8.51","-0.51"
"75.913467","-5.18","9.45","-0.04"
"75.953469","-5.37","8.75","-0.59"
"76.00","-4.94","7.85","0.51"
"76.02","-5.22","8.00","0.55"
"76.04","-5.61","7.49","0.90"
"76.063474","-5.41","7.34","1.06"
"76.11","-5.02","7.49","1.18"
"76.133477","-5.33","8.00","1.06"
"76.173479","-5.41","7.49","1.77"
"76.223481","-5.10","8.12","1.92"
"76.283484","-6.55","8.36","1.41"
"76.33","-6.83","9.57","1.26"
"76.35","-6.04","10.00","3.30"
"76.373488","-5.57","10.90","2.94"
"76.423490","-8.04","11.45","-1.73"
"76.463492","-6.55","6.79","0.51"
"76.50","-4.71","6.04","-1.10"
"76.533495","-6.24","8.00","-0.94"
"76.573497","-5.49","9.18","-0.71"
"76.613499","-5.33","7.73","0.20"
"76.66","-5.02","7.88","0.12"
"76.68","-4.75","8.24","-0.27"
"76.70","-4.55","7.81","-0.20"
"76.723504","-4.55","7.88","-0.04"
"76.773506","-4.75","7.92","0.35"
"76.813508","-4.28","8.47","-0.04"
"76.863510","-4.79","8.32","0.20"
"76.90","-5.10","8.71","0.20"
"76.92","-5.33","9.65","-0.08"
"76.94","-5.33","9.73","-0.20"
"76.973515","-5.57","9.34","-0.31"
"77.01","-6.51","9.73","-0.04"
"77.03","-5.77","9.38","0.75"
"77.053519","-4.94","9.96","1.26"
"77.103521","-4.79","11.85","-1.37"
"77.143523","-6.59","7.49","-2.47"
"77.19","-6.20","8.00","-0.35"
"77.21","-5.02","9.81","-0.75"
"77.23","-4.75","10.83","-0.31"
"77.253528","-4.75","10.00","-1.06"
"77.30","-4.67","6.83","0.55"
"77.323531","-5.02","7.18","0.27"
"77.36","-5.53","7.02","1.37"
"77.393534","-5.45","7.18","1.22"
"77.43","-5.77","7.77","0.67"
"77.453537","-5.14","7.61","0.98"
"77.503539","-5.26","7.88","1.84"
"77.57","-5.69","8.39","1.65"
"77.59","-6.67","8.39","1.65"
"77.61","-6.63","8.87","1.45"
"77.63","-6.98","9.02","2.04"
"77.653546","-6.79","9.53","3.02"
"77.83","-5.81","6.75","-1.10"
"77.86","-6.67","8.36","-1.57"
"77.88","-5.30","8.55","-0.63"
"77.903555","-5.61","8.87","-0.78"
"77.94","-5.10","7.37","0.47"
"77.97","-4.86","7.57","0.20"
"77.99","-5.33","8.08","-0.20"
"78.013560","-4.71","7.65","0.04"
"78.06","-3.92","8.20","0.16"
"78.083563","-3.80","8.59","0.20"
"78.123565","-4.20","8.83","-0.24"
"78.17","-4.86","8.04","0.00"
"78.19","-5.06","8.08","0.00"
"78.21","-5.26","8.63","0.35"
"78.233570","-5.65","9.26","-0.04"
"78.28","-5.92","9.53","0.24"
"78.30","-5.69","9.89","-0.35"
"78.323574","-5.57","10.12","-0.08"
"78.37","-5.22","11.10","0.59"
"78.393577","-4.35","12.36","-1.26"
"78.433579","-4.98","8.32","-3.06"
"78.48","-6.98","7.10","-0.67"
"78.50","-5.61","8.39","-0.59"
"78.52","-5.22","10.08","-0.59"
"78.543584","-5.22","10.40","-0.98"
"78.59","-4.24","7.69","0.00"
"78.613587","-4.39","7.45","0.08"
"78.65","-5.10","7.37","0.63"
"78.68","-5.18","7.14","0.98"
"78.70","-5.18","7.30","0.08"
"78.72","-5.73","7.34","0.35"
"78.74","-6.32","7.49","0.43"
"78.763594","-6.08","7.02","0.90"
"78.81","-4.98","7.30","1.37"
"78.833597","-5.37","7.14","1.33"
"78.873599","-6.08","8.08","2.00"
"78.92","-6.67","8.51","1.14"
"78.94","-5.57","9.02","1.10"
"78.963603","-6.28","10.47","2.28"
"79.013605","-7.14","12.32","1.61"
"79.05","-8.00","10.36","-0.04"
"79.073608","-5.02","6.20","0.67"
"79.123610","-4.75","6.55","-0.82"
"79.16","-6.47","8.83","-1.10"
"79.183613","-5.96","8.32","-0.55"
"79.233615","-5.77","6.79","-0.20"
"79.27","-4.86","7.81","0.00"
"79.29","-4.35","8.08","-0.43"
"79.32","-4.08","8.28","-0.47"
"79.343620","-4.31","8.28","-0.20"
"79.38","-4.51","8.24","-0.24"
"79.403623","-4.47","8.08","-0.16"
"79.453625","-4.75","8.59","-0.47"
"79.49","-5.77","8.71","-0.20"
"79.51","-6.04","9.85","0.20"
"79.54","-5.14","9.49","0.12"
"79.56","-5.02","9.41","-0.78"
"79.58","-5.41","10.28","-0.78"
"79.603632","-5.77","10.04","-0.31"
"79.653634","-4.90","10.63","0.43"
"79.693636","-4.90","10.67","-2.00"
"79.73","-6.20","8.55","-3.06"
"79.76","-7.10","7.14","-1.57"
"79.78","-5.84","8.00","-0.31"
"79.803641","-5.30","9.77","0.00"
"79.85","-4.16","8.75","-0.94"
"79.873644","-3.80","6.75","0.16"
"79.913646","-5.45","7.41","0.51"
"79.96","-5.61","7.37","0.82"
"79.98","-5.45","7.41","0.51"
"80.00","-5.81","7.41","0.71"
"80.023651","-5.61","7.22","1.22"
"80.073653","-5.02","6.59","1.77"
"80.113655","-4.90","7.45","2.08"
"80.16","-6.47","8.59","1.41"
"80.183658","-5.92","9.26","1.02"
"80.223660","-7.57","9.96","2.75"
"80.273662","-5.26","11.26","3.41"
"80.31","-8.75","10.40","-1.10"
"80.333665","-8.43","8.94","-0.90"
"80.383667","-2.94","3.88","0.31"
"80.42","-7.06","8.87","-0.31"
"80.44","-6.51","8.79","-0.59"
"80.47","-6.43","8.51","-0.27"
"80.493672","-5.77","7.10","-0.04"
"80.533674","-5.37","6.16","0.27"
"80.58","-4.59","8.32","-0.08"
"80.603677","-4.04","8.36","0.12"
"80.643679","-4.39","8.39","0.39"
"80.69","-4.82","8.32","0.55"
"80.71","-4.82","8.20","0.08"
"80.73","-4.90","8.20","-0.04"
"80.75","-5.06","8.28","-0.24"
"80.783685","-5.65","8.39","0.24"
"80.943691","-6.24","10.04","1.06"
"80.98","-4.59","10.00","-3.06"
"81.01","-6.16","8.00","-4.47"
"81.03","-7.41","6.51","-2.20"
"81.053696","-7.49","6.24","-0.94"
"81.093698","-6.08","9.49","0.78"
"81.143700","-4.43","8.20","-0.16"
"81.183702","-4.47","6.47","0.82"
"81.23","-5.81","6.90","1.06"
"81.253705","-5.92","6.71","1.10"
"81.293707","-6.20","6.67","1.41"
"81.343709","-5.33","7.06","1.65"
"81.403712","-4.90","7.85","1.65"
"81.453714","-6.98","8.32","0.43"
"81.49","-7.26","9.34","0.55"
"81.513717","-7.77","9.92","2.47"
"81.563719","-4.28","10.51","3.10"
"81.60","-9.65","10.67","-0.55"
"81.623722","-11.06","8.67","-2.98"
"81.673724","-2.16","4.90","1.18"
"81.713726","-7.45","8.04","-1.65"
"81.76","-6.83","8.08","-0.94"
"81.78","-6.55","8.43","-0.35"
"81.80","-5.45","6.86","-0.16"
"81.823731","-5.06","6.12","-0.04"
"81.87","-4.98","7.85","0.08"
"81.89","-4.24","7.77","-0.04"
"81.91","-4.31","8.12","-0.24"
"81.933736","-4.43","8.55","0.00"
"81.98","-4.59","8.51","-0.08"
"82.00","-4.59","8.00","0.39"
"82.02","-4.82","7.88","0.24"
"82.043741","-4.75","8.00","0.16"
"82.09","-5.96","8.59","0.35"
"82.113744","-5.88","9.38","0.27"
"82.153746","-5.06","9.65","-0.27"
"82.203748","-5.73","9.45","1.45"
"82.243750","-6.04","11.69","0.24"
"82.29","-5.57","10.51","-2.47"
"82.313753","-5.30","8.63","-2.82"
"82.353755","-6.00","7.30","-0.86"
"82.403757","-5.10","9.14","0.08"
"82.443759","-4.59","8.83","-0.59"
"82.49","-4.71","7.37","0.27"
"82.513762","-5.61","7.18","1.57"
"82.553764","-6.04","7.37","0.78"
"82.603766","-5.65","7.65","1.29"
"82.64","-5.06","7.26","1.84"
"82.663769","-5.41","7.22","1.73"
"82.71","-5.02","7.85","2.31"
"82.73","-5.26","8.32","2.00"
"82.75","-6.04","7.88","1.41"
"82.783774","-6.79","8.47","1.57"
"82.823776","-6.98","9.41","0.55"
"82.863778","-5.26","10.24","3.96"
"82.913780","-7.45","12.16","0.71"
"82.95","-8.08","8.28","-0.78"
"82.973783","-6.32","8.39","0.04"
"83.023785","-6.55","6.43","-1.10"
"83.06","-6.24","8.98","-1.02"
"83.08","-5.49","8.79","-0.47"
"83.11","-5.06","8.16","-0.47"
"83.133790","-5.02","6.51","0.04"
"83.173792","-5.37","8.90","-0.24"
"83.22","-4.39","7.88","-0.20"
"83.243795","-4.71","8.00","0.00"
"83.283797","-4.24","7.96","0.16"
"83.333799","-4.43","8.24","-0.27"
"83.37","-5.41","9.14","0.31"
"83.39","-5.57","9.57","0.31"
"83.41","-5.10","9.77","0.35"
"83.443804","-5.14","10.12","0.04"
"83.48","-4.08","10.12","0.78"
"83.503807","-4.39","10.43","0.71"
"83.55","-6.67","11.45","-1.65"
"83.573810","-5.18","9.10","-3.77"
"83.613812","-6.83","6.43","-0.78"
"83.663814","-5.84","9.34","-0.82"
"83.70","-5.37","9.38","-0.71"
"83.72","-4.31","7.22","-0.24"
"83.753818","-4.31","6.98","0.24"
"83.79","-5.22","7.02","0.59"
"83.81","-5.49","6.67","0.51"
"83.83","-6.16","6.86","0.12"
"83.86","-6.71","6.71","0.47"
"83.88","-6.16","6.71","0.82"
"83.903825","-5.92","8.00","0.78"
"84.09","-6.67","8.39","0.94"
"84.11","-6.98","9.18","1.26"
"84.13","-6.86","9.81","2.20"
"84.153833","-5.84","9.81","3.06"
"84.203835","-5.61","9.73","3.57"
"84.24","-7.41","9.57","-0.71"
"84.263838","-7.06","11.22","-1.69"
"84.31","-4.59","3.88","0.78"
"84.33","-4.98","4.79","0.39"
"84.35","-6.63","7.85","-0.98"
"84.37","-6.79","9.14","-1.22"
"84.40","-6.00","8.90","-0.51"
"84.423845","-5.73","7.34","-0.43"
"84.46","-6.04","6.47","-0.51"
"84.48","-5.88","7.61","-0.51"
"84.51","-4.94","8.12","-0.59"
"84.533850","-4.12","8.55","-0.24"
"84.57","-4.12","8.87","0.08"
"84.603853","-4.28","8.71","0.24"
"84.643855","-4.82","8.75","0.24"
"84.68","-4.67","7.73","0.31"
"84.71","-5.30","8.71","0.47"
"84.73","-5.37","9.77","0.47"
"84.75","-5.26","9.89","0.00"
"84.77","-5.30","9.81","0.12"
"84.79","-5.37","9.65","-0.08"
"84.823863","-5.84","9.73","0.63"
"84.86","-5.41","10.04","1.26"
"84.88","-5.61","11.65","0.59"
"84.90","-5.10","11.30","-0.55"
"84.93","-4.08","9.49","-2.67"
"84.95","-5.73","7.53","-2.98"
"84.97","-7.14","6.83","-2.12"
"84.993871","-6.83","7.30","-0.86"
"85.043873","-5.57","10.20","-0.12"
"85.083875","-4.79","7.45","-0.08"
"85.13","-4.94","7.61","0.55"
"85.153878","-5.37","7.57","0.51"
"85.193880","-5.69","7.02","1.22"
"85.24","-5.77","7.41","0.94"
"85.263883","-5.14","7.18","1.14"
"85.303885","-5.14","7.02","1.57"
"85.35","-5.02","8.71","2.00"
"85.37","-5.53","8.43","1.10"
"85.39","-6.28","8.04","1.10"
"85.413890","-7.10","8.79","0.39"
"85.463892","-6.51","10.04","4.12"
"85.50","-4.75","10.12","2.75"
"85.533895","-6.75","11.73","0.63"
"85.573897","-9.10","9.02","-0.55"
"85.613899","-2.67","4.75","-0.12"
"85.66","-7.49","9.89","-1.10"
"85.68","-6.00","8.90","-0.51"
"85.70","-5.45","8.32","-0.24"
"85.723904","-4.90","7.49","0.04"
"85.77","-5.37","7.69","0.08"
"85.793907","-4.79","8.00","-0.16"
"85.833909","-3.80","8.51","-0.27"
"85.883911","-4.47","8.12","-0.27"
"85.92","-4.90","8.75","-0.59"
"85.94","-4.98","8.39","-0.20"
"85.97","-4.71","8.16","-0.16"
"85.99","-4.79","8.51","-0.31"
"86.01","-4.94","9.02","-0.31"
"86.03","-5.06","9.45","0.31"
"86.05","-5.30","9.92","-0.27"
"86.08","-5.18","9.92","0.04"
"86.10","-4.47","9.96","-0.43"
"86.12","-4.86","10.59","-0.51"
"86.143923","-5.02","10.55","-0.04"
"86.19","-4.86","10.36","0.82"
"86.21","-5.06","11.14","-0.51"
"86.23","-4.79","10.28","-1.92"
"86.253928","-4.67","8.87","-3.10"
"86.30","-7.10","6.55","-1.14"
"86.323931","-6.47","7.69","-0.16"
"86.363933","-5.26","10.20","-0.47"
"86.41","-4.16","7.49","-0.31"
"86.43","-4.90","7.10","0.39"
"86.45","-5.18","7.06","0.78"
"86.473938","-5.69","7.69","0.47"
"86.52","-5.73","7.41","0.71"
"86.54","-5.49","7.22","1.10"
"86.56","-5.65","7.77","0.86"
"86.583943","-5.37","7.73","1.14"
"86.63","-5.30","7.22","1.57"
"86.65","-4.90","8.00","1.92"
"86.67","-5.06","7.88","1.96"
"86.69","-6.32","7.96","0.75"
"86.72","-6.51","7.92","1.10"
"86.74","-6.83","8.47","1.06"
"86.763951","-7.18","8.94","0.98"
"86.813953","-5.65","9.65","3.14"
"86.85","-8.47","12.36","-0.39"
"86.87","-8.51","10.32","0.00"
"86.89","-6.39","8.90","0.86"
"86.923958","-5.26","7.65","0.12"
"86.96","-4.94","6.28","-1.33"
"86.983961","-5.81","8.47","-1.53"
"87.173966","-3.65","8.20","-0.20"
"87.22","-4.28","8.67","0.00"
"87.24","-4.12","8.90","-0.27"
"87.26","-4.47","9.02","-0.27"
"87.293971","-4.79","8.87","-0.39"
"87.33","-5.14","7.81","-0.08"
"87.353974","-5.45","8.47","-0.04"
"87.40","-4.31","9.81","-0.43"
"87.42","-5.10","9.81","-0.71"
"87.44","-5.37","9.57","-0.71"
"87.46","-5.84","9.65","-0.47"
"87.483980","-6.04","9.57","0.51"
"87.53","-4.16","10.98","0.82"
"87.553983","-4.82","12.47","-1.49"
"87.603985","-5.53","8.00","-3.69"
"87.64","-6.59","6.71","-1.61"
"87.66","-5.84","7.85","-0.75"
"87.68","-5.84","9.38","-0.08"
"87.713990","-5.30","10.24","0.12"
"87.753992","-4.24","7.53","-0.31"
"87.79","-4.86","7.81","-0.08"
"87.823995","-5.53","7.30","0.35"
"87.863997","-5.73","7.45","0.59"
"87.90","-5.81","7.88","0.78"
"87.93","-5.57","7.49","0.98"
"87.95","-5.88","7.34","0.98"
"87.97","-5.45","7.45","1.69"
"87.994003","-4.86","7.45","1.88"
"88.04","-5.45","8.63","1.73"
"88.06","-6.28","8.24","1.53"
"88.08","-6.32","8.55","1.26"
"88.104008","-6.28","8.12","0.86"
"88.154010","-6.28","10.28","3.30"
"88.19","-6.55","12.04","0.59"
"88.214013","-7.96","12.04","-1.61"
"88.264015","-7.53","8.36","-0.55"
"88.30","-3.45","5.30","-0.47"
"88.32","-5.77","7.73","-2.24"
"88.35","-6.67","9.06","-1.61"
"88.374020","-5.81","9.02","-0.63"
"88.41","-5.22","6.98","0.16"
"88.43","-4.47","6.59","0.00"
"88.46","-5.53","8.20","-0.35"
"88.484025","-5.22","8.36","-0.51"
"88.52","-4.12","7.88","-0.08"
"88.554028","-4.16","8.28","-0.35"
"88.594030","-4.31","8.39","-0.35"
"88.63","-4.63","8.28","-0.43"
"88.66","-5.06","7.85","-0.75"
"88.68","-5.45","8.16","-0.27"
"88.704035","-5.61","8.55","0.12"
"88.75","-5.30","9.96","-0.16"
"88.774038","-4.75","9.85","-0.08"
"88.814040","-5.10","10.36","-0.35"
"88.85","-4.90","9.69","0.82"
"88.884043","-4.16","10.32","0.51"
"88.924045","-4.24","11.18","-2.35"
"88.96","-7.73","7.34","-3.30"
"88.99","-8.55","5.88","-2.39"
"89.01","-6.79","6.47","-0.27"
"89.034050","-5.57","8.79","-0.12"
"89.08","-4.51","10.20","-0.75"
"89.10","-4.20","7.41","0.08"
"89.12","-4.35","6.75","0.55"
"89.144055","-4.98","6.83","0.67"
"89.19","-6.04","7.30","0.51"
"89.214058","-5.92","6.83","0.35"
"89.254060","-6.04","7.57","0.98"
"89.30","-5.41","7.10","1.41"
"89.32","-5.06","6.98","1.88"
"89.34","-5.02","7.30","1.92"
"89.36","-5.02","8.32","1.96"
"89.39","-5.81","8.00","1.49"
"89.41","-6.71","8.04","1.06"
"89.43","-7.22","8.67","1.41"
"89.454069","-6.94","8.71","0.75"
"89.504071","-5.37","11.41","2.55"
"89.54","-8.12","11.89","-0.43"
"89.56","-9.30","9.49","-0.82"
"89.58","-8.51","8.04","-0.20"
"89.61","-5.30","5.84","0.51"
"89.63","-3.96","5.41","-0.12"
"89.654078","-7.26","8.24","-1.96"
"89.694080","-5.77","8.43","-0.94"
"89.74","-5.69","6.75","-0.16"
"89.76","-5.77","6.20","0.12"
"89.78","-5.53","7.57","0.24"
"89.804085","-4.98","8.75","-0.04"
"89.854087","-3.96","8.36","-0.04"
"89.89","-4.90","8.00","0.20"
"89.91","-4.98","8.32","0.35"
"89.94","-4.79","8.08","0.55"
"89.964092","-4.24","8.00","0.16"
"90.00","-5.41","8.67","-0.55"
"90.034095","-5.65","8.63","0.71"
"90.07","-5.14","9.41","-0.55"
"90.09","-5.30","9.61","-0.27"
"90.11","-5.22","9.89","0.08"
"90.14","-5.22","10.32","0.39"
"90.164101","-5.49","10.04","1.14"
"90.32","-6.39","7.77","-0.47"
"90.34","-6.67","9.38","-0.12"
"90.36","-5.81","10.12","0.51"
"90.384108","-5.22","10.16","-0.04"
"90.43","-4.04","7.41","0.71"
"90.45","-4.79","7.73","0.90"
"90.47","-5.26","7.37","0.94"
"90.494113","-5.49","7.02","1.33"
"90.54","-6.16","7.34","0.71"
"90.56","-5.92","7.30","1.06"
"90.58","-5.81","7.41","1.45"
"90.604118","-5.37","7.53","1.69"
"90.654120","-4.86","7.88","2.00"
"90.694122","-5.81","7.77","1.37"
"90.74","-7.02","9.18","1.14"
"90.764125","-7.37","9.45","1.57"
"90.80","-5.92","10.40","2.47"
"90.824128","-7.77","11.02","1.41"
"90.874130","-8.75","9.49","-0.71"
"90.91","-5.30","7.14","0.24"
"90.93","-3.41","5.30","0.39"
"90.96","-5.49","6.55","-1.18"
"90.984135","-6.32","8.55","-1.73"
"91.024137","-5.69","8.55","-0.98"
"91.07","-5.61","6.86","0.08"
"91.094140","-5.26","7.53","-0.24"
"91.134142","-4.12","8.16","-0.24"
"91.18","-4.28","8.51","-0.08"
"91.20","-4.67","8.63","-0.35"
"91.22","-4.90","8.32","-0.27"
"91.244147","-4.90","8.12","-0.12"
"91.29","-4.63","8.59","0.16"
"91.31","-4.28","8.47","-0.04"
"91.33","-4.31","8.51","-0.24"
"91.35","-4.71","8.87","-0.20"
"91.38","-6.04","9.34","-0.04"
"91.40","-5.81","9.65","0.12"
"91.424155","-5.30","9.69","-0.63"
"91.46","-5.10","10.08","0.08"
"91.494158","-4.63","10.16","1.61"
"91.534160","-5.49","11.92","-1.37"
"91.584162","-5.14","8.59","-3.37"
"91.644165","-6.35","8.08","-0.12"
"91.69","-5.18","9.73","-0.47"
"91.71","-4.47","9.61","-0.63"
"91.73","-3.84","7.69","-0.12"
"91.754170","-4.63","7.69","-0.04"
"91.80","-5.73","7.53","0.47"
"91.824173","-6.24","7.22","0.94"
"91.864175","-5.69","7.45","0.86"
"91.91","-5.18","7.34","0.71"
"91.93","-5.45","7.14","1.02"
"91.95","-5.37","6.94","1.88"
"91.974180","-5.14","7.34","1.88"
"92.02","-6.98","7.34","1.53"
"92.04","-6.98","8.51","1.57"
"92.064184","-5.96","8.71","1.88"
"92.114186","-6.28","10.43","2.28"
"92.15","-5.14","11.89","3.14"
"92.17","-6.90","12.00","1.10"
"92.20","-8.08","10.67","-0.08"
"92.224191","-8.47","8.24","-1.26"
"92.26","-4.20","4.08","0.90"
"92.284194","-6.63","6.83","-0.71"
"92.334196","-6.20","9.06","-1.45"
"92.374198","-6.00","6.98","-0.20"
"92.42","-5.41","6.35","-0.04"
"92.44","-4.90","8.00","-0.24"
"92.464202","-4.04","8.00","-0.16"
"92.504204","-4.24","8.36","0.00"
"92.55","-4.59","8.32","0.20"
"92.574207","-4.79","8.67","0.04"
"92.614209","-4.79","8.75","0.12"
"92.66","-4.94","8.16","0.16"
"92.684212","-5.37","8.20","0.27"
"92.724214","-5.41","9.22","0.04"
"92.77","-4.94","10.00","-0.35"
"92.79","-5.02","10.04","-0.04"
"92.81","-5.69","10.16","0.86"
"92.83","-5.96","10.40","1.06"
"92.864220","-6.35","11.89","-0.98"
"92.92","-5.14","8.79","-3.45"
"92.954224","-6.35","6.32","-1.96"
"92.994226","-6.04","7.69","-0.04"
"93.03","-4.79","9.45","-0.20"
"93.064229","-5.22","9.77","-0.75"
"93.104231","-4.86","7.61","0.35"
"93.15","-5.57","6.79","0.59"
"93.17","-5.73","6.90","1.06"
"93.19","-5.61","6.86","1.22"
"93.21","-5.81","7.18","0.75"
"93.23","-5.96","7.49","1.22"
"93.264238","-5.41","7.49","1.33"
"93.43","-7.61","8.87","2.00"
"93.46","-6.20","9.92","3.41"
"93.48","-6.12","10.75","2.59"
"93.50","-7.88","11.34","0.51"
"93.52","-9.14","10.00","-0.67"
"93.544249","-8.16","7.57","0.39"
"93.594251","-4.00","6.00","0.55"
"93.63","-5.92","7.73","-2.67"
"93.65","-6.55","8.36","-0.98"
"93.68","-5.81","8.16","-0.51"
"93.704256","-5.77","7.88","-0.24"
"93.74","-6.20","6.83","0.04"
"93.76","-5.41","7.37","0.16"
"93.79","-4.47","7.81","-0.20"
"93.814261","-3.96","8.00","-0.31"
"93.85","-4.51","8.24","-0.04"
"93.884264","-4.82","8.51","-0.04"
"93.92","-4.63","8.43","0.00"
"93.94","-4.55","8.39","0.31"
"93.964268","-4.63","8.51","0.47"
"94.014270","-4.79","8.55","0.08"
"94.05","-5.26","9.14","0.43"
"94.074273","-5.10","10.04","-0.20"
"94.124275","-5.10","9.92","0.08"
"94.16","-6.00","10.87","0.04"
"94.18","-6.79","12.47","-0.94"
"94.21","-5.26","11.65","-2.59"
"94.23","-4.98","9.10","-3.41"
"94.25","-5.53","5.92","-2.63"
"94.274282","-6.59","4.98","-0.98"
"94.324284","-6.28","8.63","0.31"
"94.36","-5.02","10.20","-1.41"
"94.38","-4.47","8.71","-0.90"
"94.40","-4.28","7.53","0.04"
"94.434289","-4.82","7.34","0.43"
"94.47","-5.49","6.67","0.90"
"94.494292","-6.35","6.75","0.63"
"94.544294","-6.00","7.53","0.51"
"94.58","-5.61","7.45","1.18"
"94.604297","-5.37","7.49","1.29"
"94.65","-4.79","7.61","1.80"
"94.67","-5.33","8.04","1.77"
"94.69","-6.16","7.81","1.61"
"94.71","-6.86","8.36","1.10"
"94.744303","-6.79","8.83","1.10"
"94.78","-6.47","10.00","2.98"
"94.804306","-5.37","10.67","3.69"
"94.854308","-6.12","10.59","1.77"
"94.89","-8.75","9.14","-0.04"
"94.91","-6.08","7.88","-1.02"
"94.93","-3.02","5.49","-0.51"
"94.964313","-4.31","5.61","-0.82"
"95.004315","-7.45","8.71","-0.75"
"95.04","-5.10","7.73","-0.08"
"95.074318","-4.90","6.59","0.47"
"95.11","-5.14","8.59","-0.08"
"95.13","-4.55","8.87","-0.27"
"95.154322","-4.00","8.51","-0.20"
"95.20","-5.06","8.12","0.12"
"95.22","-4.98","8.63","0.39"
"95.24","-4.75","8.51","0.00"
"95.264327","-4.67","8.16","0.04"
"95.314329","-4.98","8.28","-0.20"
"95.354331","-5.06","8.28","0.08"
"95.404333","-5.57","9.22","0.35"
"95.444335","-4.75","9.89","-0.12"
"95.48","-5.06","10.63","0.71"
"95.514338","-5.45","10.75","0.47"
"95.554340","-5.14","10.87","-0.43"
"95.604342","-5.49","7.96","-2.71"
"95.64","-6.39","6.04","-1.14"
"95.664345","-5.45","6.86","0.20"
"95.714347","-4.94","9.73","0.24"
"95.754349","-4.24","8.98","-0.43"
"95.794351","-4.94","7.37","-0.31"
"95.84","-5.84","6.94","0.04"
"95.86","-6.59","7.10","0.08"
"95.88","-6.08","7.57","0.16"
"95.904356","-5.73","7.57","0.51"
"95.95","-5.96","7.45","0.51"
"95.97","-5.22","7.02","1.18"
"95.994360","-4.75","6.98","1.37"
"96.04","-5.53","8.04","1.57"
"96.06","-6.79","8.71","1.80"
"96.08","-7.18","8.98","1.61"
"96.104365","-6.00","8.75","1.53"
"96.154367","-6.24","9.65","1.92"
"96.194369","-6.20","11.18","2.75"
"96.23","-7.88","12.55","-1.33"
"96.264372","-7.06","9.53","-0.47"
"96.304374","-5.06","4.20","0.35"
"96.34","-6.55","7.85","-1.37"
"96.37","-6.63","9.14","-1.84"
"96.394378","-6.55","9.06","-1.06"
"96.54","-4.04","7.96","-0.24"
"96.57","-4.24","8.55","-0.04"
"96.59","-4.55","8.51","-0.31"
"96.61","-4.59","8.16","-0.27"
"96.63","-4.90","8.12","-0.31"
"96.664388","-5.06","8.39","-0.39"
"96.704390","-5.53","8.75","0.00"
"96.744392","-5.37","8.83","0.51"
"96.794394","-5.65","9.65","-0.47"
"96.83","-5.30","9.57","1.02"
"96.854397","-5.18","10.79","-0.04"
"96.90","-5.33","11.10","-2.16"
"96.924400","-5.10","9.22","-3.84"
"96.964402","-6.59","6.35","-1.92"
"97.01","-5.53","8.39","-0.59"
"97.03","-5.10","9.57","-0.24"
"97.05","-4.98","9.69","-0.51"
"97.074407","-4.67","8.59","-0.86"
"97.124409","-4.47","7.22","0.55"
"97.164411","-5.92","6.83","0.67"
"97.214413","-5.88","7.41","0.90"
"97.254415","-5.53","8.00","0.55"
"97.294417","-5.41","7.10","1.41"
"97.34","-5.49","7.88","1.61"
"97.36","-5.37","8.00","1.84"
"97.384421","-6.39","7.73","1.18"
"97.43","-5.88","9.34","1.26"
"97.454424","-6.47","10.08","1.45"
"97.494426","-5.37","11.14","3.26"
"97.544428","-9.22","11.41","-1.10"
"97.58","-5.81","5.10","-0.12"
"97.604431","-3.77","4.16","0.39"
"97.654433","-6.79","9.14","-1.18"
"97.69","-6.12","8.55","-0.94"
"97.714436","-5.37","6.98","0.08"
"97.764438","-4.86","6.71","-0.31"
"97.80","-4.86","8.43","-0.51"
"97.82","-4.51","8.12","-0.20"
"97.85","-4.67","8.32","-0.04"
"97.874443","-4.79","8.20","-0.04"
"97.91","-4.98","8.24","0.27"
"97.93","-4.63","8.24","0.16"
"97.96","-4.71","8.32","0.24"
"97.984448","-4.63","8.75","0.12"
"98.024450","-5.06","9.34","0.51"
"98.074452","-5.33","9.38","-0.24"
"98.11","-5.49","9.92","-0.20"
"98.134455","-6.12","9.69","1.22"
"98.184457","-6.00","11.22","0.82"
"98.22","-5.22","9.06","-3.18"
"98.244460","-5.96","7.53","-2.79"
"98.294462","-6.35","7.34","-0.71"
"98.33","-5.96","9.30","-0.16"
"98.35","-4.82","8.67","0.16"
"98.38","-5.06","8.36","0.20"
"98.404467","-4.79","7.69","0.35"
"98.444469","-5.49","7.49","1.02"
"98.49","-5.53","6.39","1.45"
"98.514472","-5.92","7.18","1.10"
"98.554474","-5.53","7.41","1.10"
"98.60","-5.45","6.98","1.80"
"98.624477","-5.06","7.61","2.16"
"98.66","-6.16","8.20","1.06"
"98.694480","-6.39","8.04","1.53"
"98.734482","-7.30","9.53","2.04"
"98.784484","-8.32","12.40","1.80"
"98.82","-10.24","11.30","-0.27"
"98.844487","-7.61","6.98","0.55"
"98.894489","-4.47","6.51","-0.82"
"98.93","-6.00","6.83","-1.10"
"98.95","-5.61","6.98","-1.53"
"98.97","-5.57","7.02","-0.94"
"99.004494","-6.51","7.37","-0.55"
"99.044496","-5.06","8.12","-0.12"
"99.084498","-3.45","8.83","-0.24"
"99.134500","-4.55","7.81","0.08"
"99.17","-5.10","7.92","-0.43"
"99.19","-4.63","8.08","-0.24"
"99.22","-4.71","8.36","-0.12"
"99.244505","-4.51","8.55","-0.16"
"99.28","-5.33","9.10","-0.12"
"99.31","-5.22","9.06","0.12"
"99.33","-4.75","9.10","-0.04"
"99.35","-5.06","9.69","-0.35"
"99.37","-5.10","9.89","-0.31"
"99.394512","-5.77","9.73","-0.55"
"99.44","-6.43","10.32","0.16"
"99.464515","-6.43","12.43","-2.00"
"99.664522","-4.28","8.24","-0.78"
"99.704524","-4.94","7.06","0.63"
"99.75","-5.81","6.47","1.26"
"99.774527","-5.88","6.94","1.18"
"99.81","-5.81","7.45","0.94"
"99.84","-5.30","7.14","1.57"
"99.864531","-5.49","6.98","1.69"
"99.904533","-4.82","8.16","2.16"
"99.95","-5.77","8.63","0.86"
"99.97","-6.00","8.75","1.57"
"99.99","-6.67","9.22","0.67"
"100.01","-7.26","9.85","0.63"
"100.04","-6.94","9.92","1.96"
"100.064540","-5.69","9.89","3.61"
"100.10","-7.53","9.49","1.37"
"100.12","-9.85","10.24","-1.65"
"100.15","-10.43","10.59","-2.67"
"100.174545","-6.75","7.06","-0.94"
"100.21","-4.00","7.53","-0.51"
"100.244548","-5.57","9.18","-1.10"
"100.284550","-6.35","7.92","-0.27"
"100.324552","-5.61","6.63","0.24"
"100.374554","-4.51","8.24","0.16"
"100.41","-4.04","8.98","-0.08"
"100.434557","-4.31","8.71","0.12"
"100.484559","-4.59","8.36","0.20"
"100.52","-4.55","8.16","0.00"
"100.54","-4.55","8.32","-0.12"
"100.57","-4.90","8.47","-0.08"
"100.594564","-5.06","8.39","-0.04"
"100.634566","-5.33","9.89","0.51"
"100.68","-4.86","10.40","-0.55"
"100.704569","-5.10","10.12","0.16"
"100.744571","-5.69","11.49","-0.90"
"100.794573","-4.31","10.24","-3.84"
"100.83","-6.75","6.16","-2.28"
"100.854576","-7.26","5.96","-0.82"
"100.904578","-5.53","9.57","-0.27"
"100.94","-3.88","8.28","-0.90"
"100.96","-3.80","7.30","-0.35"
"100.99","-4.51","7.41","0.08"
"101.014583","-5.37","7.69","0.35"
"101.054585","-5.84","7.02","0.82"
"101.10","-5.45","7.18","0.59"
"101.12","-5.81","7.88","0.75"
"101.14","-5.49","7.57","0.67"
"101.164590","-5.30","7.18","1.22"
"101.214592","-4.98","7.61","1.88"
"101.254594","-6.08","7.65","1.61"
"101.294596","-7.18","8.67","1.29"
"101.34","-6.08","10.40","2.20"
"101.36","-5.73","11.06","3.33"
"101.384600","-6.79","12.55","2.16"
"101.434602","-9.69","11.92","-1.69"
"101.47","-3.73","2.86","0.47"
"101.494605","-4.86","4.43","-0.24"
"101.544607","-6.90","8.94","-1.57"
"101.584609","-6.35","7.37","-0.24"
"101.634611","-4.86","6.20","0.31"
"101.67","-4.31","8.79","-0.31"
"101.694614","-3.77","8.47","-0.35"
"101.744616","-4.47","8.32","-0.08"
"101.78","-4.94","8.36","0.47"
"101.80","-4.67","8.47","0.08"
"101.834620","-4.35","8.28","-0.04"
"101.874622","-5.41","7.69","0.20"
"101.924624","-5.88","9.45","-0.04"
"101.964626","-5.06","9.53","-0.31"
"102.00","-5.57","9.92","1.06"
"102.034629","-5.81","10.24","0.90"
"102.074631","-5.69","11.81","-1.96"
"102.11","-6.16","7.22","-2.82"
"102.14","-7.22","6.08","-1.29"
"102.16","-6.16","6.75","0.12"
"102.18","-5.61","8.32","-0.04"
"102.204637","-5.33","9.77","0.31"
"102.25","-4.47","8.00","-0.51"
"102.27","-4.12","7.45","0.24"
"102.29","-4.90","7.61","-0.20"
"102.314642","-5.69","7.45","0.59"
"102.364644","-5.88","6.83","1.26"
"102.40","-5.77","7.37","0.67"
"102.424647","-5.65","7.49","0.78"
"102.474649","-5.57","7.14","1.45"
"102.514651","-5.06","7.77","2.12"
"102.56","-6.51","9.14","1.10"
"102.58","-6.39","8.94","1.37"
"102.604655","-6.08","8.43","1.22"
"102.80","-5.69","6.16","-0.94"
"102.824662","-6.86","8.67","-1.37"
"102.874664","-6.12","8.16","-0.59"
"102.91","-5.02","5.73","-0.24"
"102.93","-5.30","6.90","-0.24"
"102.96","-5.10","8.28","-0.43"
"102.984669","-4.39","8.59","-0.24"
"103.02","-4.39","8.51","-0.08"
"103.054672","-4.12","8.55","0.08"
"103.094674","-4.47","8.12","0.27"
"103.16","-5.22","8.12","0.31"
"103.184678","-5.84","8.83","0.51"
"103.224680","-5.84","9.30","-0.12"
"103.274682","-5.33","9.61","-0.71"
"103.314684","-6.20","9.81","1.02"
"103.35","-5.33","11.10","-2.71"
"103.384687","-4.59","9.69","-4.90"
"103.424689","-7.41","7.41","-1.57"
"103.46","-6.16","9.26","-0.08"
"103.49","-5.53","9.77","-0.24"
"103.514693","-4.47","8.59","-0.31"
"103.56","-3.69","6.75","0.47"
"103.58","-4.98","7.45","0.16"
"103.60","-5.53","7.49","0.43"
"103.624698","-6.28","7.18","0.67"
"103.67","-6.67","7.10","1.26"
"103.69","-6.00","7.69","1.10"
"103.71","-5.33","7.49","1.06"
"103.734703","-5.14","7.06","1.53"
"103.78","-4.86","7.26","2.16"
"103.80","-5.10","7.69","2.08"
"103.82","-6.63","7.41","1.26"
"103.844708","-7.41","8.43","1.33"
"103.89","-7.14","9.41","1.22"
"103.914711","-6.12","10.20","2.75"
"103.954713","-7.73","12.32","0.43"
"104.00","-9.22","9.22","-1.18"
"104.02","-6.47","7.34","0.16"
"104.04","-2.90","4.51","1.02"
"104.064718","-3.02","5.02","-0.24"
"104.114720","-6.83","8.59","-1.49"
"104.15","-5.92","7.92","-0.67"
"104.174723","-5.49","6.79","-0.16"
"104.224725","-4.86","8.24","-0.04"
"104.264727","-3.37","7.88","-0.27"
"104.31","-4.43","8.12","-0.12"
"104.33","-4.51","8.28","-0.31"
"104.35","-5.06","7.92","-0.12"
"104.374732","-5.26","7.69","0.00"
"104.44","-5.26","8.12","0.16"
"104.46","-5.02","8.75","0.51"
"104.48","-5.30","9.65","-0.35"
"104.514738","-5.41","9.49","-0.24"
"104.55","-5.69","9.81","0.20"
"104.57","-5.57","9.73","0.90"
"104.594742","-5.41","9.81","1.53"
"104.64","-5.61","12.40","-2.79"
"104.66","-4.59","9.45","-4.31"
"104.68","-5.81","7.49","-4.08"
"104.704747","-6.98","6.94","-2.82"
"104.754749","-5.88","8.51","-0.67"
"104.794751","-4.20","9.41","-0.67"
"104.844753","-4.12","6.86","-0.12"
"104.884755","-5.92","7.06","0.31"
"104.93","-5.53","7.18","0.71"
"104.954758","-6.00","7.96","0.24"
"104.994760","-5.77","7.30","0.67"
"105.04","-4.98","6.94","1.53"
"105.06","-4.94","7.10","1.84"
"105.08","-5.18","7.81","1.92"
"105.104765","-5.53","8.32","2.31"
"105.15","-5.53","7.96","1.61"
"105.174768","-6.39","8.79","0.67"
"105.214770","-6.63","10.55","3.92"
"105.264772","-6.39","12.75","0.31"
"105.304774","-8.71","9.77","-0.98"
"105.35","-3.45","4.08","0.20"
"105.37","-4.08","5.06","-1.53"
"105.39","-6.51","7.88","-1.84"
"105.41","-6.55","8.55","-1.37"
"105.44","-6.63","8.24","-1.02"
"105.464781","-6.08","7.14","-0.16"
"105.504783","-4.59","7.06","0.20"
"105.55","-4.20","8.79","-0.51"
"105.574786","-4.28","8.51","-0.43"
"105.614788","-4.43","8.28","0.20"
"105.66","-4.67","8.67","-0.43"
"105.68","-4.79","8.39","0.24"
"105.70","-4.28","8.59","0.04"
"105.724793","-4.51","8.28","0.04"
"105.904797","-7.06","12.83","-1.33"
"105.94","-4.43","8.55","-4.35"
"105.97","-6.35","6.55","-2.47"
"105.99","-7.41","5.53","-1.22"
"106.014802","-6.20","6.67","-0.20"
"106.064804","-5.06","9.81","-0.35"
"106.10","-3.77","7.49","-0.47"
"106.12","-4.28","6.71","-0.43"
"106.14","-5.37","6.47","0.08"
"106.17","-6.08","6.47","0.82"
"106.194810","-6.32","6.59","0.94"
"106.23","-5.84","7.61","0.04"
"106.25","-6.16","7.41","0.31"
"106.284814","-5.84","6.98","0.94"
"106.32","-5.49","6.75","1.77"
"106.344817","-5.30","7.18","2.16"
"106.394819","-5.92","8.83","1.80"
"106.43","-5.81","8.59","1.02"
"106.45","-6.43","9.10","0.98"
"106.47","-7.49","10.47","3.41"
"106.504824","-8.43","11.65","1.41"
"106.544826","-9.02","9.61","-1.33"
"106.59","-4.59","4.39","-0.20"
"106.61","-5.61","6.94","-1.41"
"106.634830","-7.41","7.92","-1.41"
"106.674832","-6.08","7.49","-0.59"
"106.724834","-5.30","6.35","-0.67"
"106.764836","-5.22","7.57","-0.59"
"106.814838","-4.12","8.00","-0.39"
"106.854840","-4.51","8.36","0.00"
"106.904842","-4.86","8.04","0.24"
"106.944844","-5.14","7.88","-0.08"
"106.984846","-5.61","9.30","0.08"
"107.034848","-6.00","9.57","-0.27"
"107.074850","-5.18","9.45","0.00"
"107.12","-6.39","10.67","0.82"
"107.144853","-6.35","12.91","-2.00"
"107.184855","-5.84","7.77","-3.96"
"107.23","-7.26","6.86","-1.06"
"107.254858","-6.24","8.51","-0.67"
"107.294860","-4.79","9.22","-0.78"
"107.344862","-3.73","7.02","0.47"
"107.38","-4.98","6.75","0.94"
"107.404865","-5.92","6.71","1.18"
"107.454867","-6.98","6.94","0.82"
"107.494869","-5.96","7.57","0.82"
"107.54","-5.10","7.02","1.65"
"107.56","-5.14","7.10","2.12"
"107.58","-4.79","8.43","2.31"
"107.604874","-5.10","7.65","1.92"
"107.65","-6.28","8.47","1.41"
"107.67","-6.90","9.06","0.82"
"107.69","-7.81","10.08","2.55"
"107.714879","-6.75","10.20","3.45"
"107.76","-9.30","11.92","-1.33"
"107.78","-9.34","10.04","-1.61"
"107.80","-7.53","8.00","-0.63"
"107.82","-4.35","4.90","0.59"
"107.85","-3.80","6.35","-1.02"
"107.874886","-6.59","7.96","-1.69"
"107.914888","-6.35","8.36","-0.94"
"107.964890","-6.08","6.00","0.24"
"108.00","-5.14","7.53","0.12"
"108.024893","-4.59","8.24","-0.39"
"108.074895","-3.77","8.12","-0.24"
"108.11","-4.79","8.16","0.16"
"108.144898","-4.47","8.43","0.35"
"108.184900","-4.39","8.55","0.04"
"108.224902","-5.26","7.96","0.16"
"108.274904","-5.45","9.30","0.04"
"108.31","-5.18","10.63","-1.26"
"108.334907","-5.69","10.43","-0.51"
"108.384909","-5.22","10.63","1.06"
"108.42","-4.47","10.98","-2.79"
"108.444912","-4.90","9.02","-5.18"
"108.494914","-8.16","6.55","-1.69"
"108.534916","-5.92","9.77","-0.39"
"108.58","-4.71","8.79","-0.82"
"108.604919","-3.73","6.63","0.12"
"108.644921","-4.79","7.34","-0.16"
"108.69","-6.20","6.94","0.82"
"108.71","-6.00","6.75","0.98"
"108.73","-6.35","7.34","0.51"
"108.754926","-5.96","7.61","0.86"
"108.80","-5.18","6.98","1.61"
"108.82","-4.75","7.45","2.16"
"108.844930","-4.82","7.73","2.51"
"109.04","-8.87","8.59","0.75"
"109.064938","-7.73","8.71","-0.04"
"109.114940","-3.22","5.81","-0.24"
"109.154942","-6.59","8.00","-1.41"
"109.20","-5.77","7.77","-0.39"
"109.224945","-5.61","6.86","-0.16"
"109.264947","-5.22","6.79","-0.31"
"109.314949","-4.08","8.04","-0.27"
"109.35","-4.24","7.88","-0.24"
"109.37","-4.67","8.28","-0.12"
"109.394953","-4.75","8.47","0.08"
"109.444955","-4.43","8.39","-0.04"
"109.48","-5.22","8.16","-0.08"
"109.514958","-6.00","8.79","0.12"
"109.554960","-4.35","10.51","-0.51"
"109.59","-5.30","10.08","-0.59"
"109.624963","-6.28","10.12","1.06"
"109.664965","-6.39","11.89","-0.75"
"109.704967","-4.20","10.00","-4.35"
"109.754969","-7.10","6.43","-1.69"
"109.79","-5.88","9.02","-0.35"
"109.824972","-6.32","10.20","-0.75"
"109.864974","-3.73","7.37","-0.12"
"109.904976","-4.63","6.98","0.08"
"109.95","-6.24","6.59","1.02"
"109.97","-6.28","6.79","0.75"
"109.99","-5.77","7.10","0.67"
"110.014981","-6.00","7.61","0.82"
"110.06","-5.26","7.30","1.45"
"110.084984","-4.90","7.26","1.53"
"110.124986","-5.26","8.36","1.92"
"110.17","-7.41","8.16","1.45"
"110.194989","-7.49","8.32","0.78"
"110.23","-6.12","10.32","4.00"
"110.26","-4.55","10.94","3.30"
"110.284993","-6.08","11.34","1.41"
"110.324995","-9.92","8.47","-1.37"
"110.37","-3.57","4.86","0.94"
"110.394998","-3.69","5.33","-0.27"
"110.435000","-6.32","8.75","-0.43"
"110.485002","-5.37","7.88","-0.86"
"110.52","-4.55","6.35","-0.27"
"110.54","-5.22","7.88","-0.31"
"110.575006","-4.67","7.92","-0.63"
"110.615008","-4.79","7.88","0.00"
"110.65","-4.59","7.96","0.12"
"110.68","-4.39","8.79","0.04"
"110.705012","-4.75","8.83","-0.08"
"110.74","-4.75","7.96","0.20"
"110.77","-5.06","8.39","0.31"
"110.795016","-5.45","9.10","-0.16"
"110.835018","-5.14","9.92","0.00"
"110.88","-5.10","10.83","0.47"
"110.905021","-6.71","10.71","1.06"
"110.945023","-4.31","11.02","-2.35"
"110.995025","-5.61","7.57","-3.45"
"111.035027","-6.79","6.79","-1.14"
"111.085029","-6.12","10.12","-0.47"
"111.125031","-3.92","7.57","-1.10"
"111.175033","-4.24","7.88","0.00"
"111.21","-6.32","6.90","0.78"
"111.23","-6.35","6.59","0.78"
"111.25","-6.16","6.75","1.02"
"111.285038","-6.04","7.53","0.67"
"111.32","-5.57","7.06","1.18"
"111.34","-4.94","6.86","1.80"
"111.36","-4.55","7.37","2.08"
"111.395043","-4.51","7.81","2.39"
"111.43","-6.86","8.79","0.90"
"111.455046","-6.47","8.79","1.06"
"111.50","-7.57","9.85","2.00"
"111.52","-6.39","10.71","4.24"
"111.54","-6.75","11.57","2.67"
"111.56","-8.12","13.02","-1.84"
"111.59","-8.55","9.06","-1.06"
"111.615053","-6.90","7.34","-0.47"
"111.65","-3.26","4.67","-0.16"
"111.675056","-5.96","6.71","-1.77"
"111.725058","-6.32","8.55","-1.02"
"111.76","-6.04","6.67","-0.35"
"111.78","-5.30","6.39","-0.12"
"111.81","-4.82","7.26","-0.31"
"111.835063","-5.06","7.96","-0.78"
"111.875065","-4.43","8.16","-0.39"
"111.92","-4.12","8.43","0.00"
"111.945068","-3.92","8.43","0.20"
"112.175073","-6.04","10.12","2.20"
"112.215075","-6.12","12.24","-1.73"
"112.26","-4.08","9.18","-4.43"
"112.285078","-5.41","7.41","-3.69"
"112.325080","-5.96","7.10","0.12"
"112.37","-5.57","9.57","0.08"
"112.39","-4.94","9.61","-0.12"
"112.41","-4.55","8.47","-0.27"
"112.435085","-4.47","7.65","-0.16"
"112.485087","-5.84","7.49","0.27"
"112.52","-5.69","6.79","0.78"
"112.545090","-5.57","6.59","0.78"
"112.595092","-5.73","7.53","1.06"
"112.635094","-5.06","7.49","1.57"
"112.68","-4.82","7.37","1.65"
"112.705097","-5.26","8.28","1.45"
"112.74","-7.02","8.55","0.67"
"112.76","-7.37","8.90","0.39"
"112.79","-7.77","9.18","2.08"
"112.81","-6.63","10.59","4.04"
"112.83","-5.26","10.59","3.69"
"112.85","-7.53","12.51","-1.10"
"112.875105","-9.26","10.71","-0.78"
"112.925107","-6.83","7.92","-0.04"
"112.965109","-3.61","5.22","-0.43"
"113.01","-5.81","8.51","-1.45"
"113.03","-5.53","8.20","-1.29"
"113.05","-5.88","7.81","-0.55"
"113.075114","-5.45","7.26","-0.55"
"113.12","-4.47","7.41","-0.55"
"113.145117","-4.59","7.88","-0.86"
"113.185119","-4.67","8.36","-0.27"
"113.23","-4.35","8.12","-0.51"
"113.255122","-4.55","7.92","-0.63"
"113.295124","-5.02","8.32","-0.35"
"113.34","-5.18","8.63","0.24"
"113.365127","-5.37","8.94","-0.24"
"113.415129","-4.71","9.49","-0.24"
"113.45","-5.14","10.40","-0.39"
"113.475132","-5.81","10.32","0.71"
"113.525134","-5.61","12.36","-2.31"
"113.56","-5.10","8.16","-4.28"
"113.585137","-6.86","6.32","-2.55"
"113.635139","-6.39","7.30","-0.24"
"113.67","-5.06","10.08","-1.26"
"113.69","-4.82","9.06","-1.10"
"113.72","-4.08","7.30","-0.51"
"113.745144","-4.31","6.59","0.16"
"113.78","-5.96","6.90","1.10"
"113.815147","-6.08","6.75","0.90"
"113.855149","-5.73","6.90","1.14"
"113.89","-5.92","7.69","0.98"
"113.92","-5.22","7.06","1.65"
"113.94","-4.94","7.45","1.88"
"113.965154","-4.28","7.88","2.24"
"114.00","-6.32","7.88","0.90"
"114.035157","-7.22","8.55","1.45"
"114.075159","-7.73","9.65","1.37"
"114.12","-6.08","11.22","3.02"
"114.14","-7.45","12.28","-0.12"
"114.16","-10.20","11.38","-1.14"
"114.18","-8.28","8.08","0.12"
"114.21","-4.75","5.69","1.22"
"114.23","-2.43","4.47","0.27"
"114.25","-3.88","6.43","-1.29"
"114.275168","-6.75","8.24","-2.20"
"114.32","-7.14","8.43","-0.39"
"114.345171","-6.24","6.67","0.27"
"114.385173","-4.47","6.39","0.24"
"114.435175","-3.33","7.96","-0.24"
"114.47","-4.55","8.36","-0.43"
"114.49","-4.94","7.85","-0.35"
"114.51","-4.98","7.73","-0.04"
"114.545180","-4.59","7.96","-0.12"
"114.585182","-4.79","8.39","-0.35"
"114.635184","-6.04","9.57","-0.08"
"114.67","-4.28","9.89","-0.08"
"114.69","-3.41","10.55","-0.24"
"114.71","-3.92","10.32","0.47"
"114.74","-5.02","10.83","-0.24"
"114.765190","-7.81","13.02","-3.33"
"114.80","-7.45","8.04","-3.26"
"114.825193","-7.02","6.35","-1.06"
"114.875195","-6.20","9.26","-1.26"
"114.915197","-6.51","9.38","-0.78"
"114.965199","-3.84","6.98","0.12"
"115.00","-4.90","6.59","0.86"
"115.02","-5.81","6.59","0.71"
"115.05","-6.12","6.43","1.06"
"115.07","-5.73","6.75","0.59"
"115.095205","-5.73","7.06","0.35"
"115.25","-5.18","8.12","1.41"
"115.28","-5.77","8.47","1.22"
"115.305211","-6.98","8.79","0.86"
"115.34","-7.88","9.38","2.51"
"115.36","-6.55","9.53","3.26"
"115.395215","-6.71","10.04","2.47"
"115.435217","-8.75","9.34","-0.24"
"115.47","-5.30","7.45","-0.20"
"115.50","-2.90","4.86","0.51"
"115.52","-5.18","6.63","-1.22"
"115.54","-6.86","8.83","-1.06"
"115.565223","-6.12","8.32","-0.51"
"115.61","-6.08","7.26","-0.31"
"115.635226","-5.88","6.20","-0.20"
"115.675228","-5.18","7.96","-0.59"
"115.725230","-4.55","7.92","-0.12"
"115.765232","-4.71","8.24","-0.24"
"115.81","-4.86","8.28","0.04"
"115.835235","-4.90","8.28","0.04"
"115.875237","-5.26","8.36","0.27"
"115.92","-5.30","9.02","0.24"
"115.94","-5.41","9.69","-0.08"
"115.965241","-5.30","9.45","0.12"
"116.005243","-5.65","9.53","0.47"
"116.055245","-6.63","9.85","0.90"
"116.095247","-4.63","10.47","-2.35"
"116.14","-6.71","6.83","-2.90"
"116.165250","-7.61","6.35","-1.80"
"116.205252","-6.04","8.98","0.08"
"116.25","-4.43","9.06","-0.24"
"116.27","-4.08","7.65","-0.20"
"116.29","-4.24","7.26","0.39"
"116.315257","-4.94","6.98","1.06"
"116.365259","-5.69","6.90","0.98"
"116.40","-6.39","7.06","0.16"
"116.425262","-6.04","7.37","0.75"
"116.475264","-5.49","7.45","1.37"
"116.515266","-4.90","7.92","2.04"
"116.56","-5.88","8.63","1.65"
"116.58","-6.39","8.39","1.88"
"116.60","-6.16","8.28","1.37"
"116.625271","-6.00","9.14","0.98"
"116.67","-6.59","9.69","3.10"
"116.695274","-5.22","10.12","3.69"
"116.735276","-8.43","11.30","0.55"
"116.78","-9.61","9.45","-1.37"
"116.80","-6.20","6.67","0.20"
"116.82","-3.18","4.20","0.55"
"116.84","-4.16","5.84","-0.24"
"116.875282","-6.71","8.90","-1.33"
"116.91","-6.08","8.16","-0.35"
"116.93","-6.08","7.37","-0.35"
"116.96","-5.69","6.51","-0.35"
"116.985287","-5.61","7.02","-0.08"
"117.025289","-4.71","8.00","-0.27"
"117.07","-4.39","8.08","0.20"
"117.095292","-4.39","8.28","0.12"
"117.135294","-4.71","8.24","0.16"
"117.185296","-4.94","8.43","0.55"
"117.245299","-5.49","8.51","0.08"
"117.295301","-5.81","9.02","0.12"
"117.35","-5.53","10.04","0.94"
"117.37","-5.30","10.71","0.90"
"117.40","-5.65","11.96","-0.98"
"117.42","-5.65","12.51","-1.73"
"117.44","-4.79","10.67","-2.39"
"117.465309","-5.37","6.51","-2.47"
"117.51","-7.22","6.75","-0.12"
"117.53","-6.12","9.06","-0.08"
"117.55","-5.73","10.28","0.27"
"117.575314","-5.18","10.63","-0.94"
"117.625316","-4.31","7.37","-0.16"
"117.66","-4.75","7.37","0.86"
"117.685319","-5.33","7.34","0.39"
"117.735321","-5.73","6.75","0.78"
"117.77","-5.77","7.77","0.86"
"117.79","-5.84","7.49","0.55"
"117.82","-5.81","7.30","0.90"
"117.845326","-5.33","6.94","1.14"
"117.88","-4.94","8.43","1.77"
"117.90","-5.22","8.28","2.24"
"117.93","-6.28","8.47","1.37"
"117.955331","-6.47","8.83","1.26"
"117.99","-6.71","9.57","1.65"
"118.015334","-7.22","9.81","2.98"
"118.065336","-6.79","11.89","1.88"
"118.10","-7.45","9.81","-0.43"
"118.12","-7.18","8.24","-1.14"
"118.15","-5.02","4.31","-0.51"
"118.17","-4.98","4.75","-0.94"
"118.195342","-6.90","7.26","-2.20"
"118.38","-4.12","8.20","-0.04"
"118.405349","-4.71","8.00","-0.04"
"118.45","-4.79","7.81","-0.24"
"118.475352","-5.14","8.16","-0.24"
"118.52","-4.43","8.75","0.16"
"118.545355","-4.55","9.14","0.31"
"118.585357","-4.47","9.22","-0.31"
"118.63","-5.30","10.43","-1.18"
"118.65","-5.81","10.16","0.04"
"118.67","-5.84","10.08","1.06"
"118.69","-6.04","10.79","0.12"
"118.715363","-6.39","12.04","-0.98"
"118.76","-4.16","10.43","-2.12"
"118.78","-5.30","7.26","-2.28"
"118.80","-6.98","5.53","-1.69"
"118.825368","-6.79","5.65","-0.39"
"118.87","-6.24","9.69","-0.12"
"118.895371","-6.20","9.96","-0.86"
"118.945373","-4.24","7.22","0.16"
"118.985375","-5.18","6.79","0.39"
"119.025377","-6.43","7.22","0.90"
"119.07","-5.30","7.45","0.90"
"119.095380","-5.37","7.96","1.02"
"119.135382","-5.18","7.30","1.45"
"119.185384","-4.63","7.92","1.84"
"119.22","-7.61","8.00","0.98"
"119.24","-8.43","7.96","1.33"
"119.27","-7.02","7.34","1.22"
"119.295389","-6.79","8.47","0.90"
"119.33","-4.63","10.75","4.90"
"119.355392","-5.61","10.90","2.86"
"119.405394","-10.12","10.40","-2.16"
"119.445396","-4.47","5.88","-0.20"
"119.49","-6.94","7.96","-1.45"
"119.51","-6.71","9.02","-0.71"
"119.53","-6.20","8.98","-0.75"
"119.55","-6.24","8.67","-0.75"
"119.57","-5.18","6.94","0.16"
"119.60","-4.71","5.33","0.71"
"119.62","-5.30","7.85","0.24"
"119.645405","-4.75","8.32","0.24"
"119.685407","-4.04","8.08","0.04"
"119.73","-4.59","8.79","0.08"
"119.755410","-4.59","8.59","0.20"
"119.80","-5.02","8.12","-0.16"
"119.82","-5.02","7.81","0.00"
"119.84","-5.22","8.39","0.31"
"119.865415","-5.73","8.94","0.47"
"119.91","-4.79","10.16","-0.39"
"119.93","-5.06","10.63","-0.78"
"119.955419","-5.49","10.12","-0.16"
"120.005421","-5.73","10.00","0.90"
"120.045423","-3.96","11.26","-2.16"
"120.085425","-6.35","7.45","-3.30"
"120.13","-6.08","7.26","-0.71"
"120.155428","-5.84","8.90","-0.24"
"120.205430","-5.22","9.57","-0.63"
"120.24","-4.08","7.26","0.16"
"120.26","-4.67","7.85","-0.12"
"120.28","-5.61","7.14","0.59"
"120.315435","-6.39","6.83","0.75"
"120.355437","-6.35","6.75","1.22"
"120.39","-5.41","7.92","0.90"
"120.425440","-5.49","6.94","1.22"
"120.465442","-4.75","7.88","2.47"
"120.505444","-4.82","9.10","2.55"
"120.55","-6.39","8.63","1.45"
"120.57","-6.71","8.36","0.31"
"120.59","-7.88","9.14","1.57"
"120.615449","-7.45","9.92","3.53"
"120.66","-6.67","12.59","1.18"
"120.685452","-7.49","11.45","-0.27"
"120.725454","-6.43","5.37","-0.12"
"120.775456","-5.10","5.69","-0.55"
"120.81","-6.90","8.87","-0.75"
"120.83","-6.35","8.47","-0.43"
"120.86","-6.04","6.83","-0.24"
"120.885461","-5.69","6.16","-0.20"
"120.925463","-5.14","7.73","-0.51"
"120.975465","-4.08","8.43","0.08"
"121.01","-4.24","8.83","0.08"
"121.035468","-4.67","8.63","0.27"
"121.085470","-4.71","8.32","0.59"
"121.12","-4.67","8.00","0.12"
"121.145473","-5.37","9.02","0.16"
"121.195475","-4.90","9.85","-0.24"
"121.235477","-6.12","10.16","-0.27"
"121.27","-4.82","10.20","0.82"
"121.30","-6.79","11.77","-1.02"
"121.32","-6.75","10.90","-1.73"
"121.345482","-5.22","8.59","-3.33"
"121.505487","-4.20","7.22","0.16"
"121.55","-4.79","7.26","0.39"
"121.57","-5.92","6.94","0.71"
"121.59","-6.04","6.67","0.94"
"121.615492","-5.73","7.06","0.98"
"121.665494","-5.57","8.08","0.98"
"121.705496","-5.14","7.41","1.49"
"121.755498","-5.57","8.24","1.96"
"121.795500","-6.83","8.43","1.57"
"121.835502","-6.28","7.77","1.26"
"121.885504","-6.00","9.96","3.41"
"121.92","-6.59","10.79","3.02"
"121.945507","-8.04","11.85","0.31"
"121.995509","-7.41","9.18","0.55"
"122.035511","-2.59","5.37","-0.04"
"122.08","-7.45","9.81","-1.84"
"122.10","-6.71","9.26","-1.06"
"122.12","-5.41","8.28","0.08"
"122.145516","-5.53","7.06","-0.08"
"122.19","-5.53","7.30","0.16"
"122.21","-4.90","7.53","-0.08"
"122.23","-4.24","7.61","-0.12"
"122.25","-4.24","7.96","-0.12"
"122.28","-4.67","8.47","0.20"
"122.30","-4.71","8.63","0.08"
"122.32","-4.94","8.59","0.08"
"122.345525","-4.75","8.59","0.04"
"122.395527","-4.75","8.39","0.20"
"122.435529","-4.79","9.10","0.08"
"122.475531","-6.59","9.65","0.47"
"122.52","-5.26","10.00","-0.94"
"122.545534","-5.53","9.92","0.00"
"122.585536","-5.10","12.12","-0.47"
"122.63","-4.51","9.96","-3.30"
"122.655539","-5.49","8.59","-3.37"
"122.69","-6.39","6.20","-0.63"
"122.72","-5.61","8.28","-0.43"
"122.74","-5.77","10.55","-0.12"
"122.76","-5.33","10.94","-0.43"
"122.78","-4.75","9.41","-0.75"
"122.815546","-4.28","7.10","0.20"
"122.855548","-5.02","7.69","-0.04"
"122.895550","-5.84","7.22","0.67"
"122.945552","-5.06","7.41","0.55"
"122.98","-5.53","7.53","0.78"
"123.005555","-5.96","7.06","1.10"
"123.055557","-5.49","8.04","1.84"
"123.09","-5.84","7.96","1.37"
"123.11","-6.47","8.90","2.00"
"123.14","-5.37","8.90","2.12"
"123.165562","-5.26","9.26","1.41"
"123.205564","-5.49","10.04","3.26"
"123.25","-7.49","12.79","0.31"
"123.275567","-7.18","11.65","-0.04"
"123.315569","-3.65","5.77","-0.08"
"123.36","-6.71","6.32","-0.90"
"123.385572","-6.75","7.92","-1.73"
"123.425574","-6.67","8.20","-1.33"
"123.47","-4.82","6.86","0.16"
"123.49","-4.35","7.92","-0.16"
"123.51","-3.88","8.47","-0.31"
"123.535579","-3.57","8.20","-0.24"
"123.585581","-4.82","9.06","-0.75"
"123.625583","-4.55","8.20","-0.27"
"123.675585","-5.06","8.08","-0.63"
"123.715587","-5.61","9.06","-0.27"
"123.755589","-4.35","9.38","-0.59"
"123.805591","-5.84","8.24","-0.20"
"123.845593","-5.41","9.18","0.59"
"123.91","-5.02","12.20","-3.06"
"123.93","-5.41","8.98","-4.08"
"123.955598","-6.35","6.98","-2.86"
"124.005600","-5.33","6.47","0.08"
"124.045602","-4.90","10.43","-1.53"
"124.085604","-4.47","6.39","-0.35"
"124.135606","-6.47","7.49","-0.86"
"124.175608","-6.63","6.94","0.31"
"124.22","-5.37","7.73","0.20"
"124.245611","-5.81","7.34","0.16"
"124.285613","-6.00","6.63","1.14"
"124.335615","-5.61","7.96","1.33"
"124.37","-6.39","7.69","1.37"
"124.39","-5.96","7.57","1.61"
"124.42","-5.77","7.49","0.39"
"124.44","-6.63","9.26","1.33"
"124.46","-6.43","9.92","2.86"
"124.485622","-5.77","10.00","3.30"
"124.625626","-3.96","3.80","-0.24"
"124.66","-6.59","8.51","-1.10"
"124.68","-6.20","8.63","-0.51"
"124.71","-6.04","8.67","-0.51"
"124.735631","-5.57","6.90","0.12"
"124.77","-4.90","8.43","-1.02"
"124.795634","-5.65","8.98","-1.29"
"124.845636","-5.41","7.69","0.27"
"124.88","-4.08","7.37","0.16"
"124.90","-4.63","7.96","-0.04"
"124.93","-5.26","8.47","-0.35"
"124.95","-6.04","8.59","-0.27"
"124.97","-6.28","8.55","0.04"
"124.99","-5.81","8.39","0.24"
"125.025644","-5.41","8.59","0.35"
"125.06","-5.14","9.30","-0.20"
"125.08","-5.10","9.89","-0.31"
"125.10","-5.30","10.20","0.08"
"125.135649","-5.02","9.92","0.82"
"125.17","-6.20","9.81","0.39"
"125.195652","-6.51","10.71","-0.55"
"125.245654","-4.35","9.96","-3.06"
"125.28","-7.53","5.61","-0.94"
"125.30","-7.57","6.55","-0.39"
"125.33","-7.45","8.16","-0.43"
"125.35","-6.79","8.51","-0.39"
"125.375660","-5.49","8.24","-0.04"
"125.415662","-5.37","7.85","0.00"
"125.465664","-5.88","7.77","0.75"
"125.50","-6.20","6.83","1.22"
"125.52","-6.16","6.83","1.49"
"125.55","-6.20","7.37","1.02"
"125.575669","-5.81","7.14","1.26"
"125.61","-5.49","7.14","1.80"
"125.635672","-5.10","7.10","1.69"
"125.685674","-5.49","7.49","1.92"
"125.725676","-7.06","8.04","0.98"
"125.77","-6.98","8.98","1.37"
"125.795679","-6.51","9.65","2.79"
"125.835681","-7.45","10.59","2.24"
"125.88","-9.69","9.34","-0.82"
"125.90","-8.39","8.16","-0.20"
"125.92","-4.82","5.88","0.47"
"125.94","-2.35","4.71","0.47"
"125.96","-6.43","7.92","-1.33"
"125.99","-6.94","8.87","-0.94"
"126.015689","-7.14","8.43","-1.45"
"126.055691","-6.43","6.75","0.04"
"126.10","-4.94","8.08","-0.31"
"126.12","-4.67","7.81","-0.20"
"126.14","-4.75","8.16","0.08"
"126.16","-4.90","8.87","-0.04"
