NAME:,walk_5_1.csv,,
EXPERIMENT TIME:,23/05/2022 21:05,,
ACTIVITY TYPE:,Walking,,
COUNT OF ACTUAL STEPS,122,,
,,,
Time [sec],ACC X,ACC Y,ACC Z
0.011,-0.43,-2.05,-9.79
0.183,-0.61,-2.3,-9.59
0.194,-1,-2.28,-9.51
0.205,-1.38,-2.12,-9.36
0.216,-1.46,-1.89,-9.33
0.665,-1,-1.46,-9.3
0.87,-1.1,-1.23,-9.33
0.881,-0.92,-5.88,-14.01
0.891,0.89,-6.67,-11.25
0.902,5.85,-1.41,-18.94
0.913,6.19,-7.77,-17.94
1.077,2.28,-6.57,-12.01
1.088,0.51,-4.19,-7.13
1.1,-1.94,-5.39,-3.55
1.111,-3.83,-7.34,-5.62
1.122,-3.12,-2.74,-11.15
1.133,1.66,-0.59,-11.66
1.305,3.5,-0.72,-7.59
1.32,0.72,-1.41,-4.73
1.33,-0.54,-1.41,-4.88
1.341,-2.53,-1.79,-5.19
1.511,-2.99,-0.49,-7.67
1.521,-2.51,1.97,-10.12
1.531,-2.4,1.02,-10.84
1.542,-3.22,0.49,-11.5
1.552,-6.6,-3.37,-10.99
1.716,-1.58,0.43,-10.76
1.726,-2.81,-0.31,-6.93
1.736,-2.15,-0.46,-3.09
1.747,-1.1,-1.23,-1.1
1.757,-0.33,-3.76,-0.23
1.768,-1.69,-3.07,-1.25
1.779,2.15,6.67,-12.3
1.79,3.12,-1.05,-18.94
1.955,1.69,-5.8,-12.32
1.965,2.38,1.64,-15.26
1.976,1.02,-1.79,-17.13
1.987,-0.66,-8.26,-12.78
1.998,1.56,-5.96,-9.33
2.009,-0.66,-4.93,-6.08
2.02,-4.96,-5.93,-8.46
2.031,-4.17,-1.79,-10.53
2.197,1.84,-0.13,-10
2.307,3.4,-0.69,-7.87
2.341,1.18,-1.38,-3.99
2.37,-0.23,-1.02,-2.15
2.394,-2.66,-0.95,-3.02
2.408,-4.68,-0.49,-8.31
2.421,-3.58,1.74,-12.73
2.432,-2.61,0.2,-12.7
2.609,-5.75,-1.97,-11.66
2.629,-7.39,0.69,-13.83
2.64,0.64,-3.6,-17.02
2.65,1.69,-8.49,-11.48
2.661,3.45,-3.78,-9.13
2.671,6.29,-4.29,-12.5
2.682,3.5,-3.86,-15.52
2.693,-1.15,-0.49,-14.19
2.704,-2.68,-1.23,-8.41
2.714,-1.69,-1.2,-4.19
2.725,-0.49,-0.38,-2.79
2.735,0.51,-0.23,-2.2
2.746,-0.87,-1.07,-0.72
2.756,-2.66,-0.31,-5.01
2.919,0.05,1.28,-16.41
2.929,3.86,-3.09,-18.58
2.939,4.81,1.18,-14.93
2.95,6.01,-5.09,-14.83
2.96,3.4,-12.24,-12.07
2.971,2.17,-7.06,-8.46
2.982,-2.3,-7.13,-6.83
2.992,-3.4,-7.62,-9.87
3.003,-4.04,-1.99,-12.3
3.015,2.3,-1.74,-9.46
3.182,3.91,-1,-6.83
3.193,2.1,-0.46,-5.14
3.204,0.2,-1.38,-3.53
3.215,-2.68,-1.94,-1.69
3.225,-4.14,-1.79,-1.56
3.236,-2.63,0.95,-11.12
3.403,1.41,-5.78,-15.39
3.414,1.66,-8.92,-12.58
3.424,2.02,-4.4,-9.51
3.435,4.5,-4.78,-14.8
3.445,0.92,-3.94,-15.13
3.456,-2.28,-0.59,-13.32
3.466,-1.69,-1.74,-8.33
3.477,0.84,-2.1,-4.6
3.65,1.99,-0.72,-3.55
3.66,1.33,0.08,-1.15
3.67,-0.82,-0.95,-0.36
3.681,-3.68,-1.02,-2.43
3.692,-3.76,-0.1,-12.01
3.704,3.6,-1.28,-21.68
3.715,4.58,1.81,-15.95
3.87,5.34,-4.09,-15.62
3.88,5.19,-11.04,-14.62
3.891,1.1,-3.58,-9.3
3.901,-2.79,-6.98,-6.16
3.912,-4.27,-7.82,-9.69
3.922,-3.02,-1.2,-13.62
3.933,1.99,-0.2,-11.02
3.944,3.37,-0.61,-8.13
4.113,0.54,-2.17,-4.91
4.124,-0.74,-0.43,-1.76
4.134,-2.38,-1.35,-1.61
4.144,-2.28,-1.46,-3.48
4.155,-0.97,1.1,-9.82
4.167,-2.25,3.14,-14.32
4.178,-6.06,-2.33,-11.22
4.189,-9.02,0.69,-12.24
4.354,-1.15,-3.45,-17.79
4.364,2.22,-9.87,-14.75
4.374,5.67,-3.32,-10.07
4.385,5.27,-5.11,-14.19
4.397,0.31,-3.43,-15.01
4.408,-2.89,-0.05,-12.86
4.419,-2.86,-1.07,-8.38
4.43,-0.18,-1.97,-4.93
4.593,1.05,-1.07,-2.84
4.604,0.92,-0.41,-0.79
4.614,0.1,-0.89,-0.08
4.625,-1.35,-2.38,-3.48
4.636,-0.69,2.2,-15.31
4.647,2.61,-3.4,-18.97
4.658,2.02,1.84,-14.03
4.669,1.61,-1.41,-15.13
4.838,3.3,-9,-13.78
4.848,2.99,-6.88,-10.17
4.858,-0.31,-5.06,-6.39
4.87,-4.68,-8.33,-10
4.881,-4.35,-3.94,-14.72
4.892,0.69,-1.35,-11.94
4.904,5.14,-1.1,-7.31
5.068,2.61,-1.81,-4.63
5.078,0.23,-1.25,-2.43
5.089,-1.23,-1.92,-1.87
5.1,-2.45,-1.02,-4.7
5.111,-4.68,1.81,-10.23
5.122,-3.86,-0.31,-12.04
5.289,-5.75,-0.28,-11.78
5.3,-8.67,-1.2,-10.97
5.31,0.92,0.18,-15.57
5.321,-2.15,-0.56,-9.02
5.332,-2.53,-1.69,-4.35
5.343,-1.92,-0.46,-3.37
5.511,-0.2,0.15,-1.61
5.522,0.1,-1.23,-0.31
5.532,-0.92,-1.64,-0.54
5.543,-1.2,1.02,-6.75
5.555,1.66,-1.23,-16.18
5.566,3.66,-2.66,-17.43
5.577,2.79,2.22,-13.91
5.737,4.78,-5.04,-15.18
5.748,3.71,-11.55,-13.57
5.758,0.03,-5.57,-8.49
5.77,-3.04,-7.44,-6.19
5.781,-3.76,-6.42,-11.27
5.792,-2.15,-1.28,-14.06
5.803,4.83,-0.95,-11.73
5.815,2.91,-0.95,-7.21
5.978,0.1,-0.82,-4.47
5.988,-1.66,-1.2,-3.48
6.157,-2.48,-1.87,-2.05
6.168,-1.38,-1.46,-3.76
6.632,-0.51,1.18,-10.43
6.825,-2.51,2.84,-12.4
6.836,-7.98,-1.64,-8.79
7,-10.23,2.56,-12.78
7.011,1.66,-0.03,-17.82
7.021,1.97,-10,-13.75
7.032,-0.66,-5.34,-10.05
7.196,-6.7,-1.05,-10.02
7.206,-9.33,0.13,-11.35
7.216,1.28,-2.97,-19.1
7.227,-2.22,-1.81,-13.04
7.238,-2.84,-2.17,-8.36
7.249,-1.48,0.33,-5.21
7.26,-0.1,0.08,-3.58
7.423,0.43,-0.38,-1.12
7.434,-0.61,-2.1,0.23
7.444,-3.6,-2.74,-1.35
7.455,-2.35,2.58,-10.86
7.466,4.35,-2.15,-19.27
7.476,6.85,-0.89,-14.8
7.488,3.48,0.82,-15.29
7.652,3.81,-10.05,-16.74
7.663,1.3,-7.41,-10.84
7.673,-3.12,-5.34,-7.21
7.685,-4.22,-8.23,-9.23
7.696,1.76,-1.33,-5.24
7.867,-0.66,-1.69,-3.76
7.877,-2.38,-1.15,-1.69
7.888,-3.04,-1.66,-2.61
7.898,-3.58,0.51,-9.18
7.909,-2.76,3.48,-13.29
7.92,-6.26,0.33,-10.84
7.93,-9.23,-2.17,-9.41
8.097,-2.17,0.43,-14.78
8.108,2.15,-6.8,-16.46
8.119,4.06,-6.77,-10.81
8.129,6.08,-4.96,-13.93
8.14,3.68,-4.04,-18.35
8.151,-0.59,-0.33,-14.29
8.162,-2.79,-1.51,-8.69
8.174,-2.66,-1.43,-5.14
8.352,-0.97,0.43,-3.53
8.364,-0.26,0.26,-1.35
8.375,-0.13,-1.79,-0.18
8.385,-1.71,-1.46,-1.89
8.396,-0.77,1.07,-10.12
8.407,1.12,0.2,-17.56
8.418,3.91,-2.56,-15.7
8.428,3.4,3.99,-14.57
8.593,6.16,-5.52,-15.85
8.604,3.91,-9.64,-12.91
8.614,-0.18,-5.65,-7.31
8.625,-3.14,-8.41,-7.59
8.637,-4.55,-6.88,-14.14
8.648,-2.58,-0.46,-11.45
8.659,4.75,-0.97,-7.92
8.817,3.6,-0.49,-5.8
8.827,1,-0.36,-3.91
8.838,-0.87,-1.94,-3.68
8.849,-2.12,-1.61,-2.07
8.859,-1.35,-1.05,-4.73
9.025,-2.07,1.25,-11.5
9.036,-3.45,1.3,-11.68
9.047,5.98,-5.24,-15.93
9.058,1.43,-2.35,-15.62
9.068,-3.32,0.23,-10.23
9.079,-3.04,-2.3,-6.49
9.246,-0.89,-0.92,-4.19
9.256,0.49,1.35,-2.07
9.267,0.15,-1,-0.08
9.277,-0.72,-1.89,-0.03
9.288,-2.66,-0.43,-6.88
9.299,-0.56,4.98,-19.33
9.31,3.76,-2.02,-15.54
9.479,3.02,1.71,-13.57
9.489,6.01,-5.09,-17.94
9.5,4.12,-10.35,-16.13
9.511,-0.56,-4.24,-7.82
9.522,-3.89,-8.69,-5.67
9.533,-5.34,-5.29,-11.81
9.544,-2.89,-1.43,-12.12
9.555,4.09,-0.15,-10.51
9.727,4.22,-0.84,-6.03
9.738,1.07,-1.53,-3.6
9.748,-0.64,-1.05,-1.97
9.759,-2.35,-1.33,-2.61
9.77,-2.76,-0.51,-4.4
9.781,-2.02,2.05,-11.22
9.792,-2.58,2.12,-12.37
9.803,-6.37,-1.97,-9.87
9.969,-8.64,1.84,-12.22
9.98,-0.82,-3.55,-17.28
9.99,1.38,-9.13,-15.13
10.002,6.11,-3.04,-10.89
10.013,6.88,-4.4,-16.46
10.024,1.12,-2.66,-14.55
10.036,-3.22,-0.31,-10.38
10.047,-3.4,-1.56,-5.7
10.058,-0.66,-0.82,-3.48
10.22,0.46,0.05,-2.05
10.23,0.51,-1.38,-0.33
10.241,-2.35,-1.56,-0.23
10.252,-2.68,-1.12,-6.34
10.263,1.64,1.3,-19.99
10.274,3.89,-3.22,-16.03
10.286,1.25,3.48,-13.45
10.297,-1.28,-0.61,-11.63
10.464,2.79,-9.25,-13.06
10.474,3.2,-8.82,-11.02
10.485,-1.23,-4.29,-11.5
10.496,-5.7,-4.58,-13.29
10.506,-3.04,-1.02,-10.46
10.518,2.28,-0.82,-8.33
10.678,3.76,-1.1,-6.98
10.689,2.48,-1.25,-4.35
10.699,0,-1.46,-2.63
10.71,-2.51,-1.28,-3.71
10.721,-3.43,1.41,-7.72
10.732,-7.67,-0.36,-13.75
10.901,0.97,-8.84,-18.33
10.912,6.52,-4.45,-14.24
10.923,7.92,-4.98,-14.26
10.934,2.81,-4.37,-15.34
10.945,-3.91,0.79,-13.09
10.955,-4.83,-1.61,-9.07
10.966,-2.33,-1.84,-5.78
10.978,0.66,-0.54,-4.37
11.137,0.89,1.58,-0.54
11.148,-0.49,-1.58,0.36
11.158,-3.5,-2.53,-0.72
11.169,-4.29,1,-9.74
11.179,4.24,-0.69,-19.53
11.19,5.44,-1.15,-15.54
11.201,4.22,1.97,-13.73
11.369,3.58,-8.87,-14.37
11.38,2.05,-7.8,-15.36
11.391,-1.76,-5.93,-8.69
11.402,-4.01,-7.82,-6.44
11.413,-4.14,-4.78,-10.86
11.424,1.35,-1.3,-10.63
11.434,4.22,-1.02,-9.15
11.608,3.83,-2.28,-6.24
11.619,1.12,-1.53,-4.32
11.63,-4.24,-0.1,-7.64
11.64,-3.32,0.97,-12.47
11.651,-3.68,1.05,-11.84
11.662,-8.33,-1.38,-10.76
11.674,-4.91,-1.07,-14.85
11.844,0.38,-6.54,-17
12.004,1.87,-7.26,-11.81
12.484,7.59,-4.35,-12.45
12.665,-4.27,-1.28,-8.9
12.676,-8.97,0.97,-12.83
12.687,-0.64,-4.63,-16.31
12.697,0.61,-7.13,-15.01
12.864,2.91,-4.29,-10.43
12.875,7.11,-5.9,-11.91
12.886,-2.28,-2.1,-5.8
12.897,-0.2,-0.79,-3.99
12.908,0.23,-0.61,-2.38
12.918,-0.66,-0.95,-1.2
13.084,-1.2,-0.46,-4.45
13.095,-0.77,1,-12.24
13.105,2.2,-1.02,-17.15
13.116,2.43,-2.22,-14.95
13.127,4.93,-0.87,-15.62
13.138,6.08,-7.9,-20.12
13.149,2.94,-6.57,-11.61
13.319,-2.68,-4.68,-5.5
13.33,-3.83,-8.1,-4.4
13.341,-5.37,-4.42,-10.63
13.352,1.02,0.31,-12.3
13.362,5.83,-0.89,-9.02
13.373,1.99,-1.38,-4.6
13.384,-1.28,-2.05,-3.35
13.395,-2.84,-1.66,-3.78
13.56,-3.27,-0.43,-6.83
13.571,-2.33,0.79,-10.35
13.582,-1.71,-0.13,-12.14
13.593,-4.27,-1.58,-10.56
13.603,-8.1,-0.61,-11.17
13.614,-1.74,-1.92,-15.59
13.625,1.05,-5.93,-15.72
13.785,1.28,-6.49,-10.89
13.796,5.98,-5.39,-11.45
13.807,6.83,-4.12,-16.41
13.818,0.08,-0.26,-13.42
13.829,-3.17,-1.76,-8.67
13.84,-2.51,-2.33,-5.19
13.851,-0.43,0,-3.25
13.867,0.23,0.56,-1.97
13.879,0.13,-2.51,-0.64
14.048,-2.74,0.23,-3.66
14.059,-0.33,1.71,-13.62
14.07,1.92,0.59,-17.56
14.081,2.94,-3.3,-13.32
14.092,2.25,2.94,-14.34
14.103,3.12,-4.81,-15.26
14.267,-2.38,-6.65,-7.13
14.278,-3.99,-5.19,-9.92
14.289,-0.46,-0.54,-11.99
14.3,4.42,-0.31,-8.97
14.468,2.86,-1.48,-5.83
14.478,0.31,-1.58,-4.32
14.489,-7.62,-1.33,-9.51
14.501,-8.77,2.71,-12.63
14.512,1.28,-2.71,-17.15
14.675,1.02,-6.85,-15.47
14.686,4.52,-3.78,-8.38
14.697,5.73,-4.78,-15.08
14.708,1.71,-2.48,-15.67
14.719,-2.15,1.53,-12.6
14.73,-4.09,-1.3,-8.36
14.741,-2.38,-1.33,-5.14
14.908,-0.31,-0.66,-3.32
14.919,1,-0.69,-0.89
14.93,0.33,-1.2,-0.72
14.941,-0.97,0.64,-5.8
14.951,-0.84,2.48,-14.72
14.962,1.3,-1.79,-16.59
14.974,2.76,-0.79,-13.78
15.138,1.76,4.22,-14.19
15.148,3.58,-5.52,-13.39
15.159,2.84,-8.82,-13.04
15.17,0.41,-5.55,-9.18
15.181,-2.28,-7.85,-9.38
15.192,-3.66,-4.17,-11.81
15.203,-0.51,-1.38,-11.15
15.214,4.14,-1.66,-8.38
15.386,2.81,-1.64,-6.62
15.398,0.69,-0.77,-4.81
15.408,-1.15,-1.69,-4.27
15.419,-7.31,-0.56,-10.92
15.43,-9.66,1.35,-11.78
15.6,-0.61,-4.47,-16.44
15.611,3.94,-9.36,-15.8
15.621,6.98,-3.43,-9.76
15.632,6.01,-5.24,-14.44
15.643,1.23,-3.91,-14.72
15.654,-2.22,0.56,-13.65
15.666,-3.68,-1.61,-9.13
15.838,-1.28,-1.51,-5.93
15.849,0.41,-0.61,-4.19
15.86,0.26,-0.92,-2.76
15.871,0.28,-1.48,-0.51
15.882,-2.15,-1.74,-1.92
15.893,-4.27,1.76,-12.35
15.905,0.61,-0.72,-19.86
15.916,3.07,-1.33,-14.19
16.09,2.51,3.14,-14.34
16.101,3.78,-6.98,-12.86
16.112,2.48,-9.23,-12.45
16.123,-0.31,-4.68,-6.31
16.134,-2.91,-7.59,-8.46
16.146,-4.96,-5.34,-13.14
16.157,-0.41,-1.02,-12.99
16.333,3.96,-0.74,-9.25
16.344,4.19,-1.81,-6.67
16.355,1.23,-1.07,-4.37
16.365,-1.25,-1.51,-4.32
16.376,-2.79,-1.51,-2.99
16.388,-3.78,0.84,-10.53
16.399,-9.94,-3.14,-7.75
16.566,-10.02,1.89,-13.83
16.577,1.18,-4.09,-16.95
16.588,2.48,-8.67,-13.91
16.6,4.83,-4.27,-10.1
16.611,6.49,-5.52,-12.93
16.622,2.56,-3.86,-13.93
16.793,-3.02,0.05,-12.86
16.803,0.28,-1,-4.37
16.814,0.43,0.89,-0.66
16.825,-0.36,-1.69,-0.46
16.836,-1.46,-1.12,-4.42
16.848,-1.94,0.95,-16.69
16.859,4.32,-3.43,-18.53
17.035,2.79,1.35,-14.32
17.046,6.01,-3.58,-15.95
17.057,3.78,-9.79,-14.34
17.068,0.84,-5.16,-9.56
17.079,-2.66,-5.52,-4.32
17.09,-3.63,-7.21,-6.19
17.102,-4.27,-2.89,-11.43
17.114,2.74,-0.43,-11.15
17.125,5.67,-1.02,-8.03
17.3,1.38,-1.15,-4.37
17.311,-1.12,-1.99,-4.17
17.322,-1.89,-1.58,-5.16
17.332,-2.28,-0.61,-6.54
17.344,-2.38,0.08,-11.04
17.355,-2.22,0.51,-12.91
17.366,-5.6,-1.33,-10.99
17.378,-7.69,-0.23,-11.61
17.541,-0.31,-3.17,-15.9
17.551,1.1,-7.75,-13.96
17.562,3.09,-6.08,-9.28
17.574,6.67,-5.19,-12.47
17.587,4.73,-4.22,-15.39
17.604,-0.59,-0.23,-13.09
17.616,-2.91,-2.17,-8.74
17.907,-2.25,-1.89,-5.09
18.335,-0.43,-0.15,-3.81
18.36,0.28,-0.54,-1.97
18.546,3.4,-2.15,-15.82
18.562,-1.87,0.28,-11.71
18.574,-3.73,-1.79,-7.57
18.585,-2.58,-0.97,-4.17
18.597,0.03,-0.54,-3.27
18.609,0.51,-0.72,-1.84
18.62,-0.03,-1.71,-1.81
18.79,-1.07,0.79,-7
18.801,-0.05,1.74,-16.21
18.812,1.92,-2.22,-15.82
18.822,2.28,0.74,-14.32
18.833,3.86,0.79,-14.67
18.844,3.83,-7.23,-14.14
18.855,1.84,-6.21,-11.4
18.866,-0.03,-5.16,-6.54
19.032,-2.51,-7.46,-8.1
19.043,-5.34,-3.81,-11.96
19.054,0.26,-0.38,-11.78
19.065,4.98,-0.46,-8.21
19.076,3.86,-1,-6.03
19.087,1.15,-1.02,-4.09
19.259,-1.23,-1.81,-3.55
19.271,-2.79,-1.28,-4.17
19.282,-3.07,-0.33,-7.92
19.293,-9.59,1.1,-12.07
19.305,-1.89,-3.48,-16.08
19.316,1.87,-8.1,-13.96
19.488,3.4,-5.24,-9.71
19.5,5.88,-4.88,-14.75
19.511,2.76,-3.96,-16.97
19.521,-1.46,-0.51,-13.83
19.533,-2.76,-1.15,-8.15
19.544,-1.15,-1.66,-5.11
19.555,0.18,-0.36,-4.09
19.566,1.15,-1.02,-2.81
19.733,-0.1,-1.89,-0.23
19.744,-2.33,-1.97,-1.87
19.754,-2.25,3.96,-13.06
19.766,2.84,0.13,-19.25
19.778,4.7,-2.51,-14.55
19.789,3.5,3.78,-14.85
19.801,2.02,-4.35,-14.03
19.982,0.77,-8.08,-13.65
19.993,1.33,-5.37,-9.53
20.004,-2.28,-5.37,-7.46
20.015,-4.42,-5.11,-10.35
20.026,-2.3,-1.46,-10.86
20.037,0.31,-1.48,-4.01
20.049,-3.32,-1.1,-4.17
20.221,-3.22,1.48,-7.03
20.232,-3.3,2.48,-10
20.243,-4.12,0.87,-10.48
20.253,-6.29,-1.79,-9.87
20.264,-6.19,3.12,-12.76
20.276,0.72,-4.78,-16.62
20.287,3.96,-8.08,-14.16
20.299,6.03,-1.48,-11.81
20.471,4.91,-4.91,-15.54
20.482,-0.38,-2.3,-15.08
20.492,-2.74,1.48,-12.68
20.503,-3.58,-0.36,-8.95
20.514,-2.48,-0.92,-5.37
20.526,-0.46,-1.33,-0.33
20.701,-1.46,0.23,-4.17
20.712,-0.13,1.58,-14.03
20.723,3.66,-1.84,-19.07
20.734,2.81,0.03,-14.24
20.746,2.25,1.48,-12.91
20.757,3.17,-6.98,-13.7
20.769,2.81,-7.41,-13.37
20.941,-1.48,-4.91,-7.92
20.951,-4.01,-7.36,-8.54
20.962,-4.83,-3.17,-11.99
20.973,1.56,-1.2,-10.63
20.984,5.04,-0.77,-8.54
20.996,2.97,-1.46,-5.96
21.008,0.2,-1.51,-4.17
21.019,-1.25,-1.41,-4.19
21.031,-1.92,-0.79,-4.98
21.204,-2.2,0.28,-9.71
21.215,-2.48,2.3,-12.6
21.225,-3.25,1.38,-10.4
21.237,-7.18,-2.05,-9.18
21.248,-8.38,3.12,-14.01
21.26,1.02,-3.86,-16.39
21.272,1.53,-7.08,-12.09
21.284,4.52,-3.45,-9.87
21.295,4.93,-4.68,-15.93
21.47,2.15,-2.58,-16
21.481,-1.2,0.28,-11.27
21.491,-2.84,-1.84,-6.29
21.504,-2.22,-0.79,-3.68
21.515,-0.23,-0.72,-3.91
21.527,0.26,-1.2,-2.48
21.538,-0.66,-1.23,-1.23
21.55,-0.82,0.97,-6.85
21.72,0.41,1.25,-14.52
21.731,2.28,-1.61,-15.52
21.741,2.74,-1.25,-14.21
21.753,2.53,2.33,-14.21
21.765,2.86,-7.44,-11.04
21.777,2.76,-7.54,-11.73
21.955,-0.13,-5.16,-7.36
21.965,-4.93,-7.59,-7.87
21.976,-4.88,-4.98,-12.68
21.987,-1.51,-1.71,-10.97
21.998,3.27,-0.69,-9.25
22.01,3.99,-1.56,-5.8
22.022,0.74,-1.43,-4.58
22.196,-2.38,2.48,-11.25
22.207,-5.85,-1.84,-9.79
22.218,-9.25,0.77,-10.81
22.229,-1.25,-1.81,-16.56
22.24,0.87,-6.85,-16.79
22.252,5.6,-4.47,-9.36
22.263,6.52,-3.5,-12.68
22.275,2.22,-3.5,-15.52
22.442,-2.63,-0.08,-12.35
22.453,-3.32,-1.51,-9.61
22.464,-0.79,-0.74,-5.83
22.476,0.61,-0.51,-4.22
22.487,1.05,-0.95,-2.07
22.499,-0.18,-1.56,-0.69
22.511,-2.45,-1.64,-2.94
22.522,-1.07,2.3,-12.17
22.534,2.2,0.18,-17.84
22.716,2.33,-1.41,-14.49
22.727,3.3,0.82,-15.11
22.738,4.58,-6.85,-16.59
22.749,2.76,-6.9,-13.37
22.761,-1,-3.76,-6.65
22.772,-3.63,-6.93,-3.25
22.783,-5.85,-5.7,-10
22.794,-3.35,-0.43,-14.49
22.969,3.37,0.2,-10.94
22.98,5.29,-0.79,-6.67
22.992,0.43,-1.74,-4.06
23.003,-1.71,-1.92,-4.29
23.014,-2.86,-0.79,-4.52
23.026,-2.28,-0.23,-6.37
23.2,-1.64,0.61,-10.4
23.211,-1.61,0.79,-12.19
23.222,-2.45,-0.69,-15.06
23.233,1.05,-5.65,-15.95
23.244,2.43,-6.19,-11.22
23.255,6.08,-4.4,-11.25
23.266,5.19,-4.04,-16.18
23.278,0.03,-0.1,-13.73
23.289,-3.43,-1.3,-9.79
23.463,-3.02,-1.81,-6.08
23.474,-0.59,-0.15,-4.4
23.484,0.41,-0.13,-2.53
23.497,0.77,-1.94,-1.1
23.508,-0.77,-1.51,-2.22
23.695,-1.79,1.3,-11.94
24.184,1.35,0.56,-17.66
24.217,2.58,-3.5,-13.93
24.401,2.07,2.43,-13.78
24.412,0.56,-1.87,-1.71
24.423,-1.48,-1.46,-2.33
24.434,-1.84,3.14,-10.71
24.445,1.1,0.43,-17.02
24.456,2.81,-2.28,-13.78
24.624,2.56,3.07,-14.03
24.635,3.81,-2.17,-14.93
24.646,2.2,-8.69,-14.72
24.657,1.74,-5.88,-9.59
24.669,-3.48,-4.32,-5.16
24.68,-3.78,-8,-8.36
24.692,-4.86,-2.25,-13.39
24.865,1.53,-0.38,-11.22
24.876,5.52,-0.51,-8.23
24.887,2.38,-1.61,-5.01
24.899,-0.28,-1.48,-4.04
24.91,-2.35,-1.53,-4.5
24.923,-3.2,-0.49,-5.42
24.935,-1.94,0.43,-8.69
24.947,-1.18,1.23,-12.47
25.114,-3.78,0.51,-10.63
25.125,-8.69,-1.3,-8.97
25.135,-6.26,1.33,-14.9
25.147,2.22,-4.68,-18.1
25.159,1.76,-7.11,-12.78
25.171,5.11,-4.86,-8.92
25.183,7.21,-4.42,-12.93
25.194,2.74,-1.89,-13.6
25.205,-2.99,-0.08,-11.78
25.378,-3.78,-2.43,-8.69
25.389,-1.69,-1.23,-6.19
25.4,-0.18,-0.28,-4.42
25.412,0.23,-0.92,-2.22
25.424,-0.08,-0.26,-1.3
25.435,-1.3,1,-6.34
25.447,0.2,1.02,-13.78
25.459,2.07,-1.43,-15.18
25.642,3.07,-1.3,-14.19
25.653,3.6,2.3,-14.9
25.663,3.04,-6.24,-13.91
25.675,2.56,-7.26,-12.07
25.686,-4.37,-7.29,-9.25
25.864,-2.94,-1.07,-12.99
25.875,3.81,-1.2,-10.05
25.886,4.63,-1.28,-7.92
25.897,1.33,-1.84,-5.52
25.909,-2.38,1.12,-12.14
25.92,-4.6,-0.97,-10.12
26.094,-7.52,-0.56,-10.35
26.105,-6.08,1.12,-14.55
26.116,2.2,-4.12,-17.41
26.127,2.48,-7.08,-11.84
26.139,4.19,-4.17,-9.84
26.15,5.24,-5.09,-14.57
26.162,1.53,-2.74,-14.16
26.338,-1.97,-0.38,-11.32
26.349,-2.63,-1.84,-7.26
26.36,-1.18,-0.59,-4.81
26.371,-0.38,-0.54,-3.89
26.383,0.64,-1.94,-1.89
26.395,-0.31,-1.41,-1.12
26.406,-0.97,-0.13,-3.89
26.418,0.38,1.64,-13.19
26.43,1.41,-1.07,-14.9
26.614,2.45,-1.33,-15.47
26.626,2.2,3.25,-14.55
26.637,3.53,-4.7,-12.93
26.648,3.96,-8.61,-13.11
26.659,1.18,-4.12,-9.76
26.671,-1.43,-6.88,-6.72
26.683,-5.29,-8.61,-9.41
26.695,-3.07,-1.79,-13.75
26.707,2.15,-0.69,-10.33
26.88,4.93,-1.02,-7.16
26.892,1.35,-1.33,-4.88
26.902,-1.12,-1.48,-4.04
26.914,-2.68,-1.18,-4.42
26.926,-2.17,-0.66,-5.96
26.938,-1.99,1.12,-10.15
26.95,-8.46,-1.61,-9.97
27.126,-5.73,0.79,-13.93
27.138,1.58,-5.09,-17.25
27.149,1.64,-7.34,-12.93
27.16,5.34,-3.4,-8.74
27.171,6.39,-5.6,-13.78
27.183,1.61,-2.63,-14.75
27.195,-2.17,0.51,-12.68
27.206,-3.04,-1.92,-8.15
27.373,-1.33,-1.23,-5.73
27.385,-0.05,-1,-4.32
27.396,1,-1.94,-2.28
27.407,0.64,-1.87,-0.95
27.419,-0.59,-1.18,-3.02
27.431,-1.18,1.97,-10.79
27.607,3.73,-4.06,-15.62
27.618,3.6,-9.41,-14.98
27.629,1.3,-4.58,-8.97
27.641,-2.05,-5.8,-4.91
27.653,-5.21,-7.8,-8.23
27.665,-2.56,-1.58,-13.04
27.677,3.58,-0.46,-11.78
27.853,4.65,-1.56,-7.72
27.864,0.28,-1.64,-4.06
27.875,-1.74,-2.1,-3.55
27.886,-2.33,-1.12,-3.96
27.898,-1.15,-0.61,-6.01
27.909,-1.64,0.54,-10.33
27.92,-2.66,1.3,-12.55
27.932,-5.14,-0.56,-10.35
28.112,-9.89,-1.48,-9.71
28.123,-5.98,0.64,-15.67
28.134,2.38,-5.01,-16.92
28.145,1.1,-7.8,-11.89
28.157,4.32,-4.04,-8.74
28.168,5.55,-6.34,-13.73
28.18,2.15,-4.14,-14.75
28.192,-1.46,-2.2,-5.96
28.365,-0.36,-1.12,-4.29
28.376,0.77,-1.46,-2.58
28.387,-0.05,-1.12,-0.87
28.399,-1.28,-0.18,-3.35
28.411,-1.1,0.69,-10.74
28.422,1.41,-0.56,-15.31
28.434,3.71,-2.76,-15.72
28.446,2.25,3.89,-15.77
28.617,4.01,-4.68,-14.55
28.628,2.3,-8.33,-12.93
28.639,1.48,-5.5,-8.31
28.652,-0.79,-6.06,-7.23
28.663,-2.74,-8.1,-10.94
28.674,-4.06,-2.89,-12.63
28.686,1.97,-0.61,-11.4
28.698,5.44,-0.49,-7.95
28.71,2.71,-1.3,-4.96
28.888,-0.38,-1.94,-4.88
28.9,-2.53,-1.84,-4.7
28.911,-2.4,-1.07,-3.89
28.922,-1.92,1.58,-8.64
28.933,-3.2,2.33,-12.27
28.944,-4.91,0.05,-10.3
28.956,-8.82,-0.49,-10.28
28.968,-6.26,1.84,-14.52
29.136,1,-4.91,-17.77
29.147,2.45,-7.46,-15.95
29.158,5.34,-3.63,-9.02
29.169,5.42,-5.57,-13.01
29.181,1.2,-2.2,-14.34
29.192,-2.28,0.92,-11.27
29.204,-2.94,-1.84,-8.1
29.381,-1.64,-1.76,-5.7
29.392,0.89,-1.51,-0.84
29.572,-0.18,0.69,-4.29
30.041,-1.12,0.38,-13.04
30.23,-1.58,-1.71,-4.93
30.241,-0.38,-0.61,-3.4
30.252,0.61,-0.95,-2.15
30.263,-0.18,-1.53,-1.84
30.275,-0.28,-0.08,-6.14
30.286,0.23,0.43,-13.09
30.464,2.17,-0.87,-15.16
30.475,2.22,-3.53,-14.7
30.486,1.84,2.3,-15.24
30.498,4.17,-4.88,-15.57
30.51,1.87,-6.26,-12.27
30.522,2.43,-5.06,-6.7
30.534,0.31,-5.14,-5.11
30.546,-4.12,-8.51,-9.94
30.718,-5.21,-2.07,-12.99
30.729,0.43,-0.49,-11.12
30.74,5.34,0.2,-8.05
30.752,2.79,-1.05,-5.09
30.764,-2.43,1.53,-10.07
30.946,-2.86,1.74,-13.6
30.957,-4.96,-0.49,-11.25
30.967,-8.13,-0.74,-11.15
30.979,-2.99,0.41,-15.59
30.99,1.43,-7.21,-17.59
31.002,3.37,-6.9,-10.56
31.179,5.8,-4.63,-9.87
31.19,6.21,-4.73,-14.85
31.201,1.69,-0.69,-13.57
31.213,-1.74,0.2,-10.71
31.225,-3.14,-1.81,-7.31
31.237,0.26,-1.12,-1.38
31.248,-0.46,-1.94,-0.97
31.26,-1.51,1.66,-6.83
31.435,0.89,1.2,-16.41
31.446,2.07,-2.97,-15.93
31.457,1.48,2.33,-15.36
31.469,2.2,0.87,-14.55
31.48,3.86,-7.75,-16.85
31.492,2.3,-6.98,-11.27
31.504,-0.2,-5.65,-7.26
31.516,-3.43,-7.39,-9.71
31.528,-4.52,-1.92,-12.6
31.698,1.79,-0.87,-9.61
31.709,4.55,-1.18,-7.59
31.72,2.74,-1.69,-5.32
31.732,0.1,-0.97,-3.43
31.744,-1.71,-1.74,-3.4
31.756,-3.02,-1.1,-5.96
31.768,-2.71,1.43,-10.3
31.78,-2.91,1.48,-12.19
31.952,-4.19,0.49,-10.02
31.963,-8.54,-0.23,-10.17
31.974,-5.98,2.91,-16.21
31.985,4.83,-6.01,-16.67
31.997,2.58,-7.46,-11.2
32.008,6.67,-1.81,-9.92
32.02,4.04,-4.83,-15.31
32.196,-3.02,-1.71,-8.08
32.208,-1.12,-1.05,-4.78
32.219,0.36,-0.72,-3.48
32.232,0.56,-0.61,-1.61
32.243,-0.18,-0.56,-1.53
32.255,-2.25,0.59,-5.44
32.266,-1.61,0.03,-13.11
32.278,1.74,-2.74,-15.75
32.454,4.78,0.64,-15.82
32.465,2.1,4.35,-14.83
32.476,1.79,-5.44,-11.81
32.487,3.2,-7.98,-13.14
32.499,1.69,-5.83,-8.31
32.51,-1.23,-5.98,-8.38
32.522,-4.75,-6.03,-11.22
32.534,-2.61,-1.41,-12.93
32.546,3.81,-1.66,-9.23
32.725,5.14,-0.74,-7.26
32.736,2.2,-0.41,-4.32
32.748,-1,-2.05,-3.45
32.76,-2.86,-1.87,-4.09
32.771,-2.28,-0.43,-6.34
32.784,-1.23,2.15,-11.55
32.796,-2.66,1.1,-13.16
32.808,-7.39,-2.38,-10.33
32.819,-10.48,2.15,-12.47
32.996,2.99,-6.21,-9.13
33.008,5.29,-4.52,-11.17
33.019,3.66,-4.4,-16.16
33.031,-1.25,-0.89,-4.01
33.219,-1.71,-0.23,-2.28
33.23,0.28,-1.15,-1.18
33.241,-0.59,-1.53,-2.25
33.253,-2.58,1.2,-9.66
33.264,-0.54,0.89,-17.77
33.444,3.07,-8.61,-14.6
33.455,3.09,-8.28,-12.14
33.466,-0.82,-4.5,-7.34
33.478,-3.86,-8.36,-9.59
33.489,-4.96,-4.22,-13.57
33.501,0.59,-1.46,-11.48
33.513,5.47,-0.1,-9.48
33.525,3.43,-1.71,-5.98
33.709,0.46,-1.61,-4.09
33.72,-1.3,-1.12,-3.53
33.731,-2.97,-1.38,-2.97
33.743,-1.71,-0.54,-7.11
33.755,-1.76,2.1,-11.71
33.767,-3.78,0.92,-11.91
33.779,-7.82,-1.38,-9.64
33.791,-10.28,3.6,-14.49
33.971,0.23,-3.07,-16.67
33.983,3.55,-8.72,-12.53
33.994,4.7,-3.89,-9.38
34.005,6.83,-2.2,-13.45
34.017,1.15,-6.44,-16.31
34.028,-1.97,-0.41,-16.82
34.04,-2.51,0.15,-12.3
34.052,-0.95,-2.43,-6.8
34.063,0.15,-2.48,-4.93
34.241,0.54,-0.89,-2.94
34.253,0.03,-0.95,-0.2
34.264,-1.64,-1.76,0
34.276,-3.48,0.33,-3.3
34.287,-0.1,1.94,-14.75
34.299,3.4,-1.05,-17.87
34.311,3.35,1.1,-14.6
34.323,3.83,0.59,-14.52
34.335,4.88,-10.56,-14.44
34.512,1.1,-5.88,-12.58
34.524,-1.41,-5.85,-6.26
34.535,-2.66,-8.1,-7.87
34.547,-4.55,-4.35,-13.55
34.559,1.51,-2.94,-11.04
34.571,5.14,-0.66,-8.69
34.583,3.3,-0.87,-5.65
34.755,-3.4,-1.79,-4.5
34.766,-2.1,-0.05,-7.06
34.777,-2.3,2.4,-10.94
34.788,-3.35,0.87,-12.35
34.8,-7.26,-1.61,-10.38
34.811,-11.2,0.92,-12.24
34.987,-2.48,-0.97,-19.33
34.998,3.04,-7.8,-17
35.01,3.96,-5.37,-15.03
35.021,-1.79,-1.51,-12.76
35.033,-3.68,-0.69,-10.66
35.044,-2.12,-1.76,-7.59
35.056,0.31,-1.43,-4.83
35.068,-0.26,-1.97,-2.48
35.249,-0.15,-1.3,-0.59
35.26,-1.12,-1.1,-2.38
35.438,-0.69,0.72,-9.74
35.449,1.2,0.05,-16.18
35.954,2.48,-3.09,-12.45
35.98,2.89,0.84,-13.47
36.173,3.66,0,-14.65
36.185,3.71,-8.95,-14.7
36.196,-0.28,2.45,-16.03
36.207,3.12,-1.74,-16.54
36.219,2.91,0.23,-13.39
36.23,0.66,2.56,-14.55
36.242,2.1,-5.7,-13.06
36.413,2.81,-9.13,-13.42
36.425,0.31,-5.24,-8.59
36.436,-0.97,-7.18,-9
36.448,-3.53,-3.91,-12.58
36.46,-1.58,-1.97,-10.81
36.472,3.96,-1.18,-8.97
36.484,3.78,-1.25,-6.6
36.497,0.87,-0.77,-3.6
36.682,-1.2,-1.12,-3.66
36.693,-2.68,-1.46,-3.5
36.704,-1.97,-1.61,-5.44
36.716,-1.56,1.48,-10.79
36.727,-1.84,1.99,-13.42
36.739,-5.6,-1.69,-10.48
36.929,1.87,-7.8,-10.15
36.94,4.75,-4.6,-12.09
36.951,5.57,-5.34,-16.21
36.963,0.26,-1.25,-14.09
36.975,-2.81,-0.82,-10.1
36.987,-2.84,-2.1,-6.19
37,-0.82,-1.53,-4.81
37.177,0.43,-0.87,-3.45
37.188,1.15,-1.48,-1.74
37.199,0.05,-0.95,-2.17
37.21,2.22,-1.64,-14.98
37.222,3.22,1.05,-15.29
37.233,4.96,-7.54,-14.11
37.246,3.2,-6.65,-11.63
37.427,0.89,-5.09,-6.77
37.438,-2.17,-7.82,-6.08
37.449,-5.32,-6.11,-11.4
37.461,-1.15,-2.05,-11.99
37.473,5.21,-1.05,-9.15
37.485,4.86,-1.12,-5.9
37.496,1.05,-1.79,-3.5
37.509,-1.46,-1.97,-3.91
37.688,-3.04,-1.53,-4.09
37.7,-2.74,-1.07,-7.13
37.711,-2.45,1.97,-12.42
37.723,-3.55,1.38,-11.76
37.735,-6.93,-2.2,-9.64
37.747,-7.8,0.41,-12.4
37.759,0.79,-4.17,-16.77
37.771,1.94,-8.13,-14.75
37.951,4.47,-4.78,-9.84
37.962,6.24,-5.83,-13.22
37.974,2.68,-4.01,-14.49
37.985,-2.05,-0.23,-12.37
37.997,-3.48,-1.74,-8.79
38.008,-1.81,-1.02,-5.75
38.02,-0.28,-0.74,-4.22
38.031,-0.49,-0.87,-1.43
38.044,-0.03,-2.05,-0.64
38.056,-0.82,-1.3,-2.91
38.239,-0.03,2.71,-12.68
38.25,1.74,-0.33,-18.66
38.262,1.69,-4.22,-14.85
38.273,0.49,3.32,-14.83
38.285,3.22,-2.35,-14.72
38.296,3.04,-8.72,-12.4
38.309,1.58,-5.01,-9.38
38.32,-0.38,-6.7,-6.9
38.5,-4.35,-7.64,-10.05
38.511,-3.37,-3.02,-12.42
38.523,2.79,-2.17,-9.89
38.534,4.98,-0.72,-7.87
38.546,2.53,-0.77,-5.09
38.725,-0.66,-1.56,-3.81
38.736,-3.27,-2.17,-3.68
38.747,-10.1,-1.81,-9.71
38.759,-4.7,0.1,-15.9
38.771,1.56,-6.11,-16.08
38.783,1.89,-8.15,-11.81
38.794,5.37,-3.14,-10.35
38.807,5.37,-5.55,-14.78
38.986,-0.08,-2.33,-13.39
38.997,-3.53,-1.12,-11.48
39.009,-2.02,-2.25,-8.1
39.02,0.41,-1.2,-5.11
39.032,1.56,-0.79,-3.66
39.044,1.84,-0.69,-1.66
39.056,0.03,-0.82,-1.38
39.068,-1.79,-0.59,-3.96
39.08,-4.14,0.56,-14.24
39.092,0.82,-0.95,-18.76
39.274,3.78,-0.49,-14.72
39.285,2.12,3.78,-14.55
39.297,2.38,-5.16,-13.06
39.309,3.83,-7.82,-13.27
39.321,0.77,-4.37,-7.92
39.333,-1.74,-8.15,-7.62
39.345,-4.32,-5.27,-11.84
39.358,-0.2,-1.23,-11.86
39.37,3.45,-0.49,-9.13
39.55,3.94,-1.1,-6.31
39.561,0.89,-1.28,-4.24
39.572,-1.38,-1.64,-3.63
39.584,-3.3,-1.84,-4.17
39.596,-2.66,-0.82,-7.52
39.608,-1.92,1.51,-11.96
39.62,-3.43,2.2,-12.37
39.632,-7.23,-2.61,-9.56
39.816,-9.53,0.1,-12.47
39.827,-0.03,-1.64,-17.15
39.839,6.42,-4.98,-12.35
39.851,4.63,-3.78,-15.72
39.863,-1.18,0.15,-12.99
39.875,-2.84,-1.18,-9.36
39.887,-2.56,-1.33,-4.98
39.9,-1.35,-0.15,-3.09
40.08,-0.03,-0.72,-1.71
40.092,-0.49,-2.07,-0.66
40.103,-1.84,-1.23,-2.89
40.115,0.26,2.79,-13.8
40.126,2.25,0.33,-18
40.138,3.02,-2.81,-13.8
40.151,1.53,3.83,-14.21
40.163,2.76,-3.25,-14.7
40.175,2.35,-8.67,-12.99
40.375,0.46,-4.93,-8.97
40.386,-1.66,-6.19,-6.24
40.397,-4.7,-6.21,-10.99
40.409,-3.09,-1.92,-13.16
40.42,3.04,-0.54,-10.1
40.432,4.19,-1,-7.16
40.614,1.3,-1.25,-4.55
40.625,-2.35,1.56,-12.65
40.637,-5.27,-0.64,-10
40.648,-10.07,-1.18,-9.48
40.66,-2.38,-1.23,-15.64
40.672,2.12,-6.83,-15.67
40.683,3.4,-6.31,-10.35
40.695,5.14,-4.29,-12.81
40.878,5.09,-4.06,-16.54
40.889,0.2,-0.38,-13.52
40.901,-3.12,-1.97,-9.23
40.912,-2.38,-1.48,-5.73
40.924,-0.49,-0.56,-4.14
40.936,0.2,-0.82,-1.69
41.114,-0.18,-0.72,-0.87
41.125,-0.84,-1.28,-1.38
41.136,-1.33,1.23,-8.05
41.317,-0.13,-0.03,-16.26
41.734,2.07,-2.71,-15.49
41.759,3.07,2.12,-15.36
41.773,5.8,-2.3,-16.05
41.947,0.64,-0.72,-1.87
41.959,-0.69,-1.71,-1.18
41.971,-2.63,-0.33,-5.42
41.982,0.18,1.33,-14.83
41.993,2.74,-1.41,-15.54
42.005,2.97,0.26,-13.7
42.177,1.69,0.87,-15.26
42.188,3.89,-7.49,-15.49
42.2,1.2,-6.39,-10.76
42.212,-0.79,-5.16,-6.19
42.224,-3.32,-8.15,-8.72
42.237,-5.06,-3.5,-13.78
42.417,-0.97,-1.64,-13.6
42.428,3.96,-0.46,-9.41
42.44,3.27,-1.38,-6.7
42.452,0.51,-1.35,-4.45
42.464,-1.64,-1.2,-3.55
42.476,-3.14,-1.33,-3.45
42.66,-10.17,-0.61,-9.25
42.671,-5.09,2.43,-15.24
42.682,2.33,-6.06,-16.26
42.695,2.28,-6.57,-12.07
42.707,4.6,-4.12,-9.59
42.719,3.73,-5.83,-15.03
42.731,0.92,-1.61,-15.64
42.743,-2.4,0.03,-11.94
42.755,-2.35,-1.84,-7.54
42.936,-1.05,-1.23,-5.29
42.947,-0.08,-1.05,-3.71
42.959,-0.18,-1.05,-1.53
42.971,-0.69,-1.35,-1.53
42.982,-1.07,0.56,-5.85
42.994,-0.43,0.61,-13.06
43.006,2.12,-1.99,-15.03
43.018,3.73,-1.15,-14.52
43.03,2.76,3.3,-15.13
43.216,2.99,-6.9,-11.91
43.228,1.76,-6.98,-12.81
43.239,1.18,-5.65,-9.02
43.251,-1.84,-7.16,-7.54
43.263,-5.11,-6.65,-10.56
43.275,-1.53,-2.56,-10.84
43.287,3.66,0.69,-10.86
43.299,5.14,-1.18,-7.41
43.312,1.99,-1.58,-5.29
43.324,-1.15,-2.02,-4.01
43.514,-3.27,-1.48,-4.01
43.526,-2.68,-0.77,-5.57
43.537,-1.38,0.23,-9.28
43.549,-1.18,0.89,-12.24
43.561,-3.17,0.1,-11.04
43.572,-7,-1.81,-9.2
43.585,2.22,-7.62,-13.78
43.761,3.14,-4.32,-10.38
43.772,5.7,-5.57,-14.26
43.784,3.22,-4.91,-15.49
43.796,-0.49,0.15,-13.7
43.808,-2.33,-0.97,-9.59
43.82,-1.94,-1.92,-6.31
43.832,-0.59,-1.23,-4.96
43.844,-0.61,-0.56,-2.61
44.025,0.61,-1.35,-1.38
44.037,-0.08,-1.07,-1.46
44.049,-1.58,0.43,-5.06
44.06,-1.66,0.79,-15.16
44.072,2.51,-1.99,-16.28
44.085,2.99,2.17,-14.88
44.097,3.12,1.71,-14.44
44.109,3.53,-6.44,-14.01
44.296,1.81,-6.29,-12.68
44.308,0.26,-5.04,-8.13
44.319,-1.02,-1.99,-9.51
44.332,3.73,-0.56,-9.46
44.344,3.6,-1.76,-6.85
44.356,0.82,-1.25,-4.86
44.369,-1.64,-1.48,-4.32
44.381,-3.2,-1.25,-3.86
44.393,-2.45,-0.41,-6.9
44.575,-2.28,2.02,-11.12
44.586,-2.02,1.23,-12.58
44.597,-4.5,-0.33,-10.17
44.61,-9.74,-1,-9.13
44.622,-4.7,1.1,-15.11
44.634,2.35,-4.93,-16
44.646,1.84,-7.16,-12.22
44.659,4.12,-3.91,-8.82
44.671,5.39,-4.55,-13.34
44.854,1.33,-3.5,-15.64
44.866,-1.92,-0.43,-13.32
44.877,-2.61,-1.2,-8.69
44.89,-1.15,-1.02,-5.5
44.902,-0.28,-1.74,-0.54
44.914,-1.92,-1.25,-4.19
44.926,0.08,1.3,-13.65
44.938,2.51,-0.26,-16.39
45.124,3.25,-4.45,-13.09
45.136,2.2,3.3,-13.88
45.148,3.66,-3.35,-14.95
45.16,3.2,-10,-13.6
45.172,2.28,-6.88,-9.84
45.185,-0.61,-5.21,-6.62
45.197,-3.02,-7.8,-8.03
45.21,-4.29,-4.09,-12.24
45.222,1.66,-1.66,-10.35
45.406,4.98,-0.82,-8.49
45.418,3.04,-1.53,-5.96
45.429,0.33,-1.15,-3.4
45.441,-2.76,-1.89,-3.32
45.453,-4.88,-1.84,-4.7
45.464,-2.63,0.1,-8.87
45.477,-0.87,1.46,-11.96
45.489,-0.26,0.56,-12.45
45.502,-4.55,-1.66,-10.15
45.514,-9.41,0.18,-10.25
45.7,-3.25,-2.05,-15.77
45.711,0.46,-5.7,-14.32
45.723,1.66,-6.9,-11.2
45.735,4.58,-4.24,-11.91
45.746,3.83,-5.34,-14.47
45.759,0.13,-0.33,-12.7
45.771,-2.58,-1.3,-10.12
45.783,-2.43,-2.33,-6.95
45.795,-0.97,-1.12,-5.42
45.973,-0.15,-0.79,-3.78
45.985,0.18,-0.95,-2.4
45.997,0.26,-1.1,-2.4
46.009,-1.81,-0.77,-5.42
46.021,-1.28,2.84,-14.06
46.033,3.37,-1.76,-15.01
46.045,4.06,-1.02,-13.73
46.226,1.66,4.42,-14.9
46.237,3.73,-4.35,-16.74
46.249,1.3,-7.95,-13.62
46.261,0.61,-4.4,-8.46
46.273,-1.33,-6.54,-6.03
46.285,4.42,-1.1,-7.36
46.297,0.66,-1.23,-4.65
46.31,-1.43,-1.41,-4.01
46.496,-3.17,-1.46,-3.73
46.508,-2.28,-0.74,-5.29
46.519,-1.76,1.33,-10.79
46.532,-1.76,1.48,-13.01
46.544,-3.58,0.31,-10.4
46.556,-8,-1.81,-9
46.569,-6.34,-0.33,-13.24
46.582,1,-4.98,-17.92
46.594,2.53,-7.77,-13.62
46.606,5.67,-4.45,-10.28
46.788,6.39,-5.19,-14.21
46.799,1.66,-1.1,-13.19
46.811,-2.84,-0.28,-10.92
46.823,-2.97,-2.68,-7.9
46.835,-1.41,-1.23,-5.47
46.848,0.31,-0.18,-3.68
46.86,0.74,-0.23,-1.87
46.872,0.54,-1.41,-1.1
46.884,-1.58,-1.58,-3.14
47.192,-2.12,1.61,-13.5
47.613,1.46,-1.69,-16.23
47.846,2.89,-1.05,-13.88
47.859,1.33,4.22,-14.6
47.87,3.43,-6.08,-13.52
47.882,810.56,-2.07,-16.82
47.897,0.77,-1.53,-2.71
48.085,0.1,-2.05,-0.84
48.097,2.74,-6.16,-10.38
48.108,0.18,-6.24,-6.88
48.12,-2.91,-8.97,-7.11
48.132,-3.71,-3.76,-12.22
48.143,1.64,-2.07,-9.76
48.326,4.7,-0.89,-9.18
48.337,2.48,-1.87,-6.67
48.348,0.03,-1.38,-4.83
48.36,-2.02,-1.28,-4.63
48.372,-3.35,-1.2,-4.37
48.384,-1.94,-0.72,-5.09
48.396,-2.61,1.66,-10.89
48.408,-3.14,1.64,-12.24
48.598,-5.44,-0.82,-9.82
48.61,-9.94,0.41,-9.66
48.621,-2.1,-0.72,-15.67
48.633,2.3,-5.73,-17.13
48.646,3.6,-3.83,-15.85
48.837,-2.68,-1.56,-7.13
48.849,-0.69,-0.92,-5.39
48.86,0.28,-1.15,-3.2
48.872,0.43,-0.33,-0.79
48.884,-0.46,-1.15,-2.17
48.896,-1.69,1.53,-7.9
48.91,-0.26,1.15,-15.11
48.922,2.74,-2.05,-14.24
49.104,1.76,2.94,-13.6
49.116,1.56,2.45,-14.01
49.128,2.17,-5.6,-17.94
49.14,1.69,-6.62,-13.06
49.152,-0.05,-5.34,-7.69
49.165,-2.33,-6.72,-9.36
49.177,-3.73,-3.4,-12.53
49.19,0.72,-1.46,-10.63
49.202,4.52,-0.89,-8.9
49.385,2.79,-1.74,-6.26
49.396,0.23,-1.23,-4.45
49.408,-2.86,-2.1,-4.96
49.42,-3.63,-1.18,-5.29
49.431,-2.56,0.89,-8.03
49.444,-1.94,2.33,-11.04
49.456,-2.74,1.35,-10.84
49.468,-6.88,-1.81,-9.33
49.481,-10.3,1.69,-11.55
49.661,-1.89,0.56,-16.74
49.673,2.86,-5.83,-16.26
49.684,2.94,-5.27,-10.28
49.697,4.7,-4.24,-10.97
49.709,2.99,-3.35,-15.03
49.721,-1.15,-0.03,-13.19
49.9,-3.81,-0.95,-9.94
49.912,0.41,-0.59,-1.71
49.923,-0.56,-0.92,-3.89
49.936,-1.69,1.2,-9.41
49.948,-0.15,0.56,-13.6
49.96,3.14,-2.84,-13.96
49.972,2.38,3.5,-14.29
49.985,1.38,3.89,-15.52
49.998,1.61,-4.58,-17.28
50.173,1.81,-6.49,-11.63
50.184,0.79,-3.78,-5.65
50.196,-1.12,-5.73,-5.7
50.208,-3.78,-6.47,-9.18
50.22,-1.66,-0.64,-13.24
50.233,2.99,-0.28,-10.48
50.245,3.07,-1.15,-6.16
50.258,-0.23,-1.05,-4.4
50.27,-2.66,-1.28,-4.96
50.456,-3.58,-0.97,-5.62
50.468,-1.66,0.15,-7.13
50.48,-0.84,1.71,-9.84
50.491,-1.94,1.89,-11.55
50.504,-4.91,-0.54,-9.94
50.516,-9.02,-1.12,-9
50.528,-3.83,1.74,-15.01
50.54,1.1,-5.9,-18.51
50.553,2.33,-7.57,-10.84
50.738,6.16,-2.99,-10.63
50.75,4.83,-3.53,-16.18
50.762,-0.36,-1.07,-13.62
50.774,-3.68,-0.92,-9.84
50.787,-2.76,-2.05,-6.67
50.798,-1.18,-0.1,-4.68
50.811,-0.05,-0.72,-3.3
50.823,0.38,-0.84,-1.64
50.836,-0.72,-0.41,-2.66
50.849,-1.48,0.66,-8.74
51.04,0.05,0.46,-14.83
51.051,2.99,-2.68,-14.39
51.063,2.33,4.24,-14.57
51.075,2.4,-0.2,-13.37
51.087,2.51,-7.13,-14.26
51.099,2.48,-5.6,-12.88
51.112,-0.13,-4.09,-7.39
51.124,-3.35,-7.57,-7.54
51.309,-5.39,-4.12,-11.81
51.32,1.41,-0.77,-11.76
51.332,-3.81,-0.38,-5.47
51.345,-1.94,0.59,-7.41
51.357,-1.64,1.56,-10.43
51.369,-2.25,1.89,-11.4
51.381,-5.52,-1.15,-10.48
51.566,-9.25,1.3,-10.58
51.577,-1.89,-2.4,-16.33
51.589,1.2,-6.34,-17.36
51.602,4.58,-4.7,-9.33
51.614,-4.01,-1.64,-9.82
51.796,-2.2,-1.41,-6.54
51.808,-0.1,-0.61,-4.65
51.82,0.18,-0.33,-2.25
51.833,0.18,-0.43,-0.77
51.844,-1.35,-1.41,-3.25
51.857,-1.84,1.84,-9.84
51.87,0.13,0.59,-14.88
51.882,2.81,-2.35,-13.42
52.062,3.17,2.12,-14.24
52.073,2.91,1.15,-14.98
52.085,2.63,-9.2,-15.08
52.097,2.43,-6.52,-13.09
52.109,0.66,-5.09,-7.75
52.121,-3.32,-6.85,-7.39
52.133,-6.6,-6.16,-10.84
52.145,0.38,-1.64,-13.32
52.157,4.35,-0.2,-9.23
52.347,4.09,-0.84,-6.37
52.359,0.31,-1.71,-3.48
52.371,-2.33,-2.28,-3.68
52.383,-3.2,-1.41,-4.98
52.395,-2.17,0.64,-8.33
52.407,-1.84,1.76,-11.86
52.419,-2.76,1.02,-11.3
52.61,-6.77,-2.66,-9.51
52.622,-11.22,1.25,-11.2
52.634,-0.38,-1.07,-17.23
52.645,5.9,-3.63,-10.58
52.657,5.01,-3.27,-17.18
52.669,-1.41,-0.31,-13.93
52.681,-3.99,-1,-10
52.694,-3.09,-1.66,-6.88
52.707,-0.84,-0.72,-4.73
53.014,0.51,-1,-3.53
53.434,0.51,-1.58,-0.56
53.45,-0.92,-1.46,-0.97
53.464,0,-1.33,-7.11
53.641,1.35,-1.41,-13.73
53.652,-2.94,-1.1,-10.07
53.664,-3.07,-2.35,-6.98
53.676,-0.69,-1.12,-5.24
53.861,0.2,-0.43,-3.86
53.873,1.12,-0.79,-2.61
53.885,-2.02,0.43,-10.23
53.898,0.54,-0.38,-14.29
53.91,3.45,-1.97,-14.52
53.922,2.2,4.45,-14.7
53.934,4.17,-3.83,-14.62
54.122,2.71,-7.06,-13.39
54.133,0.69,-5.01,-7.95
54.145,-2.02,-7.44,-7.08
54.158,-4.42,-6.16,-12.22
54.17,-0.79,-2.07,-13.14
54.182,4.4,-0.15,-9.61
54.194,3.78,-1.15,-6.57
54.207,0.56,-1.3,-4.58
54.22,-1.58,-1.61,-4.52
54.399,-2.61,-1.02,-3.99
54.411,-1.97,-0.28,-6.42
54.423,-2.07,1.61,-10.74
54.436,-1.71,1.25,-12.17
54.448,-5.01,-0.59,-9.84
54.461,-10.61,-0.61,-9.59
54.473,-3.99,1.46,-15.95
54.485,2.74,-4.01,-16.05
54.498,1.28,-6.42,-12.81
54.688,4.45,-4.01,-8.69
54.7,5.88,-4.88,-14.78
54.712,1.2,-1.41,-15.11
54.723,-3.07,-0.23,-11.66
54.736,-3.37,-2.12,-7.31
54.748,-1.12,-0.69,-5.24
54.76,0.15,-0.46,-3.81
54.773,1.02,-0.69,-2.63
54.786,0.23,-1.23,-2.05
54.798,-2.17,-0.15,-5.44
54.983,-2.05,0.61,-13.37
54.995,2.02,-0.54,-15.41
55.006,2.68,0.05,-14.57
55.018,1.99,2.86,-14.78
55.03,3.35,-5.16,-15.08
55.044,2.99,-6.47,-12.68
55.056,0.89,-4.19,-6.57
55.069,-1.81,-7.08,-6.19
55.253,-4.96,-6.24,-10.61
55.264,3.66,-1.15,-6.39
55.277,0.59,-1.81,-4.75
55.289,-1.51,-1.89,-4.27
55.302,-2.68,-1.38,-4.32
55.314,-1.74,0.26,-7.46
55.508,-2.43,2.07,-11.07
55.521,-3.55,0.74,-11.55
55.533,2.12,-6.8,-17
55.546,2.38,-7.52,-11.04
55.559,4.91,-5.6,-11.55
55.571,6.72,-3.94,-15.13
55.584,2.33,-0.23,-12.22
55.597,-3.35,-1.2,-9.2
55.788,-2.71,-2.84,-6.88
55.799,-1.58,-0.28,-4.91
55.811,0.31,-0.13,-3.55
55.824,0.41,-1.02,-2.07
55.836,-0.28,-0.31,-3.35
55.848,-1.2,0.95,-9.41
55.861,-0.1,0.82,-14.93
56.058,2.4,-2.89,-14.7
56.07,2.15,3.6,-14.72
56.083,3.66,-2.4,-12.96
56.095,2.35,-1.92,-5.55
56.291,0.2,-1.2,-4.32
56.303,-1.02,-0.89,-4.45
56.315,-2.71,-1.38,-4.81
56.327,-2.1,0.18,-7.8
56.34,-2.58,2.33,-11.12
56.353,-3.58,2.4,-11.2
56.365,-7.82,-2.1,-9
56.377,-8.59,2.48,-14.06
56.39,1.23,-2.05,-17.64
56.582,1.74,-8.79,-15.18
56.594,3.37,-3.76,-8.41
56.605,4.7,-4.78,-14.6
56.619,2.79,-2.53,-16.23
56.631,-1.84,0.46,-11.99
56.643,-2.76,-1.51,-8.69
56.655,-1.76,-1.23,-6.06
56.854,0.08,-1.61,-0.82
56.866,-2.02,-0.51,-2.4
56.878,-2.1,2.17,-11.55
56.89,0.28,0.36,-15.75
56.902,3.12,-1.97,-14.19
56.914,2.61,3.94,-14.39
56.927,4.17,-2.74,-14.42
56.94,3.91,-8.31,-15.06
56.953,1.28,-5.14,-10.4
57.135,-2.53,-6.26,-6.6
57.147,-4.55,-7.11,-11.12
57.159,-1.69,-1.66,-12.27
57.171,3.81,-0.79,-9.97
57.183,3.96,-1.3,-7.59
57.196,1,-1.53,-4.7
57.209,-0.89,-1.81,-3.73
57.221,-2.07,-1.87,-4.65
57.234,-2.38,0.31,-7.75
57.247,-3.5,2.35,-10.81
57.436,-3.96,-0.1,-10.58
57.448,-4.06,1.76,-10.61
57.46,-7.18,-1.05,-9.53
57.472,-6.42,-0.41,-14.44
57.484,1.69,-5.21,-18.38
57.497,3.68,-7.16,-12.86
57.509,5.75,-4.45,-9.13
57.522,4.78,-4.78,-13.85
57.535,-0.2,-1.74,-14.09
57.727,-2.97,0.15,-11.35
57.739,-1.87,-2.3,-8.18
57.752,-0.92,-1.1,-4.96
57.764,-0.26,-0.38,-2.53
57.776,0.74,-0.89,-0.89
57.788,-0.61,-1.66,-2.05
57.969,-1.2,0.36,-8.49
57.981,2.07,-6.7,-11.5
57.993,0.89,-4.14,-6.88
58.006,-1.23,-6.44,-7.13
58.019,-4.68,-6.19,-11.76
58.031,-0.87,-1.07,-13.06
58.044,3.66,-0.23,-10.1
58.057,2.66,-1.43,-5.75
58.24,-0.49,-1.69,-3.83
58.252,-2.12,-1.76,-3.63
58.265,-2.68,-1.23,-4.63
58.278,-1.48,-0.28,-8.36
58.29,-1.28,2.2,-12.04
58.303,-1.64,0.28,-11.73
58.316,-4.19,0.41,-9.66
58.328,-9.87,-0.89,-9.53
58.341,-4.37,-1.2,-15.34
58.532,1.1,-5.78,-18.12
58.544,3.78,-5.9,-11.22
58.556,7.46,-4.45,-13.04
58.569,5.57,-2.35,-15.52
58.581,-1.58,-0.18,-12.24
58.594,-4.17,-2.07,-9.25
58.607,-2.86,-1.79,-6.52
58.913,-0.89,-0.13,-4.73
59.282,0.28,-0.79,-2.99
59.311,0.49,-1.56,-1.48
59.33,0.43,1.43,-16.16
59.515,5.88,-3.04,-15.18
59.527,1.07,-0.79,-12.19
59.539,-3.68,-1.23,-8.92
59.551,-3.53,-2.28,-7.23
59.563,-0.95,-0.26,-5.09
59.576,0.74,-0.51,-3.48
59.589,1.41,-0.61,-2.51
59.779,0.41,-1.56,-3.22
59.792,-1.23,-2.15,-4.86
59.805,-1.53,1.02,-13.32
59.817,1.51,-0.64,-13.62
59.829,2.84,-1.3,-12.86
59.842,2.71,3.32,-14.62
59.854,3.09,-5.19,-13.83
59.867,2.45,-7.54,-13.27
60.055,0.89,-5.42,-7.52
60.067,-2.76,-6.14,-5.93
60.079,-4.47,-6.8,-12.09
60.091,-0.54,-0.59,-13.24
60.103,3.37,-0.82,-10.84
60.115,3.37,-1.61,-6.6
60.311,-0.08,-1.94,-4.65
60.323,-2.02,-1.81,-4.58
60.335,-2.12,1.92,-11.22
60.347,-4.12,0.51,-9.13
60.359,-7.52,-1.41,-8.13
60.372,-6.75,0,-14.29
60.384,1.56,-3.45,-20.07
60.397,3.14,-6.77,-12.91
60.41,6.08,-5.67,-11.35
60.594,6.52,-2.33,-13.88
60.607,-1.71,-2.2,-11.45
60.618,-4.65,-3.25,-9.64
60.63,-1.64,-1.97,-8.23
60.642,0.18,-0.26,-6.9
60.655,0.31,-0.33,-5.83
60.667,-0.33,-0.51,-4.7
60.679,-1.64,-1.12,-4.83
60.691,-2.48,-0.31,-6.72
60.704,-1.97,0.92,-8.23
60.892,-0.13,1.15,-9.59
60.905,2.4,-4.98,-9.25
60.917,2.05,3.66,-12.27
60.929,-4.01,-7.67,-11.3
60.941,2.99,-3.48,-11.22
60.953,4.96,-3.91,-8.92
61.152,1.38,-4.04,-9.07
61.165,-0.38,-4.04,-7.9
61.177,-1.15,-2.53,-7.54
61.19,-1.33,-1.3,-8.13
61.202,-0.2,-1.33,-8.61
61.215,0.54,-2.28,-9.15
61.229,-0.33,-3.58,-9.46
61.244,-1.99,-4.35,-9.71
61.436,-1.69,-3.17,-10.51
61.449,0.18,-2.22,-10.38
